mtllib out.mtl
g colour0
usemtl colour0
v -22.945312 -30.947266 0.000000
v -22.945312 -30.947266 5.000000
v -22.945312 -31.642578 5.000000
v -22.945312 -31.642578 0.000000
vn 1.000000 0.000000 0.000000
vn 1.000000 0.000000 0.000000
vn 1.000000 0.000000 0.000000
vn 1.000000 0.000000 0.000000
vt 0.000000 0.000000
vt 0.000000 -5.000000
vt 0.695312 -5.000000
vt 0.695312 0.000000
f 4/4/4 1/1/1 2/2/2
f 4/4/4 2/2/2 3/3/3
v -22.945312 -31.642578 0.000000
v -22.945312 -31.642578 5.000000
v -22.947266 -31.656250 5.000000
v -22.953125 -31.666016 5.000000
v -22.962891 -31.671875 5.000000
v -22.976562 -31.673828 5.000000
v -22.976562 -31.673828 0.000000
v -22.947266 -31.656250 0.000000
v -22.953125 -31.666016 0.000000
v -22.962891 -31.671875 0.000000
v -22.953125 -31.666016 2.500000
vn 1.000000 0.000000 -0.000000
vn 1.000000 0.000000 -0.000000
vn 0.948683 -0.316228 0.000000
vn 0.707107 -0.707107 0.000000
vn 0.316228 -0.948683 0.000000
vn 0.000000 -1.000000 0.000000
vn 0.000000 -1.000000 0.000000
vn 0.948683 -0.316228 0.000000
vn 0.707107 -0.707107 0.000000
vn 0.316228 -0.948683 0.000000
vn 0.707107 -0.707107 0.000000
vt 0.000000 0.000000
vt 0.000000 -5.000000
vt 0.250000 -5.000000
vt 0.500000 -5.000000
vt 0.750000 -5.000000
vt 1.000000 -5.000000
vt 1.000000 0.000000
vt 0.250000 0.000000
vt 0.500000 0.000000
vt 0.750000 0.000000
vt 0.500000 -2.500000
f 15/15/15 5/5/5 6/6/6
f 15/15/15 6/6/6 7/7/7
f 15/15/15 7/7/7 8/8/8
f 15/15/15 8/8/8 9/9/9
f 15/15/15 9/9/9 10/10/10
f 15/15/15 10/10/10 11/11/11
f 15/15/15 12/12/12 5/5/5
f 15/15/15 13/13/13 12/12/12
f 15/15/15 14/14/14 13/13/13
f 15/15/15 11/11/11 14/14/14
v -22.976562 -31.673828 0.000000
v -22.976562 -31.673828 5.000000
v -26.167969 -31.673828 5.000000
v -26.167969 -31.673828 0.000000
vn 0.000000 -1.000000 0.000000
vn 0.000000 -1.000000 0.000000
vn 0.000000 -1.000000 0.000000
vn 0.000000 -1.000000 0.000000
vt 0.000000 0.000000
vt 0.000000 -5.000000
vt 3.191406 -5.000000
vt 3.191406 0.000000
f 19/19/19 16/16/16 17/17/17
f 19/19/19 17/17/17 18/18/18
v -26.167969 -31.673828 0.000000
v -26.167969 -31.673828 5.000000
v -26.188477 -31.667969 5.000000
v -26.195312 -31.650391 5.000000
v -26.195312 -31.650391 0.000000
v -26.188477 -31.667969 0.000000
v -26.188477 -31.667969 2.500000
vn 0.000000 -1.000000 0.000000
vn 0.000000 -1.000000 0.000000
vn -0.650791 -0.759257 0.000000
vn -1.000000 0.000000 0.000000
vn -1.000000 0.000000 0.000000
vn -0.650791 -0.759257 0.000000
vn -0.650791 -0.759257 0.000000
vt 0.000000 0.000000
vt 0.000000 -5.000000
vt 0.500000 -5.000000
vt 1.000000 -5.000000
vt 1.000000 0.000000
vt 0.500000 0.000000
vt 0.500000 -2.500000
f 26/26/26 20/20/20 21/21/21
f 26/26/26 21/21/21 22/22/22
f 26/26/26 22/22/22 23/23/23
f 26/26/26 23/23/23 24/24/24
f 26/26/26 25/25/25 20/20/20
f 26/26/26 24/24/24 25/25/25
v -26.195312 -31.650391 0.000000
v -26.195312 -31.650391 5.000000
v -26.195312 -26.416016 5.000000
v -26.195312 -26.416016 0.000000
vn -1.000000 0.000000 0.000000
vn -1.000000 0.000000 0.000000
vn -1.000000 0.000000 0.000000
vn -1.000000 0.000000 0.000000
vt 0.000000 0.000000
vt 0.000000 -5.000000
vt 5.234375 -5.000000
vt 5.234375 0.000000
f 30/30/30 27/27/27 28/28/28
f 30/30/30 28/28/28 29/29/29
v -26.195312 -26.416016 0.000000
v -26.195312 -26.416016 5.000000
v -26.186523 -26.398438 5.000000
v -26.175537 -26.394043 5.000000
v -26.160156 -26.392578 5.000000
v -26.160156 -26.392578 0.000000
v -26.186523 -26.398438 0.000000
v -26.175537 -26.394043 0.000000
v -26.186523 -26.398438 2.500000
vn -1.000000 0.000000 0.000000
vn -1.000000 0.000000 0.000000
vn -0.554700 0.832050 0.000000
vn -0.216930 0.976187 0.000000
vn 0.000000 1.000000 0.000000
vn 0.000000 1.000000 0.000000
vn -0.554700 0.832050 0.000000
vn -0.216930 0.976187 0.000000
vn -0.554700 0.832050 0.000000
vt 0.000000 0.000000
vt 0.000000 -5.000000
vt 0.500000 -5.000000
vt 0.750000 -5.000000
vt 1.000000 -5.000000
vt 1.000000 0.000000
vt 0.500000 0.000000
vt 0.750000 0.000000
vt 0.500000 -2.500000
f 39/39/39 31/31/31 32/32/32
f 39/39/39 32/32/32 33/33/33
f 39/39/39 33/33/33 34/34/34
f 39/39/39 34/34/34 35/35/35
f 39/39/39 35/35/35 36/36/36
f 39/39/39 37/37/37 31/31/31
f 39/39/39 38/38/38 37/37/37
f 39/39/39 36/36/36 38/38/38
v -26.160156 -26.392578 0.000000
v -26.160156 -26.392578 5.000000
v -25.464844 -26.392578 5.000000
v -25.464844 -26.392578 0.000000
vn -0.000000 1.000000 0.000000
vn -0.000000 1.000000 0.000000
vn -0.000000 1.000000 0.000000
vn -0.000000 1.000000 0.000000
vt 0.000000 0.000000
vt 0.000000 -5.000000
vt 0.695312 -5.000000
vt 0.695312 0.000000
f 43/43/43 40/40/40 41/41/41
f 43/43/43 41/41/41 42/42/42
v -25.464844 -26.392578 0.000000
v -25.464844 -26.392578 5.000000
v -25.447266 -26.398438 5.000000
v -25.441406 -26.416016 5.000000
v -25.441406 -26.416016 0.000000
v -25.447266 -26.398438 0.000000
v -25.447266 -26.398438 2.500000
vn 0.000000 1.000000 0.000000
vn 0.000000 1.000000 0.000000
vn 0.707107 0.707107 -0.000000
vn 1.000000 0.000000 -0.000000
vn 1.000000 0.000000 -0.000000
vn 0.707107 0.707107 -0.000000
vn 0.707107 0.707107 -0.000000
vt 0.000000 0.000000
vt 0.000000 -5.000000
vt 0.500000 -5.000000
vt 1.000000 -5.000000
vt 1.000000 0.000000
vt 0.500000 0.000000
vt 0.500000 -2.500000
f 50/50/50 44/44/44 45/45/45
f 50/50/50 45/45/45 46/46/46
f 50/50/50 46/46/46 47/47/47
f 50/50/50 47/47/47 48/48/48
f 50/50/50 49/49/49 44/44/44
f 50/50/50 48/48/48 49/49/49
v -25.441406 -26.416016 0.000000
v -25.441406 -26.416016 5.000000
v -25.441406 -30.919922 5.000000
v -25.441406 -30.919922 0.000000
vn 1.000000 0.000000 0.000000
vn 1.000000 0.000000 0.000000
vn 1.000000 0.000000 0.000000
vn 1.000000 0.000000 0.000000
vt 0.000000 0.000000
vt 0.000000 -5.000000
vt 4.503906 -5.000000
vt 4.503906 0.000000
f 54/54/54 51/51/51 52/52/52
f 54/54/54 52/52/52 53/53/53
v -25.441406 -30.919922 0.000000
v -25.441406 -30.919922 5.000000
v -22.968750 -30.919922 5.000000
v -22.968750 -30.919922 0.000000
vn -0.000000 1.000000 0.000000
vn -0.000000 1.000000 0.000000
vn -0.000000 1.000000 0.000000
vn -0.000000 1.000000 0.000000
vt 0.000000 0.000000
vt 0.000000 -5.000000
vt 2.472656 -5.000000
vt 2.472656 0.000000
f 58/58/58 55/55/55 56/56/56
f 58/58/58 56/56/56 57/57/57
v -22.968750 -30.919922 0.000000
v -22.968750 -30.919922 5.000000
v -22.951172 -30.926758 5.000000
v -22.945312 -30.947266 5.000000
v -22.945312 -30.947266 0.000000
v -22.951172 -30.926758 0.000000
v -22.951172 -30.926758 2.500000
vn 0.000000 1.000000 0.000000
vn 0.000000 1.000000 0.000000
vn 0.759257 0.650791 -0.000000
vn 1.000000 0.000000 -0.000000
vn 1.000000 0.000000 -0.000000
vn 0.759257 0.650791 -0.000000
vn 0.759257 0.650791 -0.000000
vt 0.000000 0.000000
vt 0.000000 -5.000000
vt 0.500000 -5.000000
vt 1.000000 -5.000000
vt 1.000000 0.000000
vt 0.500000 0.000000
vt 0.500000 -2.500000
f 65/65/65 59/59/59 60/60/60
f 65/65/65 60/60/60 61/61/61
f 65/65/65 61/61/61 62/62/62
f 65/65/65 62/62/62 63/63/63
f 65/65/65 64/64/64 59/59/59
f 65/65/65 63/63/63 64/64/64
v -22.968750 -30.919922 0.000000
v -22.951172 -30.926758 0.000000
v -22.945312 -30.947266 0.000000
v -25.441406 -30.919922 0.000000
v -25.441406 -26.416016 0.000000
v -25.464844 -26.392578 0.000000
v -25.447266 -26.398438 0.000000
v -26.160156 -26.392578 0.000000
v -26.195312 -26.416016 0.000000
v -26.186523 -26.398438 0.000000
v -26.175537 -26.394043 0.000000
v -26.195312 -31.650391 0.000000
v -26.167969 -31.673828 0.000000
v -26.188477 -31.667969 0.000000
v -22.976562 -31.673828 0.000000
v -22.945312 -31.642578 0.000000
v -22.947266 -31.656250 0.000000
v -22.953125 -31.666016 0.000000
v -22.962891 -31.671875 0.000000
vn -0.000000 -0.000000 -1.000000
vn -0.000000 -0.000000 -1.000000
vn -0.000000 -0.000000 -1.000000
vn -0.000000 -0.000000 -1.000000
vn -0.000000 -0.000000 -1.000000
vn -0.000000 -0.000000 -1.000000
vn -0.000000 -0.000000 -1.000000
vn -0.000000 -0.000000 -1.000000
vn -0.000000 -0.000000 -1.000000
vn -0.000000 -0.000000 -1.000000
vn -0.000000 -0.000000 -1.000000
vn -0.000000 -0.000000 -1.000000
vn -0.000000 -0.000000 -1.000000
vn -0.000000 -0.000000 -1.000000
vn -0.000000 -0.000000 -1.000000
vn -0.000000 -0.000000 -1.000000
vn -0.000000 -0.000000 -1.000000
vn -0.000000 -0.000000 -1.000000
vn -0.000000 -0.000000 -1.000000
vt 3.785156 0.753906
vt 3.802734 0.747070
vt 3.808594 0.726562
vt 1.312500 0.753906
vt 1.312500 5.257812
vt 1.289062 5.281250
vt 1.306641 5.275391
vt 0.593750 5.281250
vt 0.558594 5.257812
vt 0.567383 5.275391
vt 0.578369 5.279785
vt 0.558594 0.023438
vt 0.585938 0.000000
vt 0.565430 0.005859
vt 3.777344 0.000000
vt 3.808594 0.031250
vt 3.806641 0.017578
vt 3.800781 0.007812
vt 3.791016 0.001953
f 78/78/78 79/79/79 77/77/77
f 69/69/69 78/78/78 77/77/77
f 80/80/80 78/78/78 69/69/69
f 82/82/82 83/83/83 84/84/84
f 81/81/81 84/84/84 80/80/80
f 81/81/81 82/82/82 84/84/84
f 68/68/68 81/81/81 80/80/80
f 66/66/66 80/80/80 69/69/69
f 66/66/66 68/68/68 80/80/80
f 67/67/67 68/68/68 66/66/66
f 74/74/74 69/69/69 77/77/77
f 76/76/76 74/74/74 75/75/75
f 73/73/73 74/74/74 76/76/76
f 70/70/70 69/69/69 74/74/74
f 70/70/70 74/74/74 73/73/73
f 71/71/71 70/70/70 73/73/73
f 72/72/72 70/70/70 71/71/71
v -22.968750 -30.919922 5.000000
v -22.951172 -30.926758 5.000000
v -22.945312 -30.947266 5.000000
v -25.441406 -30.919922 5.000000
v -25.441406 -26.416016 5.000000
v -25.464844 -26.392578 5.000000
v -25.447266 -26.398438 5.000000
v -26.160156 -26.392578 5.000000
v -26.195312 -26.416016 5.000000
v -26.186523 -26.398438 5.000000
v -26.175537 -26.394043 5.000000
v -26.195312 -31.650391 5.000000
v -26.167969 -31.673828 5.000000
v -26.188477 -31.667969 5.000000
v -22.976562 -31.673828 5.000000
v -22.945312 -31.642578 5.000000
v -22.947266 -31.656250 5.000000
v -22.953125 -31.666016 5.000000
v -22.962891 -31.671875 5.000000
vn 0.000000 0.000000 1.000000
vn 0.000000 0.000000 1.000000
vn 0.000000 0.000000 1.000000
vn 0.000000 0.000000 1.000000
vn 0.000000 0.000000 1.000000
vn 0.000000 0.000000 1.000000
vn 0.000000 0.000000 1.000000
vn 0.000000 0.000000 1.000000
vn 0.000000 0.000000 1.000000
vn 0.000000 0.000000 1.000000
vn 0.000000 0.000000 1.000000
vn 0.000000 0.000000 1.000000
vn 0.000000 0.000000 1.000000
vn 0.000000 0.000000 1.000000
vn 0.000000 0.000000 1.000000
vn 0.000000 0.000000 1.000000
vn 0.000000 0.000000 1.000000
vn 0.000000 0.000000 1.000000
vn 0.000000 0.000000 1.000000
vt 3.785156 0.753906
vt 3.802734 0.747070
vt 3.808594 0.726562
vt 1.312500 0.753906
vt 1.312500 5.257812
vt 1.289062 5.281250
vt 1.306641 5.275391
vt 0.593750 5.281250
vt 0.558594 5.257812
vt 0.567383 5.275391
vt 0.578369 5.279785
vt 0.558594 0.023438
vt 0.585938 0.000000
vt 0.565430 0.005859
vt 3.777344 0.000000
vt 3.808594 0.031250
vt 3.806641 0.017578
vt 3.800781 0.007812
vt 3.791016 0.001953
f 97/97/97 96/96/96 98/98/98
f 88/88/88 96/96/96 97/97/97
f 99/99/99 88/88/88 97/97/97
f 101/101/101 103/103/103 102/102/102
f 100/100/100 99/99/99 103/103/103
f 100/100/100 103/103/103 101/101/101
f 87/87/87 99/99/99 100/100/100
f 85/85/85 88/88/88 99/99/99
f 85/85/85 99/99/99 87/87/87
f 86/86/86 85/85/85 87/87/87
f 93/93/93 96/96/96 88/88/88
f 95/95/95 94/94/94 93/93/93
f 92/92/92 95/95/95 93/93/93
f 89/89/89 93/93/93 88/88/88
f 89/89/89 92/92/92 93/93/93
f 90/90/90 92/92/92 89/89/89
f 91/91/91 90/90/90 89/89/89
v -18.906250 -29.041016 0.000000
v -18.906250 -29.041016 5.000000
v -18.808594 -29.281033 5.000000
v -18.750000 -29.547960 5.000000
v -18.730469 -29.841797 5.000000
v -18.730469 -29.841797 0.000000
v -18.808594 -29.281033 0.000000
v -18.750000 -29.547960 0.000000
v -18.774414 -29.411133 2.500000
vn 0.888218 0.459423 -0.000000
vn 0.888218 0.459423 -0.000000
vn 0.955637 0.294546 -0.000000
vn 0.990434 0.137986 -0.000000
vn 1.000000 0.000000 -0.000000
vn 1.000000 0.000000 -0.000000
vn 0.955637 0.294546 -0.000000
vn 0.990434 0.137986 -0.000000
vn 0.976744 0.214407 -0.000000
vt 0.000000 0.000000
vt 0.000000 -5.000000
vt 0.333333 -5.000000
vt 0.666667 -5.000000
vt 1.000000 -5.000000
vt 1.000000 0.000000
vt 0.333333 0.000000
vt 0.666667 0.000000
vt 0.500000 -2.500000
f 112/112/112 104/104/104 105/105/105
f 112/112/112 105/105/105 106/106/106
f 112/112/112 106/106/106 107/107/107
f 112/112/112 107/107/107 108/108/108
f 112/112/112 108/108/108 109/109/109
f 112/112/112 110/110/110 104/104/104
f 112/112/112 111/111/111 110/110/110
f 112/112/112 109/109/109 111/111/111
v -18.730469 -29.841797 0.000000
v -18.730469 -29.841797 5.000000
v -18.755371 -30.172852 5.000000
v -18.830078 -30.494141 5.000000
v -18.830078 -30.494141 0.000000
v -18.755371 -30.172852 0.000000
v -18.755371 -30.172852 2.500000
vn 1.000000 0.000000 -0.000000
vn 1.000000 0.000000 -0.000000
vn 0.988542 -0.150945 0.000000
vn 0.953849 -0.300286 0.000000
vn 0.953849 -0.300286 0.000000
vn 0.988542 -0.150945 0.000000
vn 0.988542 -0.150945 0.000000
vt 0.000000 0.000000
vt 0.000000 -5.000000
vt 0.500000 -5.000000
vt 1.000000 -5.000000
vt 1.000000 0.000000
vt 0.500000 0.000000
vt 0.500000 -2.500000
f 119/119/119 113/113/113 114/114/114
f 119/119/119 114/114/114 115/115/115
f 119/119/119 115/115/115 116/116/116
f 119/119/119 116/116/116 117/117/117
f 119/119/119 118/118/118 113/113/113
f 119/119/119 117/117/117 118/118/118
v -18.830078 -30.494141 0.000000
v -18.830078 -30.494141 5.000000
v -18.936752 -30.758415 5.000000
v -19.021839 -30.906347 5.000000
v -19.121094 -31.041016 5.000000
v -19.121094 -31.041016 0.000000
v -18.936752 -30.758415 0.000000
v -19.021839 -30.906347 0.000000
v -18.952637 -30.789062 2.500000
vn 0.953849 -0.300286 0.000000
vn 0.953849 -0.300286 0.000000
vn 0.892750 -0.450553 0.000000
vn 0.837561 -0.546344 0.000000
vn 0.769289 -0.638901 0.000000
vn 0.769289 -0.638901 0.000000
vn 0.892750 -0.450553 0.000000
vn 0.837561 -0.546344 0.000000
vn 0.882789 -0.469770 0.000000
vt 0.000000 0.000000
vt 0.000000 -5.000000
vt 0.444444 -5.000000
vt 0.722222 -5.000000
vt 1.000000 -5.000000
vt 1.000000 0.000000
vt 0.444444 0.000000
vt 0.722222 0.000000
vt 0.500000 -2.500000
f 128/128/128 120/120/120 121/121/121
f 128/128/128 121/121/121 122/122/122
f 128/128/128 122/122/122 123/123/123
f 128/128/128 123/123/123 124/124/124
f 128/128/128 124/124/124 125/125/125
f 128/128/128 126/126/126 120/120/120
f 128/128/128 127/127/127 126/126/126
f 128/128/128 125/125/125 127/127/127
v -19.121094 -31.041016 0.000000
v -19.121094 -31.041016 5.000000
v -19.324707 -31.260254 5.000000
v -19.552734 -31.441406 5.000000
v -19.552734 -31.441406 0.000000
v -19.324707 -31.260254 0.000000
v -19.324707 -31.260254 2.500000
vn 0.779620 -0.626252 0.000000
vn 0.779620 -0.626252 0.000000
vn 0.680069 -0.733148 0.000000
vn 0.559357 -0.828927 0.000000
vn 0.559357 -0.828927 0.000000
vn 0.680069 -0.733148 0.000000
vn 0.680069 -0.733148 0.000000
vt 0.000000 0.000000
vt 0.000000 -5.000000
vt 0.500000 -5.000000
vt 1.000000 -5.000000
vt 1.000000 0.000000
vt 0.500000 0.000000
vt 0.500000 -2.500000
f 135/135/135 129/129/129 130/130/130
f 135/135/135 130/130/130 131/131/131
f 135/135/135 131/131/131 132/132/132
f 135/135/135 132/132/132 133/133/133
f 135/135/135 134/134/134 129/129/129
f 135/135/135 133/133/133 134/134/134
v -19.552734 -31.441406 0.000000
v -19.552734 -31.441406 5.000000
v -19.800781 -31.583008 5.000000
v -20.064453 -31.683594 5.000000
v -20.064453 -31.683594 0.000000
v -19.800781 -31.583008 0.000000
v -19.800781 -31.583008 2.500000
vn 0.559357 -0.828927 0.000000
vn 0.559357 -0.828927 0.000000
vn 0.427790 -0.903878 0.000000
vn 0.282913 -0.959145 0.000000
vn 0.282913 -0.959145 0.000000
vn 0.427790 -0.903878 0.000000
vn 0.427790 -0.903878 0.000000
vt 0.000000 0.000000
vt 0.000000 -5.000000
vt 0.500000 -5.000000
vt 1.000000 -5.000000
vt 1.000000 0.000000
vt 0.500000 0.000000
vt 0.500000 -2.500000
f 142/142/142 136/136/136 137/137/137
f 142/142/142 137/137/137 138/138/138
f 142/142/142 138/138/138 139/139/139
f 142/142/142 139/139/139 140/140/140
f 142/142/142 141/141/141 136/136/136
f 142/142/142 140/140/140 141/141/141
v -20.064453 -31.683594 0.000000
v -20.064453 -31.683594 5.000000
v -20.338379 -31.743652 5.000000
v -20.617188 -31.763672 5.000000
v -20.617188 -31.763672 0.000000
v -20.338379 -31.743652 0.000000
v -20.338379 -31.743652 2.500000
vn 0.282913 -0.959145 0.000000
vn 0.282913 -0.959145 0.000000
vn 0.143379 -0.989668 0.000000
vn 0.000000 -1.000000 0.000000
vn 0.000000 -1.000000 0.000000
vn 0.143379 -0.989668 0.000000
vn 0.143379 -0.989668 0.000000
vt 0.000000 0.000000
vt 0.000000 -5.000000
vt 0.500000 -5.000000
vt 1.000000 -5.000000
vt 1.000000 0.000000
vt 0.500000 0.000000
vt 0.500000 -2.500000
f 149/149/149 143/143/143 144/144/144
f 149/149/149 144/144/144 145/145/145
f 149/149/149 145/145/145 146/146/146
f 149/149/149 146/146/146 147/147/147
f 149/149/149 148/148/148 143/143/143
f 149/149/149 147/147/147 148/148/148
v -20.617188 -31.763672 0.000000
v -20.617188 -31.763672 5.000000
v -20.921875 -31.739258 5.000000
v -21.242188 -31.666016 5.000000
v -21.242188 -31.666016 0.000000
v -20.921875 -31.739258 0.000000
v -20.921875 -31.739258 2.500000
vn 0.000000 -1.000000 0.000000
vn 0.000000 -1.000000 0.000000
vn -0.154377 -0.988012 0.000000
vn -0.285254 -0.958452 0.000000
vn -0.285254 -0.958452 0.000000
vn -0.154377 -0.988012 0.000000
vn -0.154377 -0.988012 0.000000
vt 0.000000 0.000000
vt 0.000000 -5.000000
vt 0.500000 -5.000000
vt 1.000000 -5.000000
vt 1.000000 0.000000
vt 0.500000 0.000000
vt 0.500000 -2.500000
f 156/156/156 150/150/150 151/151/151
f 156/156/156 151/151/151 152/152/152
f 156/156/156 152/152/152 153/153/153
f 156/156/156 153/153/153 154/154/154
f 156/156/156 155/155/155 150/150/150
f 156/156/156 154/154/154 155/155/155
v -21.242188 -31.666016 0.000000
v -21.242188 -31.666016 5.000000
v -21.450195 -31.585449 5.000000
v -21.652344 -31.468750 5.000000
v -21.652344 -31.468750 0.000000
v -21.450195 -31.585449 0.000000
v -21.450195 -31.585449 2.500000
vn -0.284088 -0.958798 0.000000
vn -0.284088 -0.958798 0.000000
vn -0.433428 -0.901188 0.000000
vn -0.560309 -0.828283 0.000000
vn -0.560309 -0.828283 0.000000
vn -0.433428 -0.901188 0.000000
vn -0.433428 -0.901188 0.000000
vt 0.000000 0.000000
vt 0.000000 -5.000000
vt 0.500000 -5.000000
vt 1.000000 -5.000000
vt 1.000000 0.000000
vt 0.500000 0.000000
vt 0.500000 -2.500000
f 163/163/163 157/157/157 158/158/158
f 163/163/163 158/158/158 159/159/159
f 163/163/163 159/159/159 160/160/160
f 163/163/163 160/160/160 161/161/161
f 163/163/163 162/162/162 157/157/157
f 163/163/163 161/161/161 162/162/162
v -21.652344 -31.468750 0.000000
v -21.652344 -31.468750 5.000000
v -22.003906 -31.166016 5.000000
v -22.003906 -31.166016 0.000000
v -21.839844 -31.325684 2.500000
vn -0.560309 -0.828283 0.000000
vn -0.560309 -0.828283 0.000000
vn -0.740719 -0.671815 0.000000
vn -0.740719 -0.671815 0.000000
vn -0.652523 -0.757769 0.000000
vt 0.000000 0.000000
vt 0.000000 -5.000000
vt 1.000000 -5.000000
vt 1.000000 0.000000
vt 0.500000 -2.500000
f 168/168/168 164/164/164 165/165/165
f 168/168/168 165/165/165 166/166/166
f 168/168/168 166/166/166 167/167/167
f 168/168/168 167/167/167 164/164/164
v -22.003906 -31.166016 0.000000
v -22.003906 -31.166016 5.000000
v -22.267578 -30.791016 5.000000
v -22.267578 -30.791016 0.000000
v -22.145996 -30.988281 2.500000
vn -0.740719 -0.671815 0.000000
vn -0.740719 -0.671815 0.000000
vn -0.880738 -0.473604 0.000000
vn -0.880738 -0.473604 0.000000
vn -0.818029 -0.575177 0.000000
vt 0.000000 0.000000
vt 0.000000 -5.000000
vt 1.000000 -5.000000
vt 1.000000 0.000000
vt 0.500000 -2.500000
f 173/173/173 169/169/169 170/170/170
f 173/173/173 170/170/170 171/171/171
f 173/173/173 171/171/171 172/172/172
f 173/173/173 172/172/172 169/169/169
v -22.267578 -30.791016 0.000000
v -22.267578 -30.791016 5.000000
v -22.362793 -30.580078 5.000000
v -22.425781 -30.361328 5.000000
v -22.425781 -30.361328 0.000000
v -22.362793 -30.580078 0.000000
v -22.362793 -30.580078 2.500000
vn -0.880738 -0.473604 0.000000
vn -0.880738 -0.473604 0.000000
vn -0.938416 -0.345508 0.000000
vn -0.978550 -0.206010 0.000000
vn -0.978550 -0.206010 0.000000
vn -0.938416 -0.345508 0.000000
vn -0.938416 -0.345508 0.000000
vt 0.000000 0.000000
vt 0.000000 -5.000000
vt 0.500000 -5.000000
vt 1.000000 -5.000000
vt 1.000000 0.000000
vt 0.500000 0.000000
vt 0.500000 -2.500000
f 180/180/180 174/174/174 175/175/175
f 180/180/180 175/175/175 176/176/176
f 180/180/180 176/176/176 177/177/177
f 180/180/180 177/177/177 178/178/178
f 180/180/180 179/179/179 174/174/174
f 180/180/180 178/178/178 179/179/179
v -22.425781 -30.361328 0.000000
v -22.425781 -30.361328 5.000000
v -22.464844 -29.931641 5.000000
v -22.464844 -29.931641 0.000000
v -22.455078 -30.164062 2.500000
vn -0.977176 -0.212430 0.000000
vn -0.977176 -0.212430 0.000000
vn -1.000000 -0.000000 0.000000
vn -1.000000 -0.000000 0.000000
vn -0.995893 -0.090536 0.000000
vt 0.000000 0.000000
vt 0.000000 -5.000000
vt 1.000000 -5.000000
vt 1.000000 0.000000
vt 0.500000 -2.500000
f 185/185/185 181/181/181 182/182/182
f 185/185/185 182/182/182 183/183/183
f 185/185/185 183/183/183 184/184/184
f 185/185/185 184/184/184 181/181/181
v -22.464844 -29.931641 0.000000
v -22.464844 -29.931641 5.000000
v -22.441624 -29.619141 5.000000
v -22.371962 -29.322266 5.000000
v -22.255859 -29.041016 5.000000
v -22.255859 -29.041016 0.000000
v -22.441624 -29.619141 0.000000
v -22.371962 -29.322266 0.000000
v -22.412598 -29.468750 2.500000
vn -1.000000 0.000000 0.000000
vn -1.000000 0.000000 0.000000
vn -0.988582 0.150681 0.000000
vn -0.952058 0.305917 0.000000
vn -0.891007 0.453989 0.000000
vn -0.891007 0.453989 0.000000
vn -0.988582 0.150681 0.000000
vn -0.952058 0.305917 0.000000
vn -0.973557 0.228444 0.000000
vt 0.000000 0.000000
vt 0.000000 -5.000000
vt 0.333333 -5.000000
vt 0.666667 -5.000000
vt 1.000000 -5.000000
vt 1.000000 0.000000
vt 0.333333 0.000000
vt 0.666667 0.000000
vt 0.500000 -2.500000
f 194/194/194 186/186/186 187/187/187
f 194/194/194 187/187/187 188/188/188
f 194/194/194 188/188/188 189/189/189
f 194/194/194 189/189/189 190/190/190
f 194/194/194 190/190/190 191/191/191
f 194/194/194 192/192/192 186/186/186
f 194/194/194 193/193/193 192/192/192
f 194/194/194 191/191/191 193/193/193
v -22.255859 -29.041016 0.000000
v -22.255859 -29.041016 5.000000
v -22.093750 -28.783203 5.000000
v -21.886068 -28.556641 5.000000
v -21.632812 -28.361328 5.000000
v -21.632812 -28.361328 0.000000
v -22.093750 -28.783203 0.000000
v -21.886068 -28.556641 0.000000
v -21.995605 -28.666016 2.500000
vn -0.891007 0.453989 0.000000
vn -0.891007 0.453989 0.000000
vn -0.794843 0.606815 0.000000
vn -0.675158 0.737673 0.000000
vn -0.545544 0.838082 0.000000
vn -0.545544 0.838082 0.000000
vn -0.794843 0.606815 0.000000
vn -0.675158 0.737673 0.000000
vn -0.737154 0.675725 0.000000
vt 0.000000 0.000000
vt 0.000000 -5.000000
vt 0.333333 -5.000000
vt 0.666667 -5.000000
vt 1.000000 -5.000000
vt 1.000000 0.000000
vt 0.333333 0.000000
vt 0.666667 0.000000
vt 0.500000 -2.500000
f 203/203/203 195/195/195 196/196/196
f 203/203/203 196/196/196 197/197/197
f 203/203/203 197/197/197 198/198/198
f 203/203/203 198/198/198 199/199/199
f 203/203/203 199/199/199 200/200/200
f 203/203/203 201/201/201 195/195/195
f 203/203/203 202/202/202 201/201/201
f 203/203/203 200/200/200 202/202/202
v -21.632812 -28.361328 0.000000
v -21.632812 -28.361328 5.000000
v -21.302734 -28.197266 5.000000
v -21.302734 -28.197266 0.000000
v -21.472168 -28.271484 2.500000
vn -0.529999 0.847998 0.000000
vn -0.529999 0.847998 0.000000
vn -0.356868 0.934155 0.000000
vn -0.356868 0.934155 0.000000
vn -0.445093 0.895484 0.000000
vt 0.000000 0.000000
vt 0.000000 -5.000000
vt 1.000000 -5.000000
vt 1.000000 0.000000
vt 0.500000 -2.500000
f 208/208/208 204/204/204 205/205/205
f 208/208/208 205/205/205 206/206/206
f 208/208/208 206/206/206 207/207/207
f 208/208/208 207/207/207 204/204/204
v -21.302734 -28.197266 0.000000
v -21.302734 -28.197266 5.000000
v -20.931641 -28.093750 5.000000
v -20.931641 -28.093750 0.000000
v -21.123047 -28.138184 2.500000
vn -0.356868 0.934155 0.000000
vn -0.356868 0.934155 0.000000
vn -0.184876 0.982762 0.000000
vn -0.184876 0.982762 0.000000
vn -0.268690 0.963227 0.000000
vt 0.000000 0.000000
vt 0.000000 -5.000000
vt 1.000000 -5.000000
vt 1.000000 0.000000
vt 0.500000 -2.500000
f 213/213/213 209/209/209 210/210/210
f 213/213/213 210/210/210 211/211/211
f 213/213/213 211/211/211 212/212/212
f 213/213/213 212/212/212 209/209/209
v -20.931641 -28.093750 0.000000
v -20.931641 -28.093750 5.000000
v -20.539062 -28.056641 5.000000
v -20.539062 -28.056641 0.000000
v -20.734863 -28.065918 2.500000
vn -0.184876 0.982762 0.000000
vn -0.184876 0.982762 0.000000
vn 0.000000 1.000000 0.000000
vn 0.000000 1.000000 0.000000
vn -0.094108 0.995562 0.000000
vt 0.000000 0.000000
vt 0.000000 -5.000000
vt 1.000000 -5.000000
vt 1.000000 0.000000
vt 0.500000 -2.500000
f 218/218/218 214/214/214 215/215/215
f 218/218/218 215/215/215 216/216/216
f 218/218/218 216/216/216 217/217/217
f 218/218/218 217/217/217 214/214/214
v -20.539062 -28.056641 0.000000
v -20.539062 -28.056641 5.000000
v -20.167921 -28.088276 5.000000
v -19.953981 -28.140179 5.000000
v -19.753906 -28.216797 5.000000
v -19.753906 -28.216797 0.000000
v -20.167921 -28.088276 0.000000
v -19.953981 -28.140179 0.000000
v -20.124023 -28.096680 2.500000
vn 0.000000 1.000000 0.000000
vn 0.000000 1.000000 0.000000
vn 0.176237 0.984348 -0.000000
vn 0.296469 0.955042 -0.000000
vn 0.418411 0.908258 -0.000000
vn 0.418411 0.908258 -0.000000
vn 0.176237 0.984348 -0.000000
vn 0.296469 0.955042 -0.000000
vn 0.199865 0.979824 -0.000000
vt 0.000000 0.000000
vt 0.000000 -5.000000
vt 0.444444 -5.000000
vt 0.722222 -5.000000
vt 1.000000 -5.000000
vt 1.000000 0.000000
vt 0.444444 0.000000
vt 0.722222 0.000000
vt 0.500000 -2.500000
f 227/227/227 219/219/219 220/220/220
f 227/227/227 220/220/220 221/221/221
f 227/227/227 221/221/221 222/222/222
f 227/227/227 222/222/222 223/223/223
f 227/227/227 223/223/223 224/224/224
f 227/227/227 225/225/225 219/219/219
f 227/227/227 226/226/226 225/225/225
f 227/227/227 224/224/224 226/226/226
v -19.753906 -28.216797 0.000000
v -19.753906 -28.216797 5.000000
v -19.539785 -28.340639 5.000000
v -19.407137 -28.441551 5.000000
v -19.275391 -28.560547 5.000000
v -19.275391 -28.560547 0.000000
v -19.539785 -28.340639 0.000000
v -19.407137 -28.441551 0.000000
v -19.513184 -28.359375 2.500000
vn 0.423685 0.905810 -0.000000
vn 0.423685 0.905810 -0.000000
vn 0.568046 0.822996 -0.000000
vn 0.639460 0.768824 -0.000000
vn 0.698176 0.715926 -0.000000
vn 0.698176 0.715926 -0.000000
vn 0.568046 0.822996 -0.000000
vn 0.639460 0.768824 -0.000000
vn 0.583431 0.812163 -0.000000
vt 0.000000 0.000000
vt 0.000000 -5.000000
vt 0.444444 -5.000000
vt 0.722222 -5.000000
vt 1.000000 -5.000000
vt 1.000000 0.000000
vt 0.444444 0.000000
vt 0.722222 0.000000
vt 0.500000 -2.500000
f 236/236/236 228/228/228 229/229/229
f 236/236/236 229/229/229 230/230/230
f 236/236/236 230/230/230 231/231/231
f 236/236/236 231/231/231 232/232/232
f 236/236/236 232/232/232 233/233/233
f 236/236/236 234/234/234 228/228/228
f 236/236/236 235/235/235 234/234/234
f 236/236/236 233/233/233 235/235/235
v -19.275391 -28.560547 0.000000
v -19.275391 -28.560547 5.000000
v -19.064941 -28.795898 5.000000
v -18.906250 -29.041016 5.000000
v -18.906250 -29.041016 0.000000
v -19.064941 -28.795898 0.000000
v -19.064941 -28.795898 2.500000
vn 0.698176 0.715926 -0.000000
vn 0.698176 0.715926 -0.000000
vn 0.792983 0.609243 -0.000000
vn 0.883116 0.469155 -0.000000
vn 0.883116 0.469155 -0.000000
vn 0.792983 0.609243 -0.000000
vn 0.792983 0.609243 -0.000000
vt 0.000000 0.000000
vt 0.000000 -5.000000
vt 0.500000 -5.000000
vt 1.000000 -5.000000
vt 1.000000 0.000000
vt 0.500000 0.000000
vt 0.500000 -2.500000
f 243/243/243 237/237/237 238/238/238
f 243/243/243 238/238/238 239/239/239
f 243/243/243 239/239/239 240/240/240
f 243/243/243 240/240/240 241/241/241
f 243/243/243 242/242/242 237/237/237
f 243/243/243 241/241/241 242/242/242
v -19.601562 -30.435547 0.000000
v -19.601562 -30.435547 5.000000
v -19.534288 -30.275826 5.000000
v -19.493923 -30.098742 5.000000
v -19.480469 -29.904297 5.000000
v -19.480469 -29.904297 0.000000
v -19.534288 -30.275826 0.000000
v -19.493923 -30.098742 0.000000
v -19.510742 -30.189453 2.500000
vn -0.881932 0.471377 0.000000
vn -0.881932 0.471377 0.000000
vn -0.952538 0.304419 0.000000
vn -0.989670 0.143363 0.000000
vn -1.000000 0.000000 0.000000
vn -1.000000 0.000000 0.000000
vn -0.952538 0.304419 0.000000
vn -0.989670 0.143363 0.000000
vn -0.974992 0.222241 0.000000
vt 0.000000 0.000000
vt 0.000000 -5.000000
vt 0.333333 -5.000000
vt 0.666667 -5.000000
vt 1.000000 -5.000000
vt 1.000000 0.000000
vt 0.333333 0.000000
vt 0.666667 0.000000
vt 0.500000 -2.500000
f 252/252/252 244/244/244 245/245/245
f 252/252/252 245/245/245 246/246/246
f 252/252/252 246/246/246 247/247/247
f 252/252/252 247/247/247 248/248/248
f 252/252/252 248/248/248 249/249/249
f 252/252/252 250/250/250 244/244/244
f 252/252/252 251/251/251 250/250/250
f 252/252/252 249/249/249 251/251/251
v -19.480469 -29.904297 0.000000
v -19.480469 -29.904297 5.000000
v -19.497396 -29.688585 5.000000
v -19.548178 -29.494576 5.000000
v -19.632812 -29.322266 5.000000
v -19.632812 -29.322266 0.000000
v -19.497396 -29.688585 0.000000
v -19.548178 -29.494576 0.000000
v -19.518555 -29.588867 2.500000
vn -1.000000 0.000000 0.000000
vn -1.000000 0.000000 0.000000
vn -0.986619 -0.163043 0.000000
vn -0.937963 -0.346735 0.000000
vn -0.846461 -0.532451 0.000000
vn -0.846461 -0.532451 0.000000
vn -0.986619 -0.163043 0.000000
vn -0.937963 -0.346735 0.000000
vn -0.967410 -0.253215 0.000000
vt 0.000000 0.000000
vt 0.000000 -5.000000
vt 0.333333 -5.000000
vt 0.666667 -5.000000
vt 1.000000 -5.000000
vt 1.000000 0.000000
vt 0.333333 0.000000
vt 0.666667 0.000000
vt 0.500000 -2.500000
f 261/261/261 253/253/253 254/254/254
f 261/261/261 254/254/254 255/255/255
f 261/261/261 255/255/255 256/256/256
f 261/261/261 256/256/256 257/257/257
f 261/261/261 257/257/257 258/258/258
f 261/261/261 259/259/259 253/253/253
f 261/261/261 260/260/260 259/259/259
f 261/261/261 258/258/258 260/260/260
v -19.632812 -29.322266 0.000000
v -19.632812 -29.322266 5.000000
v -19.749132 -29.154297 5.000000
v -19.889757 -29.014975 5.000000
v -20.054688 -28.904297 5.000000
v -20.054688 -28.904297 0.000000
v -19.749132 -29.154297 0.000000
v -19.889757 -29.014975 0.000000
v -19.816406 -29.081055 2.500000
vn -0.868243 -0.496139 0.000000
vn -0.868243 -0.496139 0.000000
vn -0.767154 -0.641462 0.000000
vn -0.633238 -0.773957 0.000000
vn -0.477947 -0.878389 0.000000
vn -0.477947 -0.878389 0.000000
vn -0.767154 -0.641462 0.000000
vn -0.633238 -0.773957 0.000000
vn -0.703810 -0.710388 0.000000
vt 0.000000 0.000000
vt 0.000000 -5.000000
vt 0.333333 -5.000000
vt 0.666667 -5.000000
vt 1.000000 -5.000000
vt 1.000000 0.000000
vt 0.333333 0.000000
vt 0.666667 0.000000
vt 0.500000 -2.500000
f 270/270/270 262/262/262 263/263/263
f 270/270/270 263/263/263 264/264/264
f 270/270/270 264/264/264 265/265/265
f 270/270/270 265/265/265 266/266/266
f 270/270/270 266/266/266 267/267/267
f 270/270/270 268/268/268 262/262/262
f 270/270/270 269/269/269 268/268/268
f 270/270/270 267/267/267 269/269/269
v -20.054688 -28.904297 0.000000
v -20.054688 -28.904297 5.000000
v -20.236979 -28.823133 5.000000
v -20.429688 -28.772352 5.000000
v -20.632812 -28.751953 5.000000
v -20.632812 -28.751953 0.000000
v -20.236979 -28.823133 0.000000
v -20.429688 -28.772352 0.000000
v -20.332031 -28.793945 2.500000
vn -0.477947 -0.878389 0.000000
vn -0.477947 -0.878389 0.000000
vn -0.331906 -0.943312 0.000000
vn -0.176986 -0.984213 0.000000
vn -0.024992 -0.999688 0.000000
vn -0.024992 -0.999688 0.000000
vn -0.331906 -0.943312 0.000000
vn -0.176986 -0.984213 0.000000
vn -0.254815 -0.966990 0.000000
vt 0.000000 0.000000
vt 0.000000 -5.000000
vt 0.333333 -5.000000
vt 0.666667 -5.000000
vt 1.000000 -5.000000
vt 1.000000 0.000000
vt 0.333333 0.000000
vt 0.666667 0.000000
vt 0.500000 -2.500000
f 279/279/279 271/271/271 272/272/272
f 279/279/279 272/272/272 273/273/273
f 279/279/279 273/273/273 274/274/274
f 279/279/279 274/274/274 275/275/275
f 279/279/279 275/275/275 276/276/276
f 279/279/279 277/277/277 271/271/271
f 279/279/279 278/278/278 277/277/277
f 279/279/279 276/276/276 278/278/278
v -20.632812 -28.751953 0.000000
v -20.632812 -28.751953 5.000000
v -20.797960 -28.764975 5.000000
v -20.954861 -28.804037 5.000000
v -21.103516 -28.869141 5.000000
v -21.103516 -28.869141 0.000000
v -20.797960 -28.764975 0.000000
v -20.954861 -28.804037 0.000000
v -20.877441 -28.781250 2.500000
vn 0.000000 -1.000000 0.000000
vn 0.000000 -1.000000 0.000000
vn 0.159651 -0.987174 0.000000
vn 0.322674 -0.946510 0.000000
vn 0.475517 -0.879707 0.000000
vn 0.475517 -0.879707 0.000000
vn 0.159651 -0.987174 0.000000
vn 0.322674 -0.946510 0.000000
vn 0.241588 -0.970379 0.000000
vt 0.000000 0.000000
vt 0.000000 -5.000000
vt 0.333333 -5.000000
vt 0.666667 -5.000000
vt 1.000000 -5.000000
vt 1.000000 0.000000
vt 0.333333 0.000000
vt 0.666667 0.000000
vt 0.500000 -2.500000
f 288/288/288 280/280/280 281/281/281
f 288/288/288 281/281/281 282/282/282
f 288/288/288 282/282/282 283/283/283
f 288/288/288 283/283/283 284/284/284
f 288/288/288 284/284/284 285/285/285
f 288/288/288 286/286/286 280/280/280
f 288/288/288 287/287/287 286/286/286
f 288/288/288 285/285/285 287/287/287
v -21.103516 -28.869141 0.000000
v -21.103516 -28.869141 5.000000
v -21.242622 -28.958984 5.000000
v -21.370876 -29.072266 5.000000
v -21.488281 -29.208984 5.000000
v -21.488281 -29.208984 0.000000
v -21.242622 -28.958984 0.000000
v -21.370876 -29.072266 0.000000
v -21.308105 -29.012695 2.500000
vn 0.475517 -0.879707 0.000000
vn 0.475517 -0.879707 0.000000
vn 0.604952 -0.796262 0.000000
vn 0.713271 -0.700888 0.000000
vn 0.798316 -0.602239 0.000000
vn 0.798316 -0.602239 0.000000
vn 0.604952 -0.796262 0.000000
vn 0.713271 -0.700888 0.000000
vn 0.661999 -0.749505 0.000000
vt 0.000000 0.000000
vt 0.000000 -5.000000
vt 0.333333 -5.000000
vt 0.666667 -5.000000
vt 1.000000 -5.000000
vt 1.000000 0.000000
vt 0.333333 0.000000
vt 0.666667 0.000000
vt 0.500000 -2.500000
f 297/297/297 289/289/289 290/290/290
f 297/297/297 290/290/290 291/291/291
f 297/297/297 291/291/291 292/292/292
f 297/297/297 292/292/292 293/293/293
f 297/297/297 293/293/293 294/294/294
f 297/297/297 295/295/295 289/289/289
f 297/297/297 296/296/296 295/295/295
f 297/297/297 294/294/294 296/296/296
v -21.488281 -29.208984 0.000000
v -21.488281 -29.208984 5.000000
v -21.618490 -29.424696 5.000000
v -21.696615 -29.665581 5.000000
v -21.722656 -29.931641 5.000000
v -21.722656 -29.931641 0.000000
v -21.618490 -29.424696 0.000000
v -21.696615 -29.665581 0.000000
v -21.664062 -29.541992 2.500000
vn 0.792624 -0.609711 0.000000
vn 0.792624 -0.609711 0.000000
vn 0.909773 -0.415106 0.000000
vn 0.979535 -0.201274 0.000000
vn 1.000000 0.000000 -0.000000
vn 1.000000 0.000000 -0.000000
vn 0.909773 -0.415106 0.000000
vn 0.979535 -0.201274 0.000000
vn 0.951223 -0.308505 0.000000
vt 0.000000 0.000000
vt 0.000000 -5.000000
vt 0.333333 -5.000000
vt 0.666667 -5.000000
vt 1.000000 -5.000000
vt 1.000000 0.000000
vt 0.333333 0.000000
vt 0.666667 0.000000
vt 0.500000 -2.500000
f 306/306/306 298/298/298 299/299/299
f 306/306/306 299/299/299 300/300/300
f 306/306/306 300/300/300 301/301/301
f 306/306/306 301/301/301 302/302/302
f 306/306/306 302/302/302 303/303/303
f 306/306/306 304/304/304 298/298/298
f 306/306/306 305/305/305 304/304/304
f 306/306/306 303/303/303 305/305/305
v -21.722656 -29.931641 0.000000
v -21.722656 -29.931641 5.000000
v -21.704861 -30.136936 5.000000
v -21.651476 -30.325737 5.000000
v -21.562500 -30.498047 5.000000
v -21.562500 -30.498047 0.000000
v -21.704861 -30.136936 0.000000
v -21.651476 -30.325737 0.000000
v -21.682617 -30.233398 2.500000
vn 1.000000 0.000000 -0.000000
vn 1.000000 0.000000 -0.000000
vn 0.984077 0.177741 -0.000000
vn 0.930316 0.366759 -0.000000
vn 0.838140 0.545456 -0.000000
vn 0.838140 0.545456 -0.000000
vn 0.984077 0.177741 -0.000000
vn 0.930316 0.366759 -0.000000
vn 0.962272 0.272091 -0.000000
vt 0.000000 0.000000
vt 0.000000 -5.000000
vt 0.333333 -5.000000
vt 0.666667 -5.000000
vt 1.000000 -5.000000
vt 1.000000 0.000000
vt 0.333333 0.000000
vt 0.666667 0.000000
vt 0.500000 -2.500000
f 315/315/315 307/307/307 308/308/308
f 315/315/315 308/308/308 309/309/309
f 315/315/315 309/309/309 310/310/310
f 315/315/315 310/310/310 311/311/311
f 315/315/315 311/311/311 312/312/312
f 315/315/315 313/313/313 307/307/307
f 315/315/315 314/314/314 313/313/313
f 315/315/315 312/312/312 314/314/314
v -21.562500 -30.498047 0.000000
v -21.562500 -30.498047 5.000000
v -21.352892 -30.751667 5.000000
v -21.157225 -30.899069 5.000000
v -20.955393 -30.989239 5.000000
v -20.788158 -31.028072 5.000000
v -20.609375 -31.041016 5.000000
v -20.609375 -31.041016 0.000000
v -21.352892 -30.751667 0.000000
v -21.157225 -30.899069 0.000000
v -20.955393 -30.989239 0.000000
v -20.788158 -31.028072 0.000000
v -21.146484 -30.905273 2.500000
vn 0.836651 0.547736 -0.000000
vn 0.836651 0.547736 -0.000000
vn 0.685607 0.727972 -0.000000
vn 0.505530 0.862809 -0.000000
vn 0.305355 0.952239 -0.000000
vn 0.147987 0.988989 -0.000000
vn 0.000000 1.000000 0.000000
vn 0.000000 1.000000 0.000000
vn 0.685607 0.727972 -0.000000
vn 0.505530 0.862809 -0.000000
vn 0.305355 0.952239 -0.000000
vn 0.147987 0.988989 -0.000000
vn 0.494988 0.868900 -0.000000
vt 0.000000 0.000000
vt 0.000000 -5.000000
vt 0.270000 -5.000000
vt 0.488700 -5.000000
vt 0.691200 -5.000000
vt 0.845600 -5.000000
vt 1.000000 -5.000000
vt 1.000000 0.000000
vt 0.270000 0.000000
vt 0.488700 0.000000
vt 0.691200 0.000000
vt 0.845600 0.000000
vt 0.500000 -2.500000
f 328/328/328 316/316/316 317/317/317
f 328/328/328 317/317/317 318/318/318
f 328/328/328 318/318/318 319/319/319
f 328/328/328 319/319/319 320/320/320
f 328/328/328 320/320/320 321/321/321
f 328/328/328 321/321/321 322/322/322
f 328/328/328 322/322/322 323/323/323
f 328/328/328 324/324/324 316/316/316
f 328/328/328 325/325/325 324/324/324
f 328/328/328 326/326/326 325/325/325
f 328/328/328 327/327/327 326/326/326
f 328/328/328 323/323/323 327/327/327
v -20.609375 -31.041016 0.000000
v -20.609375 -31.041016 5.000000
v -20.410156 -31.025391 5.000000
v -20.410156 -31.025391 0.000000
v -20.495117 -31.037109 2.500000
vn 0.000000 1.000000 0.000000
vn 0.000000 1.000000 0.000000
vn -0.216930 0.976187 0.000000
vn -0.216930 0.976187 0.000000
vn -0.078191 0.996938 0.000000
vt 0.000000 0.000000
vt 0.000000 -5.000000
vt 1.000000 -5.000000
vt 1.000000 0.000000
vt 0.500000 -2.500000
f 333/333/333 329/329/329 330/330/330
f 333/333/333 330/330/330 331/331/331
f 333/333/333 331/331/331 332/332/332
f 333/333/333 332/332/332 329/329/329
v -20.410156 -31.025391 0.000000
v -20.410156 -31.025391 5.000000
v -20.248915 -30.983725 5.000000
v -20.093315 -30.916016 5.000000
v -19.943359 -30.822266 5.000000
v -19.943359 -30.822266 0.000000
v -20.248915 -30.983725 0.000000
v -20.093315 -30.916016 0.000000
v -20.170410 -30.953125 2.500000
vn -0.172001 0.985097 0.000000
vn -0.172001 0.985097 0.000000
vn -0.326310 0.945263 0.000000
vn -0.467195 0.884154 0.000000
vn -0.587320 0.809355 0.000000
vn -0.587320 0.809355 0.000000
vn -0.326310 0.945263 0.000000
vn -0.467195 0.884154 0.000000
vn -0.399007 0.916948 0.000000
vt 0.000000 0.000000
vt 0.000000 -5.000000
vt 0.333333 -5.000000
vt 0.666667 -5.000000
vt 1.000000 -5.000000
vt 1.000000 0.000000
vt 0.333333 0.000000
vt 0.666667 0.000000
vt 0.500000 -2.500000
f 342/342/342 334/334/334 335/335/335
f 342/342/342 335/335/335 336/336/336
f 342/342/342 336/336/336 337/337/337
f 342/342/342 337/337/337 338/338/338
f 342/342/342 338/338/338 339/339/339
f 342/342/342 340/340/340 334/334/334
f 342/342/342 341/341/341 340/340/340
f 342/342/342 339/339/339 341/341/341
v -19.943359 -30.822266 0.000000
v -19.943359 -30.822266 5.000000
v -19.807291 -30.708117 5.000000
v -19.693359 -30.579210 5.000000
v -19.601562 -30.435547 5.000000
v -19.601562 -30.435547 0.000000
v -19.807291 -30.708117 0.000000
v -19.693359 -30.579210 0.000000
v -19.747559 -30.645508 2.500000
vn -0.587320 0.809355 0.000000
vn -0.587320 0.809355 0.000000
vn -0.697078 0.716995 0.000000
vn -0.798166 0.602437 0.000000
vn -0.881932 0.471377 0.000000
vn -0.881932 0.471377 0.000000
vn -0.697078 0.716995 0.000000
vn -0.798166 0.602437 0.000000
vn -0.749285 0.662247 0.000000
vt 0.000000 0.000000
vt 0.000000 -5.000000
vt 0.333333 -5.000000
vt 0.666667 -5.000000
vt 1.000000 -5.000000
vt 1.000000 0.000000
vt 0.333333 0.000000
vt 0.666667 0.000000
vt 0.500000 -2.500000
f 351/351/351 343/343/343 344/344/344
f 351/351/351 344/344/344 345/345/345
f 351/351/351 345/345/345 346/346/346
f 351/351/351 346/346/346 347/347/347
f 351/351/351 347/347/347 348/348/348
f 351/351/351 349/349/349 343/343/343
f 351/351/351 350/350/350 349/349/349
f 351/351/351 348/348/348 350/350/350
v -19.275391 -28.560547 0.000000
v -19.064941 -28.795898 0.000000
v -18.906250 -29.041016 0.000000
v -19.753906 -28.216797 0.000000
v -19.539785 -28.340639 0.000000
v -19.407137 -28.441551 0.000000
v -20.539062 -28.056641 0.000000
v -20.167921 -28.088276 0.000000
v -19.953981 -28.140179 0.000000
v -20.931641 -28.093750 0.000000
v -21.302734 -28.197266 0.000000
v -21.632812 -28.361328 0.000000
v -22.255859 -29.041016 0.000000
v -22.093750 -28.783203 0.000000
v -21.886068 -28.556641 0.000000
v -22.464844 -29.931641 0.000000
v -22.441624 -29.619141 0.000000
v -22.371962 -29.322266 0.000000
v -22.425781 -30.361328 0.000000
v -22.267578 -30.791016 0.000000
v -22.362793 -30.580078 0.000000
v -22.003906 -31.166016 0.000000
v -21.652344 -31.468750 0.000000
v -21.242188 -31.666016 0.000000
v -21.450195 -31.585449 0.000000
v -20.617188 -31.763672 0.000000
v -20.921875 -31.739258 0.000000
v -20.064453 -31.683594 0.000000
v -20.338379 -31.743652 0.000000
v -19.552734 -31.441406 0.000000
v -19.800781 -31.583008 0.000000
v -19.121094 -31.041016 0.000000
v -19.324707 -31.260254 0.000000
v -18.830078 -30.494141 0.000000
v -18.936752 -30.758415 0.000000
v -19.021839 -30.906347 0.000000
v -18.730469 -29.841797 0.000000
v -18.755371 -30.172852 0.000000
v -18.808594 -29.281033 0.000000
v -18.750000 -29.547960 0.000000
v -19.943359 -30.822266 0.000000
v -19.807291 -30.708117 0.000000
v -19.693359 -30.579210 0.000000
v -19.601562 -30.435547 0.000000
v -20.410156 -31.025391 0.000000
v -20.248915 -30.983725 0.000000
v -20.093315 -30.916016 0.000000
v -20.609375 -31.041016 0.000000
v -21.562500 -30.498047 0.000000
v -21.352892 -30.751667 0.000000
v -21.157225 -30.899069 0.000000
v -20.955393 -30.989239 0.000000
v -20.788158 -31.028072 0.000000
v -21.722656 -29.931641 0.000000
v -21.704861 -30.136936 0.000000
v -21.651476 -30.325737 0.000000
v -21.488281 -29.208984 0.000000
v -21.618490 -29.424696 0.000000
v -21.696615 -29.665581 0.000000
v -21.103516 -28.869141 0.000000
v -21.242622 -28.958984 0.000000
v -21.370876 -29.072266 0.000000
v -20.632812 -28.751953 0.000000
v -20.797960 -28.764975 0.000000
v -20.954861 -28.804037 0.000000
v -20.054688 -28.904297 0.000000
v -20.236979 -28.823133 0.000000
v -20.429688 -28.772352 0.000000
v -19.632812 -29.322266 0.000000
v -19.749132 -29.154297 0.000000
v -19.889757 -29.014975 0.000000
v -19.480469 -29.904297 0.000000
v -19.497396 -29.688585 0.000000
v -19.548178 -29.494576 0.000000
v -19.534288 -30.275826 0.000000
v -19.493923 -30.098742 0.000000
vn -0.000000 -0.000000 -1.000000
vn -0.000000 -0.000000 -1.000000
vn -0.000000 -0.000000 -1.000000
vn -0.000000 -0.000000 -1.000000
vn -0.000000 -0.000000 -1.000000
vn -0.000000 -0.000000 -1.000000
vn -0.000000 -0.000000 -1.000000
vn -0.000000 -0.000000 -1.000000
vn -0.000000 -0.000000 -1.000000
vn -0.000000 -0.000000 -1.000000
vn -0.000000 -0.000000 -1.000000
vn -0.000000 -0.000000 -1.000000
vn -0.000000 -0.000000 -1.000000
vn -0.000000 -0.000000 -1.000000
vn -0.000000 -0.000000 -1.000000
vn -0.000000 -0.000000 -1.000000
vn -0.000000 -0.000000 -1.000000
vn -0.000000 -0.000000 -1.000000
vn -0.000000 -0.000000 -1.000000
vn -0.000000 -0.000000 -1.000000
vn -0.000000 -0.000000 -1.000000
vn -0.000000 -0.000000 -1.000000
vn -0.000000 -0.000000 -1.000000
vn -0.000000 -0.000000 -1.000000
vn -0.000000 -0.000000 -1.000000
vn -0.000000 -0.000000 -1.000000
vn -0.000000 -0.000000 -1.000000
vn -0.000000 -0.000000 -1.000000
vn -0.000000 -0.000000 -1.000000
vn -0.000000 -0.000000 -1.000000
vn -0.000000 -0.000000 -1.000000
vn -0.000000 -0.000000 -1.000000
vn -0.000000 -0.000000 -1.000000
vn -0.000000 -0.000000 -1.000000
vn -0.000000 -0.000000 -1.000000
vn -0.000000 -0.000000 -1.000000
vn -0.000000 -0.000000 -1.000000
vn -0.000000 -0.000000 -1.000000
vn -0.000000 -0.000000 -1.000000
vn -0.000000 -0.000000 -1.000000
vn -0.000000 -0.000000 -1.000000
vn -0.000000 -0.000000 -1.000000
vn -0.000000 -0.000000 -1.000000
vn -0.000000 -0.000000 -1.000000
vn -0.000000 -0.000000 -1.000000
vn -0.000000 -0.000000 -1.000000
vn -0.000000 -0.000000 -1.000000
vn -0.000000 -0.000000 -1.000000
vn -0.000000 -0.000000 -1.000000
vn -0.000000 -0.000000 -1.000000
vn -0.000000 -0.000000 -1.000000
vn -0.000000 -0.000000 -1.000000
vn -0.000000 -0.000000 -1.000000
vn -0.000000 -0.000000 -1.000000
vn -0.000000 -0.000000 -1.000000
vn -0.000000 -0.000000 -1.000000
vn -0.000000 -0.000000 -1.000000
vn -0.000000 -0.000000 -1.000000
vn -0.000000 -0.000000 -1.000000
vn -0.000000 -0.000000 -1.000000
vn -0.000000 -0.000000 -1.000000
vn -0.000000 -0.000000 -1.000000
vn -0.000000 -0.000000 -1.000000
vn -0.000000 -0.000000 -1.000000
vn -0.000000 -0.000000 -1.000000
vn -0.000000 -0.000000 -1.000000
vn -0.000000 -0.000000 -1.000000
vn -0.000000 -0.000000 -1.000000
vn -0.000000 -0.000000 -1.000000
vn -0.000000 -0.000000 -1.000000
vn -0.000000 -0.000000 -1.000000
vn -0.000000 -0.000000 -1.000000
vn -0.000000 -0.000000 -1.000000
vn -0.000000 -0.000000 -1.000000
vn -0.000000 -0.000000 -1.000000
vn -0.000000 -0.000000 -1.000000
vt 3.509766 3.113281
vt 3.720215 2.877930
vt 3.878906 2.632812
vt 3.031250 3.457031
vt 3.245370 3.333189
vt 3.378020 3.232277
vt 2.246094 3.617188
vt 2.617236 3.585552
vt 2.831175 3.533649
vt 1.853516 3.580078
vt 1.482422 3.476562
vt 1.152344 3.312500
vt 0.529297 2.632812
vt 0.691406 2.890625
vt 0.899089 3.117188
vt 0.320312 1.742188
vt 0.343533 2.054688
vt 0.413194 2.351562
vt 0.359375 1.312500
vt 0.517578 0.882812
vt 0.422363 1.093750
vt 0.781250 0.507812
vt 1.132812 0.205078
vt 1.542969 0.007812
vt 1.334961 0.088379
vt 2.167969 -0.089844
vt 1.863281 -0.065430
vt 2.720703 -0.009766
vt 2.446777 -0.069824
vt 3.232422 0.232422
vt 2.984375 0.090820
vt 3.664062 0.632812
vt 3.460449 0.413574
vt 3.955078 1.179688
vt 3.848404 0.915413
vt 3.763316 0.767482
vt 4.054688 1.832031
vt 4.029785 1.500977
vt 3.976562 2.392795
vt 4.035156 2.125868
vt 2.841797 0.851562
vt 2.977865 0.965712
vt 3.091797 1.094618
vt 3.183594 1.238281
vt 2.375000 0.648438
vt 2.536241 0.690104
vt 2.691840 0.757812
vt 2.175781 0.632812
vt 1.222656 1.175781
vt 1.432265 0.922161
vt 1.627932 0.774760
vt 1.829763 0.684589
vt 1.996999 0.645757
vt 1.062500 1.742188
vt 1.080295 1.536892
vt 1.133681 1.348090
vt 1.296875 2.464844
vt 1.166667 2.249132
vt 1.088542 2.008246
vt 1.681641 2.804688
vt 1.542535 2.714844
vt 1.414279 2.601562
vt 2.152344 2.921875
vt 1.987196 2.908854
vt 1.830295 2.869792
vt 2.730469 2.769531
vt 2.548177 2.850694
vt 2.355469 2.901476
vt 3.152344 2.351562
vt 3.036024 2.519531
vt 2.895399 2.658854
vt 3.304688 1.769531
vt 3.287760 1.985243
vt 3.236979 2.179254
vt 3.250868 1.398003
vt 3.291233 1.575087
f 401/401/401 374/374/374 373/373/373
f 400/400/400 373/373/373 371/371/371
f 400/400/400 401/401/401 373/373/373
f 402/402/402 375/375/375 376/376/376
f 402/402/402 376/376/376 374/374/374
f 402/402/402 374/374/374 401/401/401
f 407/407/407 400/400/400 371/371/371
f 407/407/407 371/371/371 372/372/372
f 407/407/407 372/372/372 370/370/370
f 403/403/403 375/375/375 402/402/402
f 403/403/403 378/378/378 375/375/375
f 406/406/406 370/370/370 367/367/367
f 406/406/406 407/407/407 370/370/370
f 404/404/404 378/378/378 403/403/403
f 404/404/404 377/377/377 378/378/378
f 405/405/405 367/367/367 368/368/368
f 405/405/405 406/406/406 367/367/367
f 399/399/399 377/377/377 404/404/404
f 399/399/399 380/380/380 377/377/377
f 396/396/396 380/380/380 399/399/399
f 396/396/396 379/379/379 380/380/380
f 410/410/410 405/405/405 368/368/368
f 410/410/410 368/368/368 369/369/369
f 397/397/397 382/382/382 379/379/379
f 397/397/397 379/379/379 396/396/396
f 409/409/409 369/369/369 364/364/364
f 409/409/409 410/410/410 369/369/369
f 398/398/398 382/382/382 397/397/397
f 381/381/381 382/382/382 398/398/398
f 392/392/392 381/381/381 398/398/398
f 408/408/408 364/364/364 365/365/365
f 408/408/408 409/409/409 364/364/364
f 384/384/384 381/381/381 392/392/392
f 393/393/393 384/384/384 392/392/392
f 366/366/366 408/408/408 365/365/365
f 366/366/366 413/413/413 408/408/408
f 412/412/412 413/413/413 366/366/366
f 383/383/383 384/384/384 393/393/393
f 383/383/383 393/393/393 394/394/394
f 363/363/363 412/412/412 366/366/366
f 411/411/411 412/412/412 363/363/363
f 387/387/387 383/383/383 394/394/394
f 387/387/387 394/394/394 395/395/395
f 386/386/386 387/387/387 395/395/395
f 386/386/386 395/395/395 426/426/426
f 362/362/362 416/416/416 411/411/411
f 362/362/362 411/411/411 363/363/363
f 385/385/385 426/426/426 427/427/427
f 385/385/385 386/386/386 426/426/426
f 361/361/361 414/414/414 415/415/415
f 361/361/361 415/415/415 416/416/416
f 361/361/361 416/416/416 362/362/362
f 389/389/389 427/427/427 423/423/423
f 389/389/389 385/385/385 427/427/427
f 358/358/358 419/419/419 414/414/414
f 358/358/358 414/414/414 361/361/361
f 388/388/388 423/423/423 424/424/424
f 388/388/388 389/389/389 423/423/423
f 391/391/391 388/388/388 424/424/424
f 359/359/359 418/418/418 419/419/419
f 359/359/359 419/419/419 358/358/358
f 360/360/360 418/418/418 359/359/359
f 360/360/360 417/417/417 418/418/418
f 390/390/390 391/391/391 424/424/424
f 390/390/390 424/424/424 425/425/425
f 355/355/355 417/417/417 360/360/360
f 354/354/354 390/390/390 425/425/425
f 354/354/354 425/425/425 420/420/420
f 356/356/356 417/417/417 355/355/355
f 356/356/356 422/422/422 417/417/417
f 353/353/353 354/354/354 420/420/420
f 353/353/353 420/420/420 421/421/421
f 357/357/357 422/422/422 356/356/356
f 352/352/352 422/422/422 357/357/357
f 352/352/352 353/353/353 421/421/421
f 352/352/352 421/421/421 422/422/422
v -19.275391 -28.560547 5.000000
v -19.064941 -28.795898 5.000000
v -18.906250 -29.041016 5.000000
v -19.753906 -28.216797 5.000000
v -19.539785 -28.340639 5.000000
v -19.407137 -28.441551 5.000000
v -20.539062 -28.056641 5.000000
v -20.167921 -28.088276 5.000000
v -19.953981 -28.140179 5.000000
v -20.931641 -28.093750 5.000000
v -21.302734 -28.197266 5.000000
v -21.632812 -28.361328 5.000000
v -22.255859 -29.041016 5.000000
v -22.093750 -28.783203 5.000000
v -21.886068 -28.556641 5.000000
v -22.464844 -29.931641 5.000000
v -22.441624 -29.619141 5.000000
v -22.371962 -29.322266 5.000000
v -22.425781 -30.361328 5.000000
v -22.267578 -30.791016 5.000000
v -22.362793 -30.580078 5.000000
v -22.003906 -31.166016 5.000000
v -21.652344 -31.468750 5.000000
v -21.242188 -31.666016 5.000000
v -21.450195 -31.585449 5.000000
v -20.617188 -31.763672 5.000000
v -20.921875 -31.739258 5.000000
v -20.064453 -31.683594 5.000000
v -20.338379 -31.743652 5.000000
v -19.552734 -31.441406 5.000000
v -19.800781 -31.583008 5.000000
v -19.121094 -31.041016 5.000000
v -19.324707 -31.260254 5.000000
v -18.830078 -30.494141 5.000000
v -18.936752 -30.758415 5.000000
v -19.021839 -30.906347 5.000000
v -18.730469 -29.841797 5.000000
v -18.755371 -30.172852 5.000000
v -18.808594 -29.281033 5.000000
v -18.750000 -29.547960 5.000000
v -19.943359 -30.822266 5.000000
v -19.807291 -30.708117 5.000000
v -19.693359 -30.579210 5.000000
v -19.601562 -30.435547 5.000000
v -20.410156 -31.025391 5.000000
v -20.248915 -30.983725 5.000000
v -20.093315 -30.916016 5.000000
v -20.609375 -31.041016 5.000000
v -21.562500 -30.498047 5.000000
v -21.352892 -30.751667 5.000000
v -21.157225 -30.899069 5.000000
v -20.955393 -30.989239 5.000000
v -20.788158 -31.028072 5.000000
v -21.722656 -29.931641 5.000000
v -21.704861 -30.136936 5.000000
v -21.651476 -30.325737 5.000000
v -21.488281 -29.208984 5.000000
v -21.618490 -29.424696 5.000000
v -21.696615 -29.665581 5.000000
v -21.103516 -28.869141 5.000000
v -21.242622 -28.958984 5.000000
v -21.370876 -29.072266 5.000000
v -20.632812 -28.751953 5.000000
v -20.797960 -28.764975 5.000000
v -20.954861 -28.804037 5.000000
v -20.054688 -28.904297 5.000000
v -20.236979 -28.823133 5.000000
v -20.429688 -28.772352 5.000000
v -19.632812 -29.322266 5.000000
v -19.749132 -29.154297 5.000000
v -19.889757 -29.014975 5.000000
v -19.480469 -29.904297 5.000000
v -19.497396 -29.688585 5.000000
v -19.548178 -29.494576 5.000000
v -19.534288 -30.275826 5.000000
v -19.493923 -30.098742 5.000000
vn 0.000000 0.000000 1.000000
vn 0.000000 0.000000 1.000000
vn 0.000000 0.000000 1.000000
vn 0.000000 0.000000 1.000000
vn 0.000000 0.000000 1.000000
vn 0.000000 0.000000 1.000000
vn 0.000000 0.000000 1.000000
vn 0.000000 0.000000 1.000000
vn 0.000000 0.000000 1.000000
vn 0.000000 0.000000 1.000000
vn 0.000000 0.000000 1.000000
vn 0.000000 0.000000 1.000000
vn 0.000000 0.000000 1.000000
vn 0.000000 0.000000 1.000000
vn 0.000000 0.000000 1.000000
vn 0.000000 0.000000 1.000000
vn 0.000000 0.000000 1.000000
vn 0.000000 0.000000 1.000000
vn 0.000000 0.000000 1.000000
vn 0.000000 0.000000 1.000000
vn 0.000000 0.000000 1.000000
vn 0.000000 0.000000 1.000000
vn 0.000000 0.000000 1.000000
vn 0.000000 0.000000 1.000000
vn 0.000000 0.000000 1.000000
vn 0.000000 0.000000 1.000000
vn 0.000000 0.000000 1.000000
vn 0.000000 0.000000 1.000000
vn 0.000000 0.000000 1.000000
vn 0.000000 0.000000 1.000000
vn 0.000000 0.000000 1.000000
vn 0.000000 0.000000 1.000000
vn 0.000000 0.000000 1.000000
vn 0.000000 0.000000 1.000000
vn 0.000000 0.000000 1.000000
vn 0.000000 0.000000 1.000000
vn 0.000000 0.000000 1.000000
vn 0.000000 0.000000 1.000000
vn 0.000000 0.000000 1.000000
vn 0.000000 0.000000 1.000000
vn 0.000000 0.000000 1.000000
vn 0.000000 0.000000 1.000000
vn 0.000000 0.000000 1.000000
vn 0.000000 0.000000 1.000000
vn 0.000000 0.000000 1.000000
vn 0.000000 0.000000 1.000000
vn 0.000000 0.000000 1.000000
vn 0.000000 0.000000 1.000000
vn 0.000000 0.000000 1.000000
vn 0.000000 0.000000 1.000000
vn 0.000000 0.000000 1.000000
vn 0.000000 0.000000 1.000000
vn 0.000000 0.000000 1.000000
vn 0.000000 0.000000 1.000000
vn 0.000000 0.000000 1.000000
vn 0.000000 0.000000 1.000000
vn 0.000000 0.000000 1.000000
vn 0.000000 0.000000 1.000000
vn 0.000000 0.000000 1.000000
vn 0.000000 0.000000 1.000000
vn 0.000000 0.000000 1.000000
vn 0.000000 0.000000 1.000000
vn 0.000000 0.000000 1.000000
vn 0.000000 0.000000 1.000000
vn 0.000000 0.000000 1.000000
vn 0.000000 0.000000 1.000000
vn 0.000000 0.000000 1.000000
vn 0.000000 0.000000 1.000000
vn 0.000000 0.000000 1.000000
vn 0.000000 0.000000 1.000000
vn 0.000000 0.000000 1.000000
vn 0.000000 0.000000 1.000000
vn 0.000000 0.000000 1.000000
vn 0.000000 0.000000 1.000000
vn 0.000000 0.000000 1.000000
vn 0.000000 0.000000 1.000000
vt 3.509766 3.113281
vt 3.720215 2.877930
vt 3.878906 2.632812
vt 3.031250 3.457031
vt 3.245370 3.333189
vt 3.378020 3.232277
vt 2.246094 3.617188
vt 2.617236 3.585552
vt 2.831175 3.533649
vt 1.853516 3.580078
vt 1.482422 3.476562
vt 1.152344 3.312500
vt 0.529297 2.632812
vt 0.691406 2.890625
vt 0.899089 3.117188
vt 0.320312 1.742188
vt 0.343533 2.054688
vt 0.413194 2.351562
vt 0.359375 1.312500
vt 0.517578 0.882812
vt 0.422363 1.093750
vt 0.781250 0.507812
vt 1.132812 0.205078
vt 1.542969 0.007812
vt 1.334961 0.088379
vt 2.167969 -0.089844
vt 1.863281 -0.065430
vt 2.720703 -0.009766
vt 2.446777 -0.069824
vt 3.232422 0.232422
vt 2.984375 0.090820
vt 3.664062 0.632812
vt 3.460449 0.413574
vt 3.955078 1.179688
vt 3.848404 0.915413
vt 3.763316 0.767482
vt 4.054688 1.832031
vt 4.029785 1.500977
vt 3.976562 2.392795
vt 4.035156 2.125868
vt 2.841797 0.851562
vt 2.977865 0.965712
vt 3.091797 1.094618
vt 3.183594 1.238281
vt 2.375000 0.648438
vt 2.536241 0.690104
vt 2.691840 0.757812
vt 2.175781 0.632812
vt 1.222656 1.175781
vt 1.432265 0.922161
vt 1.627932 0.774760
vt 1.829763 0.684589
vt 1.996999 0.645757
vt 1.062500 1.742188
vt 1.080295 1.536892
vt 1.133681 1.348090
vt 1.296875 2.464844
vt 1.166667 2.249132
vt 1.088542 2.008246
vt 1.681641 2.804688
vt 1.542535 2.714844
vt 1.414279 2.601562
vt 2.152344 2.921875
vt 1.987196 2.908854
vt 1.830295 2.869792
vt 2.730469 2.769531
vt 2.548177 2.850694
vt 2.355469 2.901476
vt 3.152344 2.351562
vt 3.036024 2.519531
vt 2.895399 2.658854
vt 3.304688 1.769531
vt 3.287760 1.985243
vt 3.236979 2.179254
vt 3.250868 1.398003
vt 3.291233 1.575087
f 477/477/477 449/449/449 450/450/450
f 476/476/476 447/447/447 449/449/449
f 476/476/476 449/449/449 477/477/477
f 478/478/478 452/452/452 451/451/451
f 478/478/478 450/450/450 452/452/452
f 478/478/478 477/477/477 450/450/450
f 483/483/483 447/447/447 476/476/476
f 483/483/483 448/448/448 447/447/447
f 483/483/483 446/446/446 448/448/448
f 479/479/479 478/478/478 451/451/451
f 479/479/479 451/451/451 454/454/454
f 482/482/482 443/443/443 446/446/446
f 482/482/482 446/446/446 483/483/483
f 480/480/480 479/479/479 454/454/454
f 480/480/480 454/454/454 453/453/453
f 481/481/481 444/444/444 443/443/443
f 481/481/481 443/443/443 482/482/482
f 475/475/475 480/480/480 453/453/453
f 475/475/475 453/453/453 456/456/456
f 472/472/472 475/475/475 456/456/456
f 472/472/472 456/456/456 455/455/455
f 486/486/486 444/444/444 481/481/481
f 486/486/486 445/445/445 444/444/444
f 473/473/473 455/455/455 458/458/458
f 473/473/473 472/472/472 455/455/455
f 485/485/485 440/440/440 445/445/445
f 485/485/485 445/445/445 486/486/486
f 474/474/474 473/473/473 458/458/458
f 457/457/457 474/474/474 458/458/458
f 468/468/468 474/474/474 457/457/457
f 484/484/484 441/441/441 440/440/440
f 484/484/484 440/440/440 485/485/485
f 460/460/460 468/468/468 457/457/457
f 469/469/469 468/468/468 460/460/460
f 442/442/442 441/441/441 484/484/484
f 442/442/442 484/484/484 489/489/489
f 488/488/488 442/442/442 489/489/489
f 459/459/459 469/469/469 460/460/460
f 459/459/459 470/470/470 469/469/469
f 439/439/439 442/442/442 488/488/488
f 487/487/487 439/439/439 488/488/488
f 463/463/463 470/470/470 459/459/459
f 463/463/463 471/471/471 470/470/470
f 462/462/462 471/471/471 463/463/463
f 462/462/462 502/502/502 471/471/471
f 438/438/438 487/487/487 492/492/492
f 438/438/438 439/439/439 487/487/487
f 461/461/461 503/503/503 502/502/502
f 461/461/461 502/502/502 462/462/462
f 437/437/437 491/491/491 490/490/490
f 437/437/437 492/492/492 491/491/491
f 437/437/437 438/438/438 492/492/492
f 465/465/465 499/499/499 503/503/503
f 465/465/465 503/503/503 461/461/461
f 434/434/434 490/490/490 495/495/495
f 434/434/434 437/437/437 490/490/490
f 464/464/464 500/500/500 499/499/499
f 464/464/464 499/499/499 465/465/465
f 467/467/467 500/500/500 464/464/464
f 435/435/435 495/495/495 494/494/494
f 435/435/435 434/434/434 495/495/495
f 436/436/436 435/435/435 494/494/494
f 436/436/436 494/494/494 493/493/493
f 466/466/466 500/500/500 467/467/467
f 466/466/466 501/501/501 500/500/500
f 431/431/431 436/436/436 493/493/493
f 430/430/430 501/501/501 466/466/466
f 430/430/430 496/496/496 501/501/501
f 432/432/432 431/431/431 493/493/493
f 432/432/432 493/493/493 498/498/498
f 429/429/429 496/496/496 430/430/430
f 429/429/429 497/497/497 496/496/496
f 433/433/433 432/432/432 498/498/498
f 428/428/428 433/433/433 498/498/498
f 428/428/428 497/497/497 429/429/429
f 428/428/428 498/498/498 497/497/497
v -14.539062 -31.673828 0.000000
v -14.539062 -31.673828 5.000000
v -15.312500 -31.673828 5.000000
v -15.312500 -31.673828 0.000000
vn 0.000000 -1.000000 0.000000
vn 0.000000 -1.000000 0.000000
vn 0.000000 -1.000000 0.000000
vn 0.000000 -1.000000 0.000000
vt 0.000000 0.000000
vt 0.000000 -5.000000
vt 0.773438 -5.000000
vt 0.773438 0.000000
f 507/507/507 504/504/504 505/505/505
f 507/507/507 505/505/505 506/506/506
v -15.312500 -31.673828 0.000000
v -15.312500 -31.673828 5.000000
v -15.312500 -29.513672 5.000000
v -15.312500 -29.513672 0.000000
vn -1.000000 0.000000 0.000000
vn -1.000000 0.000000 0.000000
vn -1.000000 0.000000 0.000000
vn -1.000000 0.000000 0.000000
vt 0.000000 0.000000
vt 0.000000 -5.000000
vt 2.160156 -5.000000
vt 2.160156 0.000000
f 511/511/511 508/508/508 509/509/509
f 511/511/511 509/509/509 510/510/510
v -15.312500 -29.513672 0.000000
v -15.312500 -29.513672 5.000000
v -15.354817 -29.353081 5.000000
v -15.434896 -29.199436 5.000000
v -15.552734 -29.052734 5.000000
v -15.552734 -29.052734 0.000000
v -15.354817 -29.353081 0.000000
v -15.434896 -29.199436 0.000000
v -15.390137 -29.275391 2.500000
vn -0.989949 -0.141421 0.000000
vn -0.989949 -0.141421 0.000000
vn -0.931811 -0.362943 0.000000
vn -0.835009 -0.550237 0.000000
vn -0.723356 -0.690476 0.000000
vn -0.723356 -0.690476 0.000000
vn -0.931811 -0.362943 0.000000
vn -0.835009 -0.550237 0.000000
vn -0.886786 -0.462181 0.000000
vt 0.000000 0.000000
vt 0.000000 -5.000000
vt 0.333333 -5.000000
vt 0.666667 -5.000000
vt 1.000000 -5.000000
vt 1.000000 0.000000
vt 0.333333 0.000000
vt 0.666667 0.000000
vt 0.500000 -2.500000
f 520/520/520 512/512/512 513/513/513
f 520/520/520 513/513/513 514/514/514
f 520/520/520 514/514/514 515/515/515
f 520/520/520 515/515/515 516/516/516
f 520/520/520 516/516/516 517/517/517
f 520/520/520 518/518/518 512/512/512
f 520/520/520 519/519/519 518/518/518
f 520/520/520 517/517/517 519/519/519
v -15.552734 -29.052734 0.000000
v -15.552734 -29.052734 5.000000
v -15.694879 -28.925999 5.000000
v -15.847874 -28.832249 5.000000
v -16.011719 -28.771484 5.000000
v -16.011719 -28.771484 0.000000
v -15.694879 -28.925999 0.000000
v -15.847874 -28.832249 0.000000
v -15.770020 -28.875000 2.500000
vn -0.723356 -0.690476 0.000000
vn -0.723356 -0.690476 0.000000
vn -0.598491 -0.801130 0.000000
vn -0.438327 -0.898816 0.000000
vn -0.253028 -0.967459 0.000000
vn -0.253028 -0.967459 0.000000
vn -0.598491 -0.801130 0.000000
vn -0.438327 -0.898816 0.000000
vn -0.522477 -0.852653 0.000000
vt 0.000000 0.000000
vt 0.000000 -5.000000
vt 0.333333 -5.000000
vt 0.666667 -5.000000
vt 1.000000 -5.000000
vt 1.000000 0.000000
vt 0.333333 0.000000
vt 0.666667 0.000000
vt 0.500000 -2.500000
f 529/529/529 521/521/521 522/522/522
f 529/529/529 522/522/522 523/523/523
f 529/529/529 523/523/523 524/524/524
f 529/529/529 524/524/524 525/525/525
f 529/529/529 525/525/525 526/526/526
f 529/529/529 527/527/527 521/521/521
f 529/529/529 528/528/528 527/527/527
f 529/529/529 526/526/526 528/528/528
v -16.011719 -28.771484 0.000000
v -16.011719 -28.771484 5.000000
v -16.210938 -28.751953 5.000000
v -16.210938 -28.751953 0.000000
v -16.139648 -28.756836 2.500000
vn -0.124035 -0.992278 0.000000
vn -0.124035 -0.992278 0.000000
vn 0.000000 -1.000000 0.000000
vn 0.000000 -1.000000 0.000000
vn -0.097571 -0.995229 0.000000
vt 0.000000 0.000000
vt 0.000000 -5.000000
vt 1.000000 -5.000000
vt 1.000000 0.000000
vt 0.500000 -2.500000
f 534/534/534 530/530/530 531/531/531
f 534/534/534 531/531/531 532/532/532
f 534/534/534 532/532/532 533/533/533
f 534/534/534 533/533/533 530/530/530
v -16.210938 -28.751953 0.000000
v -16.210938 -28.751953 5.000000
v -16.503038 -28.779732 5.000000
v -16.816841 -28.863064 5.000000
v -17.152344 -29.001953 5.000000
v -17.152344 -29.001953 0.000000
v -16.503038 -28.779732 0.000000
v -16.816841 -28.863064 0.000000
v -16.657227 -28.814453 2.500000
vn 0.000000 -1.000000 0.000000
vn 0.000000 -1.000000 0.000000
vn 0.180373 -0.983598 0.000000
vn 0.323807 -0.946123 0.000000
vn 0.433612 -0.901100 0.000000
vn 0.433612 -0.901100 0.000000
vn 0.180373 -0.983598 0.000000
vn 0.323807 -0.946123 0.000000
vn 0.256664 -0.966501 0.000000
vt 0.000000 0.000000
vt 0.000000 -5.000000
vt 0.333333 -5.000000
vt 0.666667 -5.000000
vt 1.000000 -5.000000
vt 1.000000 0.000000
vt 0.333333 0.000000
vt 0.666667 0.000000
vt 0.500000 -2.500000
f 543/543/543 535/535/535 536/536/536
f 543/543/543 536/536/536 537/537/537
f 543/543/543 537/537/537 538/538/538
f 543/543/543 538/538/538 539/539/539
f 543/543/543 539/539/539 540/540/540
f 543/543/543 541/541/541 535/535/535
f 543/543/543 542/542/542 541/541/541
f 543/543/543 540/540/540 542/542/542
v -17.152344 -29.001953 0.000000
v -17.152344 -29.001953 5.000000
v -17.183594 -29.025391 5.000000
v -17.183594 -29.025391 0.000000
v -17.171875 -29.015625 2.500000
vn 0.554700 -0.832050 0.000000
vn 0.554700 -0.832050 0.000000
vn 0.707107 -0.707107 0.000000
vn 0.707107 -0.707107 0.000000
vn 0.600000 -0.800000 0.000000
vt 0.000000 0.000000
vt 0.000000 -5.000000
vt 1.000000 -5.000000
vt 1.000000 0.000000
vt 0.500000 -2.500000
f 548/548/548 544/544/544 545/545/545
f 548/548/548 545/545/545 546/546/546
f 548/548/548 546/546/546 547/547/547
f 548/548/548 547/547/547 544/544/544
v -17.183594 -29.025391 0.000000
v -17.183594 -29.025391 5.000000
v -17.195312 -29.041016 5.000000
v -17.195312 -29.041016 0.000000
v -17.190430 -29.033203 2.500000
vn 0.707107 -0.707107 0.000000
vn 0.707107 -0.707107 0.000000
vn 0.894427 -0.447214 0.000000
vn 0.894427 -0.447214 0.000000
vn 0.800000 -0.600000 0.000000
vt 0.000000 0.000000
vt 0.000000 -5.000000
vt 1.000000 -5.000000
vt 1.000000 0.000000
vt 0.500000 -2.500000
f 553/553/553 549/549/549 550/550/550
f 553/553/553 550/550/550 551/551/551
f 553/553/553 551/551/551 552/552/552
f 553/553/553 552/552/552 549/549/549
v -17.195312 -29.041016 0.000000
v -17.195312 -29.041016 5.000000
v -17.195312 -31.642578 5.000000
v -17.195312 -31.642578 0.000000
vn 1.000000 0.000000 0.000000
vn 1.000000 0.000000 0.000000
vn 1.000000 0.000000 0.000000
vn 1.000000 0.000000 0.000000
vt 0.000000 0.000000
vt 0.000000 -5.000000
vt 2.601562 -5.000000
vt 2.601562 0.000000
f 557/557/557 554/554/554 555/555/555
f 557/557/557 555/555/555 556/556/556
v -17.195312 -31.642578 0.000000
v -17.195312 -31.642578 5.000000
v -17.197266 -31.662109 5.000000
v -17.197266 -31.662109 0.000000
v -17.195801 -31.651367 2.500000
vn 1.000000 0.000000 -0.000000
vn 1.000000 0.000000 -0.000000
vn 0.986394 -0.164399 0.000000
vn 0.986394 -0.164399 0.000000
vn 0.995037 -0.099504 0.000000
vt 0.000000 0.000000
vt 0.000000 -5.000000
vt 1.000000 -5.000000
vt 1.000000 0.000000
vt 0.500000 -2.500000
f 562/562/562 558/558/558 559/559/559
f 562/562/562 559/559/559 560/560/560
f 562/562/562 560/560/560 561/561/561
f 562/562/562 561/561/561 558/558/558
v -17.197266 -31.662109 0.000000
v -17.197266 -31.662109 5.000000
v -17.203613 -31.670898 5.000000
v -17.218750 -31.673828 5.000000
v -17.218750 -31.673828 0.000000
v -17.203613 -31.670898 0.000000
v -17.203613 -31.670898 2.500000
vn 0.986394 -0.164399 0.000000
vn 0.986394 -0.164399 0.000000
vn 0.478852 -0.877896 0.000000
vn 0.000000 -1.000000 0.000000
vn 0.000000 -1.000000 0.000000
vn 0.478852 -0.877896 0.000000
vn 0.478852 -0.877896 0.000000
vt 0.000000 0.000000
vt 0.000000 -5.000000
vt 0.500000 -5.000000
vt 1.000000 -5.000000
vt 1.000000 0.000000
vt 0.500000 0.000000
vt 0.500000 -2.500000
f 569/569/569 563/563/563 564/564/564
f 569/569/569 564/564/564 565/565/565
f 569/569/569 565/565/565 566/566/566
f 569/569/569 566/566/566 567/567/567
f 569/569/569 568/568/568 563/563/563
f 569/569/569 567/567/567 568/568/568
v -17.218750 -31.673828 0.000000
v -17.218750 -31.673828 5.000000
v -17.906250 -31.673828 5.000000
v -17.906250 -31.673828 0.000000
vn 0.000000 -1.000000 0.000000
vn 0.000000 -1.000000 0.000000
vn 0.000000 -1.000000 0.000000
vn 0.000000 -1.000000 0.000000
vt 0.000000 0.000000
vt 0.000000 -5.000000
vt 0.687500 -5.000000
vt 0.687500 0.000000
f 573/573/573 570/570/570 571/571/571
f 573/573/573 571/571/571 572/572/572
v -17.906250 -31.673828 0.000000
v -17.906250 -31.673828 5.000000
v -17.923828 -31.666016 5.000000
v -17.928223 -31.656250 5.000000
v -17.929688 -31.642578 5.000000
v -17.929688 -31.642578 0.000000
v -17.923828 -31.666016 0.000000
v -17.928223 -31.656250 0.000000
v -17.923828 -31.666016 2.500000
vn 0.000000 -1.000000 0.000000
vn 0.000000 -1.000000 0.000000
vn -0.800000 -0.600000 0.000000
vn -0.970142 -0.242536 0.000000
vn -1.000000 0.000000 0.000000
vn -1.000000 0.000000 0.000000
vn -0.800000 -0.600000 0.000000
vn -0.970142 -0.242536 0.000000
vn -0.800000 -0.600000 0.000000
vt 0.000000 0.000000
vt 0.000000 -5.000000
vt 0.500000 -5.000000
vt 0.750000 -5.000000
vt 1.000000 -5.000000
vt 1.000000 0.000000
vt 0.500000 0.000000
vt 0.750000 0.000000
vt 0.500000 -2.500000
f 582/582/582 574/574/574 575/575/575
f 582/582/582 575/575/575 576/576/576
f 582/582/582 576/576/576 577/577/577
f 582/582/582 577/577/577 578/578/578
f 582/582/582 578/578/578 579/579/579
f 582/582/582 580/580/580 574/574/574
f 582/582/582 581/581/581 580/580/580
f 582/582/582 579/579/579 581/581/581
v -17.929688 -31.642578 0.000000
v -17.929688 -31.642578 5.000000
v -17.929688 -28.154297 5.000000
v -17.929688 -28.154297 0.000000
vn -1.000000 0.000000 0.000000
vn -1.000000 0.000000 0.000000
vn -1.000000 0.000000 0.000000
vn -1.000000 0.000000 0.000000
vt 0.000000 0.000000
vt 0.000000 -5.000000
vt 3.488281 -5.000000
vt 3.488281 0.000000
f 586/586/586 583/583/583 584/584/584
f 586/586/586 584/584/584 585/585/585
v -17.929688 -28.154297 0.000000
v -17.929688 -28.154297 5.000000
v -17.914062 -28.130859 5.000000
v -17.914062 -28.130859 0.000000
vn -0.832050 0.554700 0.000000
vn -0.832050 0.554700 0.000000
vn -0.832050 0.554700 0.000000
vn -0.832050 0.554700 0.000000
vt 0.000000 0.000000
vt 0.000000 -5.000000
vt 0.028168 -5.000000
vt 0.028168 0.000000
f 590/590/590 587/587/587 588/588/588
f 590/590/590 588/588/588 589/589/589
v -17.914062 -28.130859 0.000000
v -17.914062 -28.130859 5.000000
v -17.226562 -28.130859 5.000000
v -17.226562 -28.130859 0.000000
vn -0.000000 1.000000 0.000000
vn -0.000000 1.000000 0.000000
vn -0.000000 1.000000 0.000000
vn -0.000000 1.000000 0.000000
vt 0.000000 0.000000
vt 0.000000 -5.000000
vt 0.687500 -5.000000
vt 0.687500 0.000000
f 594/594/594 591/591/591 592/592/592
f 594/594/594 592/592/592 593/593/593
v -17.226562 -28.130859 0.000000
v -17.226562 -28.130859 5.000000
v -17.214216 -28.145906 5.000000
v -17.204958 -28.173683 5.000000
v -17.197723 -28.226309 5.000000
v -17.195312 -28.298828 5.000000
v -17.195312 -28.298828 0.000000
v -17.214216 -28.145906 0.000000
v -17.204958 -28.173683 0.000000
v -17.197723 -28.226309 0.000000
v -17.203125 -28.182617 2.500000
vn 0.529999 0.847998 -0.000000
vn 0.529999 0.847998 -0.000000
vn 0.892813 0.450428 -0.000000
vn 0.975403 0.220430 -0.000000
vn 0.997043 0.076843 -0.000000
vn 1.000000 0.000000 -0.000000
vn 1.000000 0.000000 -0.000000
vn 0.892813 0.450428 -0.000000
vn 0.975403 0.220430 -0.000000
vn 0.997043 0.076843 -0.000000
vn 0.983130 0.182908 -0.000000
vt 0.000000 0.000000
vt 0.000000 -5.000000
vt 0.222222 -5.000000
vt 0.444444 -5.000000
vt 0.722222 -5.000000
vt 1.000000 -5.000000
vt 1.000000 0.000000
vt 0.222222 0.000000
vt 0.444444 0.000000
vt 0.722222 0.000000
vt 0.500000 -2.500000
f 605/605/605 595/595/595 596/596/596
f 605/605/605 596/596/596 597/597/597
f 605/605/605 597/597/597 598/598/598
f 605/605/605 598/598/598 599/599/599
f 605/605/605 599/599/599 600/600/600
f 605/605/605 600/600/600 601/601/601
f 605/605/605 602/602/602 595/595/595
f 605/605/605 603/603/603 602/602/602
f 605/605/605 604/604/604 603/603/603
f 605/605/605 601/601/601 604/604/604
v -17.195312 -28.298828 0.000000
v -17.195312 -28.298828 5.000000
v -17.125488 -28.278809 5.000000
v -17.033203 -28.234375 5.000000
v -17.033203 -28.234375 0.000000
v -17.125488 -28.278809 0.000000
v -17.125488 -28.278809 2.500000
vn -0.132164 0.991228 0.000000
vn -0.132164 0.991228 0.000000
vn -0.369460 0.929247 0.000000
vn -0.480011 0.877262 0.000000
vn -0.480011 0.877262 0.000000
vn -0.369460 0.929247 0.000000
vn -0.369460 0.929247 0.000000
vt 0.000000 0.000000
vt 0.000000 -5.000000
vt 0.500000 -5.000000
vt 1.000000 -5.000000
vt 1.000000 0.000000
vt 0.500000 0.000000
vt 0.500000 -2.500000
f 612/612/612 606/606/606 607/607/607
f 612/612/612 607/607/607 608/608/608
f 612/612/612 608/608/608 609/609/609
f 612/612/612 609/609/609 610/610/610
f 612/612/612 611/611/611 606/606/606
f 612/612/612 610/610/610 611/611/611
v -17.033203 -28.234375 0.000000
v -17.033203 -28.234375 5.000000
v -16.859375 -28.154297 5.000000
v -16.859375 -28.154297 0.000000
v -16.937988 -28.186035 2.500000
vn -0.480011 0.877262 0.000000
vn -0.480011 0.877262 0.000000
vn -0.316228 0.948683 0.000000
vn -0.316228 0.948683 0.000000
vn -0.418411 0.908258 0.000000
vt 0.000000 0.000000
vt 0.000000 -5.000000
vt 1.000000 -5.000000
vt 1.000000 0.000000
vt 0.500000 -2.500000
f 617/617/617 613/613/613 614/614/614
f 617/617/617 614/614/614 615/615/615
f 617/617/617 615/615/615 616/616/616
f 617/617/617 616/616/616 613/613/613
v -16.859375 -28.154297 0.000000
v -16.859375 -28.154297 5.000000
v -16.570795 -28.081381 5.000000
v -16.379461 -28.056967 5.000000
v -16.179688 -28.048828 5.000000
v -16.179688 -28.048828 0.000000
v -16.570795 -28.081381 0.000000
v -16.379461 -28.056967 0.000000
v -16.533203 -28.075195 2.500000
vn -0.319779 0.947492 0.000000
vn -0.319779 0.947492 0.000000
vn -0.171395 0.985202 0.000000
vn -0.082944 0.996554 0.000000
vn 0.000000 1.000000 0.000000
vn 0.000000 1.000000 0.000000
vn -0.171395 0.985202 0.000000
vn -0.082944 0.996554 0.000000
vn -0.153337 0.988174 0.000000
vt 0.000000 0.000000
vt 0.000000 -5.000000
vt 0.444444 -5.000000
vt 0.722222 -5.000000
vt 1.000000 -5.000000
vt 1.000000 0.000000
vt 0.444444 0.000000
vt 0.722222 0.000000
vt 0.500000 -2.500000
f 626/626/626 618/618/618 619/619/619
f 626/626/626 619/619/619 620/620/620
f 626/626/626 620/620/620 621/621/621
f 626/626/626 621/621/621 622/622/622
f 626/626/626 622/622/622 623/623/623
f 626/626/626 624/624/624 618/618/618
f 626/626/626 625/625/625 624/624/624
f 626/626/626 623/623/623 625/625/625
v -16.179688 -28.048828 0.000000
v -16.179688 -28.048828 5.000000
v -15.847656 -28.073784 5.000000
v -15.539062 -28.148655 5.000000
v -15.253906 -28.273438 5.000000
v -15.253906 -28.273438 0.000000
v -15.847656 -28.073784 0.000000
v -15.539062 -28.148655 0.000000
v -15.690430 -28.104980 2.500000
vn 0.000000 1.000000 0.000000
vn 0.000000 1.000000 0.000000
vn 0.153968 0.988076 -0.000000
vn 0.318721 0.947849 -0.000000
vn 0.480315 0.877096 -0.000000
vn 0.480315 0.877096 -0.000000
vn 0.153968 0.988076 -0.000000
vn 0.318721 0.947849 -0.000000
vn 0.235776 0.971807 -0.000000
vt 0.000000 0.000000
vt 0.000000 -5.000000
vt 0.333333 -5.000000
vt 0.666667 -5.000000
vt 1.000000 -5.000000
vt 1.000000 0.000000
vt 0.333333 0.000000
vt 0.666667 0.000000
vt 0.500000 -2.500000
f 635/635/635 627/627/627 628/628/628
f 635/635/635 628/628/628 629/629/629
f 635/635/635 629/629/629 630/630/630
f 635/635/635 630/630/630 631/631/631
f 635/635/635 631/631/631 632/632/632
f 635/635/635 633/633/633 627/627/627
f 635/635/635 634/634/634 633/633/633
f 635/635/635 632/632/632 634/634/634
v -15.253906 -28.273438 0.000000
v -15.253906 -28.273438 5.000000
v -15.007379 -28.448133 5.000000
v -14.814671 -28.672743 5.000000
v -14.675781 -28.947266 5.000000
v -14.675781 -28.947266 0.000000
v -15.007379 -28.448133 0.000000
v -14.814671 -28.672743 0.000000
v -14.904297 -28.554199 2.500000
vn 0.480315 0.877096 -0.000000
vn 0.480315 0.877096 -0.000000
vn 0.672673 0.739940 -0.000000
vn 0.832941 0.553362 -0.000000
vn 0.936663 0.350231 -0.000000
vn 0.936663 0.350231 -0.000000
vn 0.672673 0.739940 -0.000000
vn 0.832941 0.553362 -0.000000
vn 0.758946 0.651154 -0.000000
vt 0.000000 0.000000
vt 0.000000 -5.000000
vt 0.333333 -5.000000
vt 0.666667 -5.000000
vt 1.000000 -5.000000
vt 1.000000 0.000000
vt 0.333333 0.000000
vt 0.666667 0.000000
vt 0.500000 -2.500000
f 644/644/644 636/636/636 637/637/637
f 644/644/644 637/637/637 638/638/638
f 644/644/644 638/638/638 639/639/639
f 644/644/644 639/639/639 640/640/640
f 644/644/644 640/640/640 641/641/641
f 644/644/644 642/642/642 636/636/636
f 644/644/644 643/643/643 642/642/642
f 644/644/644 641/641/641 643/643/643
v -14.675781 -28.947266 0.000000
v -14.675781 -28.947266 5.000000
v -14.586914 -29.237305 5.000000
v -14.539062 -29.568359 5.000000
v -14.539062 -29.568359 0.000000
v -14.586914 -29.237305 0.000000
v -14.586914 -29.237305 2.500000
vn 0.926613 0.376017 -0.000000
vn 0.926613 0.376017 -0.000000
vn 0.976619 0.214979 -0.000000
vn 0.996989 0.077544 -0.000000
vn 0.996989 0.077544 -0.000000
vn 0.976619 0.214979 -0.000000
vn 0.976619 0.214979 -0.000000
vt 0.000000 0.000000
vt 0.000000 -5.000000
vt 0.500000 -5.000000
vt 1.000000 -5.000000
vt 1.000000 0.000000
vt 0.500000 0.000000
vt 0.500000 -2.500000
f 651/651/651 645/645/645 646/646/646
f 651/651/651 646/646/646 647/647/647
f 651/651/651 647/647/647 648/648/648
f 651/651/651 648/648/648 649/649/649
f 651/651/651 650/650/650 645/645/645
f 651/651/651 649/649/649 650/650/650
v -14.539062 -29.568359 0.000000
v -14.539062 -29.568359 5.000000
v -14.515625 -30.259766 5.000000
v -14.515625 -30.259766 0.000000
v -14.521484 -29.911133 2.500000
vn 0.997630 0.068802 -0.000000
vn 0.997630 0.068802 -0.000000
vn 1.000000 0.000000 -0.000000
vn 1.000000 0.000000 -0.000000
vn 0.999426 0.033879 -0.000000
vt 0.000000 0.000000
vt 0.000000 -5.000000
vt 1.000000 -5.000000
vt 1.000000 0.000000
vt 0.500000 -2.500000
f 656/656/656 652/652/652 653/653/653
f 656/656/656 653/653/653 654/654/654
f 656/656/656 654/654/654 655/655/655
f 656/656/656 655/655/655 652/652/652
v -14.515625 -30.259766 0.000000
v -14.515625 -30.259766 5.000000
v -14.517578 -30.617188 5.000000
v -14.517578 -30.617188 0.000000
v -14.516113 -30.468262 2.500000
vn 1.000000 0.000000 -0.000000
vn 1.000000 0.000000 -0.000000
vn 0.999866 -0.016391 0.000000
vn 0.999866 -0.016391 0.000000
vn 0.999985 -0.005464 0.000000
vt 0.000000 0.000000
vt 0.000000 -5.000000
vt 1.000000 -5.000000
vt 1.000000 0.000000
vt 0.500000 -2.500000
f 661/661/661 657/657/657 658/658/658
f 661/661/661 658/658/658 659/659/659
f 661/661/661 659/659/659 660/660/660
f 661/661/661 660/660/660 657/657/657
v -14.517578 -30.617188 0.000000
v -14.517578 -30.617188 5.000000
v -14.523438 -30.916016 5.000000
v -14.523438 -30.916016 0.000000
v -14.520020 -30.751465 2.500000
vn 0.999866 -0.016391 0.000000
vn 0.999866 -0.016391 0.000000
vn 0.999764 -0.021734 0.000000
vn 0.999764 -0.021734 0.000000
vn 0.999808 -0.019604 0.000000
vt 0.000000 0.000000
vt 0.000000 -5.000000
vt 1.000000 -5.000000
vt 1.000000 0.000000
vt 0.500000 -2.500000
f 666/666/666 662/662/662 663/663/663
f 666/666/666 663/663/663 664/664/664
f 666/666/666 664/664/664 665/665/665
f 666/666/666 665/665/665 662/662/662
v -14.523438 -30.916016 0.000000
v -14.523438 -30.916016 5.000000
v -14.533203 -31.298828 5.000000
v -14.533203 -31.298828 0.000000
v -14.527832 -31.101562 2.500000
vn 0.999764 -0.021734 0.000000
vn 0.999764 -0.021734 0.000000
vn 0.999584 -0.028834 0.000000
vn 0.999584 -0.028834 0.000000
vn 0.999675 -0.025502 0.000000
vt 0.000000 0.000000
vt 0.000000 -5.000000
vt 1.000000 -5.000000
vt 1.000000 0.000000
vt 0.500000 -2.500000
f 671/671/671 667/667/667 668/668/668
f 671/671/671 668/668/668 669/669/669
f 671/671/671 669/669/669 670/670/670
f 671/671/671 670/670/670 667/667/667
v -14.533203 -31.298828 0.000000
v -14.533203 -31.298828 5.000000
v -14.539062 -31.673828 5.000000
v -14.539062 -31.673828 0.000000
v -14.537598 -31.494141 2.500000
vn 0.999584 -0.028834 0.000000
vn 0.999584 -0.028834 0.000000
vn 1.000000 0.000000 -0.000000
vn 1.000000 0.000000 -0.000000
vn 0.999878 -0.015623 0.000000
vt 0.000000 0.000000
vt 0.000000 -5.000000
vt 1.000000 -5.000000
vt 1.000000 0.000000
vt 0.500000 -2.500000
f 676/676/676 672/672/672 673/673/673
f 676/676/676 673/673/673 674/674/674
f 676/676/676 674/674/674 675/675/675
f 676/676/676 675/675/675 672/672/672
v -14.533203 -31.298828 0.000000
v -14.539062 -31.673828 0.000000
v -14.523438 -30.916016 0.000000
v -14.517578 -30.617188 0.000000
v -14.515625 -30.259766 0.000000
v -14.539062 -29.568359 0.000000
v -14.675781 -28.947266 0.000000
v -14.586914 -29.237305 0.000000
v -15.253906 -28.273438 0.000000
v -15.007379 -28.448133 0.000000
v -14.814671 -28.672743 0.000000
v -16.179688 -28.048828 0.000000
v -15.847656 -28.073784 0.000000
v -15.539062 -28.148655 0.000000
v -16.859375 -28.154297 0.000000
v -16.570795 -28.081381 0.000000
v -16.379461 -28.056967 0.000000
v -17.033203 -28.234375 0.000000
v -17.195312 -28.298828 0.000000
v -17.125488 -28.278809 0.000000
v -17.226562 -28.130859 0.000000
v -17.214216 -28.145906 0.000000
v -17.204958 -28.173683 0.000000
v -17.197723 -28.226309 0.000000
v -17.914062 -28.130859 0.000000
v -17.929688 -28.154297 0.000000
v -17.929688 -31.642578 0.000000
v -17.906250 -31.673828 0.000000
v -17.923828 -31.666016 0.000000
v -17.928223 -31.656250 0.000000
v -17.218750 -31.673828 0.000000
v -17.197266 -31.662109 0.000000
v -17.203613 -31.670898 0.000000
v -17.195312 -31.642578 0.000000
v -17.195312 -29.041016 0.000000
v -17.183594 -29.025391 0.000000
v -17.152344 -29.001953 0.000000
v -16.210938 -28.751953 0.000000
v -16.503038 -28.779732 0.000000
v -16.816841 -28.863064 0.000000
v -16.011719 -28.771484 0.000000
v -15.552734 -29.052734 0.000000
v -15.694879 -28.925999 0.000000
v -15.847874 -28.832249 0.000000
v -15.312500 -29.513672 0.000000
v -15.354817 -29.353081 0.000000
v -15.434896 -29.199436 0.000000
v -15.312500 -31.673828 0.000000
vn -0.000000 -0.000000 -1.000000
vn -0.000000 -0.000000 -1.000000
vn -0.000000 -0.000000 -1.000000
vn -0.000000 -0.000000 -1.000000
vn -0.000000 -0.000000 -1.000000
vn -0.000000 -0.000000 -1.000000
vn -0.000000 -0.000000 -1.000000
vn -0.000000 -0.000000 -1.000000
vn -0.000000 -0.000000 -1.000000
vn -0.000000 -0.000000 -1.000000
vn -0.000000 -0.000000 -1.000000
vn -0.000000 -0.000000 -1.000000
vn -0.000000 -0.000000 -1.000000
vn -0.000000 -0.000000 -1.000000
vn -0.000000 -0.000000 -1.000000
vn -0.000000 -0.000000 -1.000000
vn -0.000000 -0.000000 -1.000000
vn -0.000000 -0.000000 -1.000000
vn -0.000000 -0.000000 -1.000000
vn -0.000000 -0.000000 -1.000000
vn -0.000000 -0.000000 -1.000000
vn -0.000000 -0.000000 -1.000000
vn -0.000000 -0.000000 -1.000000
vn -0.000000 -0.000000 -1.000000
vn -0.000000 -0.000000 -1.000000
vn -0.000000 -0.000000 -1.000000
vn -0.000000 -0.000000 -1.000000
vn -0.000000 -0.000000 -1.000000
vn -0.000000 -0.000000 -1.000000
vn -0.000000 -0.000000 -1.000000
vn -0.000000 -0.000000 -1.000000
vn -0.000000 -0.000000 -1.000000
vn -0.000000 -0.000000 -1.000000
vn -0.000000 -0.000000 -1.000000
vn -0.000000 -0.000000 -1.000000
vn -0.000000 -0.000000 -1.000000
vn -0.000000 -0.000000 -1.000000
vn -0.000000 -0.000000 -1.000000
vn -0.000000 -0.000000 -1.000000
vn -0.000000 -0.000000 -1.000000
vn -0.000000 -0.000000 -1.000000
vn -0.000000 -0.000000 -1.000000
vn -0.000000 -0.000000 -1.000000
vn -0.000000 -0.000000 -1.000000
vn -0.000000 -0.000000 -1.000000
vn -0.000000 -0.000000 -1.000000
vn -0.000000 -0.000000 -1.000000
vn -0.000000 -0.000000 -1.000000
vt 3.876953 0.375000
vt 3.871094 0.000000
vt 3.886719 0.757812
vt 3.892578 1.056641
vt 3.894531 1.414062
vt 3.871094 2.105469
vt 3.734375 2.726562
vt 3.823242 2.436523
vt 3.156250 3.400391
vt 3.402778 3.225694
vt 3.595486 3.001085
vt 2.230469 3.625000
vt 2.562500 3.600043
vt 2.871094 3.525174
vt 1.550781 3.519531
vt 1.839362 3.592448
vt 2.030695 3.616862
vt 1.376953 3.439453
vt 1.214844 3.375000
vt 1.284668 3.395020
vt 1.183594 3.542969
vt 1.195939 3.527922
vt 1.205199 3.500145
vt 1.212433 3.447519
vt 0.496094 3.542969
vt 0.480469 3.519531
vt 0.480469 0.031250
vt 0.503906 0.000000
vt 0.486328 0.007812
vt 0.481934 0.017578
vt 1.191406 0.000000
vt 1.212891 0.011719
vt 1.206543 0.002930
vt 1.214844 0.031250
vt 1.214844 2.632812
vt 1.226562 2.648438
vt 1.257812 2.671875
vt 2.199219 2.921875
vt 1.907118 2.894097
vt 1.593316 2.810764
vt 2.398438 2.902344
vt 2.857422 2.621094
vt 2.715278 2.747830
vt 2.562283 2.841580
vt 3.097656 2.160156
vt 3.055339 2.320746
vt 2.975260 2.474392
vt 3.097656 0.000000
f 704/704/704 705/705/705 706/706/706
f 703/703/703 704/704/704 706/706/706
f 708/708/708 709/709/709 707/707/707
f 710/710/710 707/707/707 704/704/704
f 710/710/710 704/704/704 703/703/703
f 710/710/710 708/708/708 707/707/707
f 711/711/711 710/710/710 703/703/703
f 702/702/702 712/712/712 711/711/711
f 702/702/702 711/711/711 703/703/703
f 677/677/677 678/678/678 724/724/724
f 695/695/695 702/702/702 701/701/701
f 695/695/695 713/713/713 712/712/712
f 695/695/695 716/716/716 713/713/713
f 695/695/695 712/712/712 702/702/702
f 679/679/679 677/677/677 724/724/724
f 696/696/696 716/716/716 695/695/695
f 697/697/697 698/698/698 699/699/699
f 697/697/697 699/699/699 700/700/700
f 697/697/697 700/700/700 695/695/695
f 697/697/697 695/695/695 701/701/701
f 694/694/694 716/716/716 696/696/696
f 680/680/680 679/679/679 724/724/724
f 691/691/691 716/716/716 694/694/694
f 691/691/691 715/715/715 716/716/716
f 721/721/721 680/680/680 724/724/724
f 681/681/681 680/680/680 721/721/721
f 692/692/692 715/715/715 691/691/691
f 693/693/693 715/715/715 692/692/692
f 693/693/693 714/714/714 715/715/715
f 688/688/688 714/714/714 693/693/693
f 688/688/688 717/717/717 714/714/714
f 682/682/682 681/681/681 721/721/721
f 689/689/689 717/717/717 688/688/688
f 689/689/689 720/720/720 717/717/717
f 684/684/684 682/682/682 721/721/721
f 684/684/684 721/721/721 722/722/722
f 690/690/690 720/720/720 689/689/689
f 690/690/690 719/719/719 720/720/720
f 683/683/683 684/684/684 722/722/722
f 683/683/683 722/722/722 723/723/723
f 685/685/685 719/719/719 690/690/690
f 687/687/687 683/683/683 723/723/723
f 687/687/687 723/723/723 718/718/718
f 686/686/686 718/718/718 719/719/719
f 686/686/686 719/719/719 685/685/685
f 686/686/686 687/687/687 718/718/718
v -14.533203 -31.298828 5.000000
v -14.539062 -31.673828 5.000000
v -14.523438 -30.916016 5.000000
v -14.517578 -30.617188 5.000000
v -14.515625 -30.259766 5.000000
v -14.539062 -29.568359 5.000000
v -14.675781 -28.947266 5.000000
v -14.586914 -29.237305 5.000000
v -15.253906 -28.273438 5.000000
v -15.007379 -28.448133 5.000000
v -14.814671 -28.672743 5.000000
v -16.179688 -28.048828 5.000000
v -15.847656 -28.073784 5.000000
v -15.539062 -28.148655 5.000000
v -16.859375 -28.154297 5.000000
v -16.570795 -28.081381 5.000000
v -16.379461 -28.056967 5.000000
v -17.033203 -28.234375 5.000000
v -17.195312 -28.298828 5.000000
v -17.125488 -28.278809 5.000000
v -17.226562 -28.130859 5.000000
v -17.214216 -28.145906 5.000000
v -17.204958 -28.173683 5.000000
v -17.197723 -28.226309 5.000000
v -17.914062 -28.130859 5.000000
v -17.929688 -28.154297 5.000000
v -17.929688 -31.642578 5.000000
v -17.906250 -31.673828 5.000000
v -17.923828 -31.666016 5.000000
v -17.928223 -31.656250 5.000000
v -17.218750 -31.673828 5.000000
v -17.197266 -31.662109 5.000000
v -17.203613 -31.670898 5.000000
v -17.195312 -31.642578 5.000000
v -17.195312 -29.041016 5.000000
v -17.183594 -29.025391 5.000000
v -17.152344 -29.001953 5.000000
v -16.210938 -28.751953 5.000000
v -16.503038 -28.779732 5.000000
v -16.816841 -28.863064 5.000000
v -16.011719 -28.771484 5.000000
v -15.552734 -29.052734 5.000000
v -15.694879 -28.925999 5.000000
v -15.847874 -28.832249 5.000000
v -15.312500 -29.513672 5.000000
v -15.354817 -29.353081 5.000000
v -15.434896 -29.199436 5.000000
v -15.312500 -31.673828 5.000000
vn 0.000000 0.000000 1.000000
vn 0.000000 0.000000 1.000000
vn 0.000000 0.000000 1.000000
vn 0.000000 0.000000 1.000000
vn 0.000000 0.000000 1.000000
vn 0.000000 0.000000 1.000000
vn 0.000000 0.000000 1.000000
vn 0.000000 0.000000 1.000000
vn 0.000000 0.000000 1.000000
vn 0.000000 0.000000 1.000000
vn 0.000000 0.000000 1.000000
vn 0.000000 0.000000 1.000000
vn 0.000000 0.000000 1.000000
vn 0.000000 0.000000 1.000000
vn 0.000000 0.000000 1.000000
vn 0.000000 0.000000 1.000000
vn 0.000000 0.000000 1.000000
vn 0.000000 0.000000 1.000000
vn 0.000000 0.000000 1.000000
vn 0.000000 0.000000 1.000000
vn 0.000000 0.000000 1.000000
vn 0.000000 0.000000 1.000000
vn 0.000000 0.000000 1.000000
vn 0.000000 0.000000 1.000000
vn 0.000000 0.000000 1.000000
vn 0.000000 0.000000 1.000000
vn 0.000000 0.000000 1.000000
vn 0.000000 0.000000 1.000000
vn 0.000000 0.000000 1.000000
vn 0.000000 0.000000 1.000000
vn 0.000000 0.000000 1.000000
vn 0.000000 0.000000 1.000000
vn 0.000000 0.000000 1.000000
vn 0.000000 0.000000 1.000000
vn 0.000000 0.000000 1.000000
vn 0.000000 0.000000 1.000000
vn 0.000000 0.000000 1.000000
vn 0.000000 0.000000 1.000000
vn 0.000000 0.000000 1.000000
vn 0.000000 0.000000 1.000000
vn 0.000000 0.000000 1.000000
vn 0.000000 0.000000 1.000000
vn 0.000000 0.000000 1.000000
vn 0.000000 0.000000 1.000000
vn 0.000000 0.000000 1.000000
vn 0.000000 0.000000 1.000000
vn 0.000000 0.000000 1.000000
vn 0.000000 0.000000 1.000000
vt 3.876953 0.375000
vt 3.871094 0.000000
vt 3.886719 0.757812
vt 3.892578 1.056641
vt 3.894531 1.414062
vt 3.871094 2.105469
vt 3.734375 2.726562
vt 3.823242 2.436523
vt 3.156250 3.400391
vt 3.402778 3.225694
vt 3.595486 3.001085
vt 2.230469 3.625000
vt 2.562500 3.600043
vt 2.871094 3.525174
vt 1.550781 3.519531
vt 1.839362 3.592448
vt 2.030695 3.616862
vt 1.376953 3.439453
vt 1.214844 3.375000
vt 1.284668 3.395020
vt 1.183594 3.542969
vt 1.195939 3.527922
vt 1.205199 3.500145
vt 1.212433 3.447519
vt 0.496094 3.542969
vt 0.480469 3.519531
vt 0.480469 0.031250
vt 0.503906 0.000000
vt 0.486328 0.007812
vt 0.481934 0.017578
vt 1.191406 0.000000
vt 1.212891 0.011719
vt 1.206543 0.002930
vt 1.214844 0.031250
vt 1.214844 2.632812
vt 1.226562 2.648438
vt 1.257812 2.671875
vt 2.199219 2.921875
vt 1.907118 2.894097
vt 1.593316 2.810764
vt 2.398438 2.902344
vt 2.857422 2.621094
vt 2.715278 2.747830
vt 2.562283 2.841580
vt 3.097656 2.160156
vt 3.055339 2.320746
vt 2.975260 2.474392
vt 3.097656 0.000000
f 752/752/752 754/754/754 753/753/753
f 751/751/751 754/754/754 752/752/752
f 756/756/756 755/755/755 757/757/757
f 758/758/758 752/752/752 755/755/755
f 758/758/758 751/751/751 752/752/752
f 758/758/758 755/755/755 756/756/756
f 759/759/759 751/751/751 758/758/758
f 750/750/750 759/759/759 760/760/760
f 750/750/750 751/751/751 759/759/759
f 725/725/725 772/772/772 726/726/726
f 743/743/743 749/749/749 750/750/750
f 743/743/743 760/760/760 761/761/761
f 743/743/743 761/761/761 764/764/764
f 743/743/743 750/750/750 760/760/760
f 727/727/727 772/772/772 725/725/725
f 744/744/744 743/743/743 764/764/764
f 745/745/745 747/747/747 746/746/746
f 745/745/745 748/748/748 747/747/747
f 745/745/745 743/743/743 748/748/748
f 745/745/745 749/749/749 743/743/743
f 742/742/742 744/744/744 764/764/764
f 728/728/728 772/772/772 727/727/727
f 739/739/739 742/742/742 764/764/764
f 739/739/739 764/764/764 763/763/763
f 769/769/769 772/772/772 728/728/728
f 729/729/729 769/769/769 728/728/728
f 740/740/740 739/739/739 763/763/763
f 741/741/741 740/740/740 763/763/763
f 741/741/741 763/763/763 762/762/762
f 736/736/736 741/741/741 762/762/762
f 736/736/736 762/762/762 765/765/765
f 730/730/730 769/769/769 729/729/729
f 737/737/737 736/736/736 765/765/765
f 737/737/737 765/765/765 768/768/768
f 732/732/732 769/769/769 730/730/730
f 732/732/732 770/770/770 769/769/769
f 738/738/738 737/737/737 768/768/768
f 738/738/738 768/768/768 767/767/767
f 731/731/731 770/770/770 732/732/732
f 731/731/731 771/771/771 770/770/770
f 733/733/733 738/738/738 767/767/767
f 735/735/735 771/771/771 731/731/731
f 735/735/735 766/766/766 771/771/771
f 734/734/734 767/767/767 766/766/766
f 734/734/734 733/733/733 767/767/767
f 734/734/734 766/766/766 735/735/735
v -10.273438 -26.384766 0.000000
v -10.273438 -26.384766 5.000000
v -10.273438 -31.634766 5.000000
v -10.273438 -31.634766 0.000000
vn 1.000000 0.000000 0.000000
vn 1.000000 0.000000 0.000000
vn 1.000000 0.000000 0.000000
vn 1.000000 0.000000 0.000000
vt 0.000000 0.000000
vt 0.000000 -5.000000
vt 5.250000 -5.000000
vt 5.250000 0.000000
f 776/776/776 773/773/773 774/774/774
f 776/776/776 774/774/774 775/775/775
v -10.273438 -31.634766 0.000000
v -10.273438 -31.634766 5.000000
v -10.296875 -31.673828 5.000000
v -10.296875 -31.673828 0.000000
vn 0.857493 -0.514496 0.000000
vn 0.857493 -0.514496 0.000000
vn 0.857493 -0.514496 0.000000
vn 0.857493 -0.514496 0.000000
vt 0.000000 0.000000
vt 0.000000 -5.000000
vt 0.045554 -5.000000
vt 0.045554 0.000000
f 780/780/780 777/777/777 778/778/778
f 780/780/780 778/778/778 779/779/779
v -10.296875 -31.673828 0.000000
v -10.296875 -31.673828 5.000000
v -11.023438 -31.673828 5.000000
v -11.023438 -31.673828 0.000000
vn 0.000000 -1.000000 0.000000
vn 0.000000 -1.000000 0.000000
vn 0.000000 -1.000000 0.000000
vn 0.000000 -1.000000 0.000000
vt 0.000000 0.000000
vt 0.000000 -5.000000
vt 0.726562 -5.000000
vt 0.726562 0.000000
f 784/784/784 781/781/781 782/782/782
f 784/784/784 782/782/782 783/783/783
v -11.023438 -31.673828 0.000000
v -11.023438 -31.673828 5.000000
v -11.031250 -31.513672 5.000000
v -11.031250 -31.513672 0.000000
v -11.025391 -31.565430 2.500000
vn -1.000000 0.000000 0.000000
vn -1.000000 0.000000 0.000000
vn -0.948683 -0.316228 0.000000
vn -0.948683 -0.316228 0.000000
vn -0.998812 -0.048723 0.000000
vt 0.000000 0.000000
vt 0.000000 -5.000000
vt 1.000000 -5.000000
vt 1.000000 0.000000
vt 0.500000 -2.500000
f 789/789/789 785/785/785 786/786/786
f 789/789/789 786/786/786 787/787/787
f 789/789/789 787/787/787 788/788/788
f 789/789/789 788/788/788 785/785/785
v -11.031250 -31.513672 0.000000
v -11.031250 -31.513672 5.000000
v -11.040039 -31.501953 5.000000
v -11.051025 -31.499023 5.000000
v -11.066406 -31.498047 5.000000
v -11.066406 -31.498047 0.000000
v -11.040039 -31.501953 0.000000
v -11.051025 -31.499023 0.000000
v -11.040039 -31.501953 2.500000
v -11.033447 -31.506836 3.750000
v -11.033447 -31.506836 1.250000
vn -1.000000 0.000000 0.000000
vn -1.000000 0.000000 0.000000
vn -0.406138 -0.913812 0.000000
vn -0.146549 -0.989203 0.000000
vn 0.000000 -1.000000 0.000000
vn 0.000000 -1.000000 0.000000
vn -0.406138 -0.913812 0.000000
vn -0.146549 -0.989203 0.000000
vn -0.406138 -0.913812 0.000000
vn -0.800000 -0.600000 0.000000
vn -0.800000 -0.600000 0.000000
vt 0.000000 0.000000
vt 0.000000 -5.000000
vt 0.500000 -5.000000
vt 0.750000 -5.000000
vt 1.000000 -5.000000
vt 1.000000 0.000000
vt 0.500000 0.000000
vt 0.750000 0.000000
vt 0.500000 -2.500000
vt 0.250000 -3.750000
vt 0.250000 -1.250000
f 798/798/798 794/794/794 795/795/795
f 799/799/799 791/791/791 792/792/792
f 799/799/799 792/792/792 793/793/793
f 799/799/799 793/793/793 794/794/794
f 799/799/799 794/794/794 798/798/798
f 800/800/800 790/790/790 791/791/791
f 800/800/800 796/796/796 790/790/790
f 800/800/800 797/797/797 796/796/796
f 800/800/800 795/795/795 797/797/797
f 800/800/800 799/799/799 798/798/798
f 800/800/800 791/791/791 799/799/799
f 800/800/800 798/798/798 795/795/795
v -11.066406 -31.498047 0.000000
v -11.066406 -31.498047 5.000000
v -11.274414 -31.603516 5.000000
v -11.500000 -31.677734 5.000000
v -11.500000 -31.677734 0.000000
v -11.274414 -31.603516 0.000000
v -11.274414 -31.603516 2.500000
vn 0.519415 -0.854522 0.000000
vn 0.519415 -0.854522 0.000000
vn 0.382842 -0.923814 0.000000
vn 0.242536 -0.970142 0.000000
vn 0.242536 -0.970142 0.000000
vn 0.382842 -0.923814 0.000000
vn 0.382842 -0.923814 0.000000
vt 0.000000 0.000000
vt 0.000000 -5.000000
vt 0.500000 -5.000000
vt 1.000000 -5.000000
vt 1.000000 0.000000
vt 0.500000 0.000000
vt 0.500000 -2.500000
f 807/807/807 801/801/801 802/802/802
f 807/807/807 802/802/802 803/803/803
f 807/807/807 803/803/803 804/804/804
f 807/807/807 804/804/804 805/805/805
f 807/807/807 806/806/806 801/801/801
f 807/807/807 805/805/805 806/806/806
v -11.500000 -31.677734 0.000000
v -11.500000 -31.677734 5.000000
v -11.992188 -31.736328 5.000000
v -11.992188 -31.736328 0.000000
v -11.740234 -31.721680 2.500000
vn 0.242536 -0.970142 0.000000
vn 0.242536 -0.970142 0.000000
vn 0.000000 -1.000000 0.000000
vn 0.000000 -1.000000 0.000000
vn 0.118213 -0.992988 0.000000
vt 0.000000 0.000000
vt 0.000000 -5.000000
vt 1.000000 -5.000000
vt 1.000000 0.000000
vt 0.500000 -2.500000
f 812/812/812 808/808/808 809/809/809
f 812/812/812 809/809/809 810/810/810
f 812/812/812 810/810/810 811/811/811
f 812/812/812 811/811/811 808/808/808
v -11.992188 -31.736328 0.000000
v -11.992188 -31.736328 5.000000
v -12.348958 -31.706381 5.000000
v -12.674479 -31.616537 5.000000
v -12.968750 -31.466797 5.000000
v -12.968750 -31.466797 0.000000
v -12.348958 -31.706381 0.000000
v -12.674479 -31.616537 0.000000
v -12.515625 -31.668945 2.500000
vn 0.000000 -1.000000 0.000000
vn 0.000000 -1.000000 0.000000
vn -0.172927 -0.984935 0.000000
vn -0.360554 -0.932738 0.000000
vn -0.541948 -0.840412 0.000000
vn -0.541948 -0.840412 0.000000
vn -0.172927 -0.984935 0.000000
vn -0.360554 -0.932738 0.000000
vn -0.266053 -0.963959 0.000000
vt 0.000000 0.000000
vt 0.000000 -5.000000
vt 0.333333 -5.000000
vt 0.666667 -5.000000
vt 1.000000 -5.000000
vt 1.000000 0.000000
vt 0.333333 0.000000
vt 0.666667 0.000000
vt 0.500000 -2.500000
f 821/821/821 813/813/813 814/814/814
f 821/821/821 814/814/814 815/815/815
f 821/821/821 815/815/815 816/816/816
f 821/821/821 816/816/816 817/817/817
f 821/821/821 817/817/817 818/818/818
f 821/821/821 819/819/819 813/813/813
f 821/821/821 820/820/820 819/819/819
f 821/821/821 818/818/818 820/820/820
v -12.968750 -31.466797 0.000000
v -12.968750 -31.466797 5.000000
v -13.193287 -31.292028 5.000000
v -13.318341 -31.167517 5.000000
v -13.431641 -31.031250 5.000000
v -13.431641 -31.031250 0.000000
v -13.193287 -31.292028 0.000000
v -13.318341 -31.167517 0.000000
v -13.219238 -31.268066 2.500000
vn -0.554700 -0.832050 0.000000
vn -0.554700 -0.832050 0.000000
vn -0.671449 -0.741051 0.000000
vn -0.738131 -0.674658 0.000000
vn -0.797802 -0.602919 0.000000
vn -0.797802 -0.602919 0.000000
vn -0.671449 -0.741051 0.000000
vn -0.738131 -0.674658 0.000000
vn -0.685269 -0.728290 0.000000
vt 0.000000 0.000000
vt 0.000000 -5.000000
vt 0.444444 -5.000000
vt 0.722222 -5.000000
vt 1.000000 -5.000000
vt 1.000000 0.000000
vt 0.444444 0.000000
vt 0.722222 0.000000
vt 0.500000 -2.500000
f 830/830/830 822/822/822 823/823/823
f 830/830/830 823/823/823 824/824/824
f 830/830/830 824/824/824 825/825/825
f 830/830/830 825/825/825 826/826/826
f 830/830/830 826/826/826 827/827/827
f 830/830/830 828/828/828 822/822/822
f 830/830/830 829/829/829 828/828/828
f 830/830/830 827/827/827 829/829/829
v -13.431641 -31.031250 0.000000
v -13.431641 -31.031250 5.000000
v -13.584226 -30.794947 5.000000
v -13.660000 -30.638245 5.000000
v -13.720703 -30.474609 5.000000
v -13.720703 -30.474609 0.000000
v -13.584226 -30.794947 0.000000
v -13.660000 -30.638245 0.000000
v -13.600586 -30.764160 2.500000
vn -0.797802 -0.602919 0.000000
vn -0.797802 -0.602919 0.000000
vn -0.878555 -0.477641 0.000000
vn -0.919985 -0.391954 0.000000
vn -0.952926 -0.303204 0.000000
vn -0.952926 -0.303204 0.000000
vn -0.878555 -0.477641 0.000000
vn -0.919985 -0.391954 0.000000
vn -0.887472 -0.460862 0.000000
vt 0.000000 0.000000
vt 0.000000 -5.000000
vt 0.444444 -5.000000
vt 0.722222 -5.000000
vt 1.000000 -5.000000
vt 1.000000 0.000000
vt 0.444444 0.000000
vt 0.722222 0.000000
vt 0.500000 -2.500000
f 839/839/839 831/831/831 832/832/832
f 839/839/839 832/832/832 833/833/833
f 839/839/839 833/833/833 834/834/834
f 839/839/839 834/834/834 835/835/835
f 839/839/839 835/835/835 836/836/836
f 839/839/839 837/837/837 831/831/831
f 839/839/839 838/838/838 837/837/837
f 839/839/839 836/836/836 838/838/838
v -13.720703 -30.474609 0.000000
v -13.720703 -30.474609 5.000000
v -13.792480 -30.167969 5.000000
v -13.816406 -29.849609 5.000000
v -13.816406 -29.849609 0.000000
v -13.792480 -30.167969 0.000000
v -13.792480 -30.167969 2.500000
vn -0.952926 -0.303204 0.000000
vn -0.952926 -0.303204 0.000000
vn -0.988479 -0.151361 0.000000
vn -1.000000 0.000000 0.000000
vn -1.000000 0.000000 0.000000
vn -0.988479 -0.151361 0.000000
vn -0.988479 -0.151361 0.000000
vt 0.000000 0.000000
vt 0.000000 -5.000000
vt 0.500000 -5.000000
vt 1.000000 -5.000000
vt 1.000000 0.000000
vt 0.500000 0.000000
vt 0.500000 -2.500000
f 846/846/846 840/840/840 841/841/841
f 846/846/846 841/841/841 842/842/842
f 846/846/846 842/842/842 843/843/843
f 846/846/846 843/843/843 844/844/844
f 846/846/846 845/845/845 840/840/840
f 846/846/846 844/844/844 845/845/845
v -13.816406 -29.849609 0.000000
v -13.816406 -29.849609 5.000000
v -13.761719 -29.345703 5.000000
v -13.761719 -29.345703 0.000000
v -13.802734 -29.588867 2.500000
vn -1.000000 0.000000 0.000000
vn -1.000000 0.000000 0.000000
vn -0.973841 0.227230 0.000000
vn -0.973841 0.227230 0.000000
vn -0.994162 0.107894 0.000000
vt 0.000000 0.000000
vt 0.000000 -5.000000
vt 1.000000 -5.000000
vt 1.000000 0.000000
vt 0.500000 -2.500000
f 851/851/851 847/847/847 848/848/848
f 851/851/851 848/848/848 849/849/849
f 851/851/851 849/849/849 850/850/850
f 851/851/851 850/850/850 847/847/847
v -13.761719 -29.345703 0.000000
v -13.761719 -29.345703 5.000000
v -13.705512 -29.153646 5.000000
v -13.620226 -28.968100 5.000000
v -13.505859 -28.789062 5.000000
v -13.505859 -28.789062 0.000000
v -13.705512 -29.153646 0.000000
v -13.620226 -28.968100 0.000000
v -13.666504 -29.060059 2.500000
vn -0.977993 0.208638 0.000000
vn -0.977993 0.208638 0.000000
vn -0.936418 0.350888 0.000000
vn -0.877096 0.480315 0.000000
vn -0.806405 0.591364 0.000000
vn -0.806405 0.591364 0.000000
vn -0.936418 0.350888 0.000000
vn -0.877096 0.480315 0.000000
vn -0.908611 0.417642 0.000000
vt 0.000000 0.000000
vt 0.000000 -5.000000
vt 0.333333 -5.000000
vt 0.666667 -5.000000
vt 1.000000 -5.000000
vt 1.000000 0.000000
vt 0.333333 0.000000
vt 0.666667 0.000000
vt 0.500000 -2.500000
f 860/860/860 852/852/852 853/853/853
f 860/860/860 853/853/853 854/854/854
f 860/860/860 854/854/854 855/855/855
f 860/860/860 855/855/855 856/856/856
f 860/860/860 856/856/856 857/857/857
f 860/860/860 858/858/858 852/852/852
f 860/860/860 859/859/859 858/858/858
f 860/860/860 857/857/857 859/859/859
v -13.505859 -28.789062 0.000000
v -13.505859 -28.789062 5.000000
v -13.320868 -28.572048 5.000000
v -13.191925 -28.454048 5.000000
v -13.052734 -28.349609 5.000000
v -13.052734 -28.349609 0.000000
v -13.320868 -28.572048 0.000000
v -13.191925 -28.454048 0.000000
v -13.295898 -28.547363 2.500000
vn -0.806405 0.591364 0.000000
vn -0.806405 0.591364 0.000000
vn -0.709845 0.704358 0.000000
vn -0.638481 0.769638 0.000000
vn -0.560435 0.828198 0.000000
vn -0.560435 0.828198 0.000000
vn -0.709845 0.704358 0.000000
vn -0.638481 0.769638 0.000000
vn -0.696194 0.717854 0.000000
vt 0.000000 0.000000
vt 0.000000 -5.000000
vt 0.444444 -5.000000
vt 0.722222 -5.000000
vt 1.000000 -5.000000
vt 1.000000 0.000000
vt 0.444444 0.000000
vt 0.722222 0.000000
vt 0.500000 -2.500000
f 869/869/869 861/861/861 862/862/862
f 869/869/869 862/862/862 863/863/863
f 869/869/869 863/863/863 864/864/864
f 869/869/869 864/864/864 865/865/865
f 869/869/869 865/865/865 866/866/866
f 869/869/869 867/867/867 861/861/861
f 869/869/869 868/868/868 867/867/867
f 869/869/869 866/866/866 868/868/868
v -13.052734 -28.349609 0.000000
v -13.052734 -28.349609 5.000000
v -12.814502 -28.214964 5.000000
v -12.658161 -28.152754 5.000000
v -12.496094 -28.107422 5.000000
v -12.496094 -28.107422 0.000000
v -12.814502 -28.214964 0.000000
v -12.658161 -28.152754 0.000000
v -12.783691 -28.201172 2.500000
vn -0.560435 0.828198 0.000000
vn -0.560435 0.828198 0.000000
vn -0.418153 0.908377 0.000000
vn -0.319992 0.947420 0.000000
vn -0.218290 0.975884 0.000000
vn -0.218290 0.975884 0.000000
vn -0.418153 0.908377 0.000000
vn -0.319992 0.947420 0.000000
vn -0.398961 0.916968 0.000000
vt 0.000000 0.000000
vt 0.000000 -5.000000
vt 0.444444 -5.000000
vt 0.722222 -5.000000
vt 1.000000 -5.000000
vt 1.000000 0.000000
vt 0.444444 0.000000
vt 0.722222 0.000000
vt 0.500000 -2.500000
f 878/878/878 870/870/870 871/871/871
f 878/878/878 871/871/871 872/872/872
f 878/878/878 872/872/872 873/873/873
f 878/878/878 873/873/873 874/874/874
f 878/878/878 874/874/874 875/875/875
f 878/878/878 876/876/876 870/870/870
f 878/878/878 877/877/877 876/876/876
f 878/878/878 875/875/875 877/877/877
v -12.496094 -28.107422 0.000000
v -12.496094 -28.107422 5.000000
v -11.953125 -28.041016 5.000000
v -11.953125 -28.041016 0.000000
v -12.217773 -28.057617 2.500000
vn -0.226808 0.973940 0.000000
vn -0.226808 0.973940 0.000000
vn 0.000000 1.000000 0.000000
vn 0.000000 1.000000 0.000000
vn -0.121398 0.992604 0.000000
vt 0.000000 0.000000
vt 0.000000 -5.000000
vt 1.000000 -5.000000
vt 1.000000 0.000000
vt 0.500000 -2.500000
f 883/883/883 879/879/879 880/880/880
f 883/883/883 880/880/880 881/881/881
f 883/883/883 881/881/881 882/882/882
f 883/883/883 882/882/882 879/879/879
v -11.953125 -28.041016 0.000000
v -11.953125 -28.041016 5.000000
v -11.637587 -28.064018 5.000000
v -11.342014 -28.133030 5.000000
v -11.066406 -28.248047 5.000000
v -11.066406 -28.248047 0.000000
v -11.637587 -28.064018 0.000000
v -11.342014 -28.133030 0.000000
v -11.487305 -28.092773 2.500000
vn 0.000000 1.000000 0.000000
vn 0.000000 1.000000 0.000000
vn 0.148890 0.988854 -0.000000
vn 0.306665 0.951818 -0.000000
vn 0.461079 0.887359 -0.000000
vn 0.461079 0.887359 -0.000000
vn 0.148890 0.988854 -0.000000
vn 0.306665 0.951818 -0.000000
vn 0.227365 0.973810 -0.000000
vt 0.000000 0.000000
vt 0.000000 -5.000000
vt 0.333333 -5.000000
vt 0.666667 -5.000000
vt 1.000000 -5.000000
vt 1.000000 0.000000
vt 0.333333 0.000000
vt 0.666667 0.000000
vt 0.500000 -2.500000
f 892/892/892 884/884/884 885/885/885
f 892/892/892 885/885/885 886/886/886
f 892/892/892 886/886/886 887/887/887
f 892/892/892 887/887/887 888/888/888
f 892/892/892 888/888/888 889/889/889
f 892/892/892 890/890/890 884/884/884
f 892/892/892 891/891/891 890/890/890
f 892/892/892 889/889/889 891/891/891
v -11.066406 -28.248047 0.000000
v -11.066406 -28.248047 5.000000
v -11.051270 -28.244141 5.000000
v -11.037109 -28.232422 5.000000
v -11.037109 -28.232422 0.000000
v -11.051270 -28.244141 0.000000
v -11.051270 -28.244141 2.500000
vn 0.000000 1.000000 0.000000
vn 0.000000 1.000000 0.000000
vn -0.470588 0.882353 0.000000
vn -0.752577 0.658505 0.000000
vn -0.752577 0.658505 0.000000
vn -0.470588 0.882353 0.000000
vn -0.470588 0.882353 0.000000
vt 0.000000 0.000000
vt 0.000000 -5.000000
vt 0.500000 -5.000000
vt 1.000000 -5.000000
vt 1.000000 0.000000
vt 0.500000 0.000000
vt 0.500000 -2.500000
f 899/899/899 893/893/893 894/894/894
f 899/899/899 894/894/894 895/895/895
f 899/899/899 895/895/895 896/896/896
f 899/899/899 896/896/896 897/897/897
f 899/899/899 898/898/898 893/893/893
f 899/899/899 897/897/897 898/898/898
v -11.037109 -28.232422 0.000000
v -11.037109 -28.232422 5.000000
v -11.026855 -28.218750 5.000000
v -11.023438 -28.208984 5.000000
v -11.023438 -28.208984 0.000000
v -11.026855 -28.218750 0.000000
v -11.026855 -28.218750 2.500000
vn -0.752577 0.658505 0.000000
vn -0.752577 0.658505 0.000000
vn -0.863779 0.503871 0.000000
vn -1.000000 0.000000 0.000000
vn -1.000000 0.000000 0.000000
vn -0.863779 0.503871 0.000000
vn -0.863779 0.503871 0.000000
vt 0.000000 0.000000
vt 0.000000 -5.000000
vt 0.500000 -5.000000
vt 1.000000 -5.000000
vt 1.000000 0.000000
vt 0.500000 0.000000
vt 0.500000 -2.500000
f 906/906/906 900/900/900 901/901/901
f 906/906/906 901/901/901 902/902/902
f 906/906/906 902/902/902 903/903/903
f 906/906/906 903/903/903 904/904/904
f 906/906/906 905/905/905 900/900/900
f 906/906/906 904/904/904 905/905/905
v -11.023438 -28.208984 0.000000
v -11.023438 -28.208984 5.000000
v -11.023438 -26.392578 5.000000
v -11.023438 -26.392578 0.000000
vn -1.000000 0.000000 0.000000
vn -1.000000 0.000000 0.000000
vn -1.000000 0.000000 0.000000
vn -1.000000 0.000000 0.000000
vt 0.000000 0.000000
vt 0.000000 -5.000000
vt 1.816406 -5.000000
vt 1.816406 0.000000
f 910/910/910 907/907/907 908/908/908
f 910/910/910 908/908/908 909/909/909
v -11.023438 -26.392578 0.000000
v -11.023438 -26.392578 5.000000
v -10.992188 -26.361328 5.000000
v -10.992188 -26.361328 0.000000
vn -0.707107 0.707107 0.000000
vn -0.707107 0.707107 0.000000
vn -0.707107 0.707107 0.000000
vn -0.707107 0.707107 0.000000
vt 0.000000 0.000000
vt 0.000000 -5.000000
vt 0.044194 -5.000000
vt 0.044194 0.000000
f 914/914/914 911/911/911 912/912/912
f 914/914/914 912/912/912 913/913/913
v -10.992188 -26.361328 0.000000
v -10.992188 -26.361328 5.000000
v -10.625000 -26.363281 5.000000
v -10.625000 -26.363281 0.000000
v -10.789062 -26.361816 2.500000
vn 0.000000 1.000000 0.000000
vn 0.000000 1.000000 0.000000
vn 0.013512 0.999909 -0.000000
vn 0.013512 0.999909 -0.000000
vn 0.005319 0.999986 -0.000000
vt 0.000000 0.000000
vt 0.000000 -5.000000
vt 1.000000 -5.000000
vt 1.000000 0.000000
vt 0.500000 -2.500000
f 919/919/919 915/915/915 916/916/916
f 919/919/919 916/916/916 917/917/917
f 919/919/919 917/917/917 918/918/918
f 919/919/919 918/918/918 915/915/915
v -10.625000 -26.363281 0.000000
v -10.625000 -26.363281 5.000000
v -10.312500 -26.369141 5.000000
v -10.312500 -26.369141 0.000000
v -10.474609 -26.365723 2.500000
vn 0.013512 0.999909 -0.000000
vn 0.013512 0.999909 -0.000000
vn 0.023250 0.999730 -0.000000
vn 0.023250 0.999730 -0.000000
vn 0.018747 0.999824 -0.000000
vt 0.000000 0.000000
vt 0.000000 -5.000000
vt 1.000000 -5.000000
vt 1.000000 0.000000
vt 0.500000 -2.500000
f 924/924/924 920/920/920 921/921/921
f 924/924/924 921/921/921 922/922/922
f 924/924/924 922/922/922 923/923/923
f 924/924/924 923/923/923 920/920/920
v -10.312500 -26.369141 0.000000
v -10.312500 -26.369141 5.000000
v -10.300781 -26.371094 5.000000
v -10.289062 -26.376953 5.000000
v -10.289062 -26.376953 0.000000
v -10.300781 -26.371094 0.000000
v -10.300781 -26.371094 2.500000
vn 0.000000 1.000000 0.000000
vn 0.000000 1.000000 0.000000
vn 0.316228 0.948683 -0.000000
vn 0.554700 0.832050 -0.000000
vn 0.554700 0.832050 -0.000000
vn 0.316228 0.948683 -0.000000
vn 0.316228 0.948683 -0.000000
vt 0.000000 0.000000
vt 0.000000 -5.000000
vt 0.500000 -5.000000
vt 1.000000 -5.000000
vt 1.000000 0.000000
vt 0.500000 0.000000
vt 0.500000 -2.500000
f 931/931/931 925/925/925 926/926/926
f 931/931/931 926/926/926 927/927/927
f 931/931/931 927/927/927 928/928/928
f 931/931/931 928/928/928 929/929/929
f 931/931/931 930/930/930 925/925/925
f 931/931/931 929/929/929 930/930/930
v -10.289062 -26.376953 0.000000
v -10.289062 -26.376953 5.000000
v -10.273438 -26.384766 5.000000
v -10.273438 -26.384766 0.000000
v -10.279297 -26.382812 2.500000
vn 0.554700 0.832050 -0.000000
vn 0.554700 0.832050 -0.000000
vn 0.000000 1.000000 0.000000
vn 0.000000 1.000000 0.000000
vn 0.447214 0.894427 -0.000000
vt 0.000000 0.000000
vt 0.000000 -5.000000
vt 1.000000 -5.000000
vt 1.000000 0.000000
vt 0.500000 -2.500000
f 936/936/936 932/932/932 933/933/933
f 936/936/936 933/933/933 934/934/934
f 936/936/936 934/934/934 935/935/935
f 936/936/936 935/935/935 932/932/932
v -11.023438 -30.673828 0.000000
v -11.023438 -30.673828 5.000000
v -11.023438 -30.281250 5.000000
v -11.023438 -30.281250 0.000000
v -11.023438 -30.497559 2.500000
vn -1.000000 0.000000 0.000000
vn -1.000000 0.000000 0.000000
vn -1.000000 0.000000 0.000000
vn -1.000000 0.000000 0.000000
vn -1.000000 0.000000 0.000000
vt 0.000000 0.000000
vt 0.000000 -5.000000
vt 1.000000 -5.000000
vt 1.000000 0.000000
vt 0.500000 -2.500000
f 941/941/941 937/937/937 938/938/938
f 941/941/941 938/938/938 939/939/939
f 941/941/941 939/939/939 940/940/940
f 941/941/941 940/940/940 937/937/937
v -11.023438 -30.281250 0.000000
v -11.023438 -30.281250 5.000000
v -11.025391 -29.599609 5.000000
v -11.025391 -29.599609 0.000000
v -11.023926 -29.992676 2.500000
vn -1.000000 0.000000 0.000000
vn -1.000000 0.000000 0.000000
vn -0.999990 -0.004386 0.000000
vn -0.999990 -0.004386 0.000000
vn -0.999996 -0.002865 0.000000
vt 0.000000 0.000000
vt 0.000000 -5.000000
vt 1.000000 -5.000000
vt 1.000000 0.000000
vt 0.500000 -2.500000
f 946/946/946 942/942/942 943/943/943
f 946/946/946 943/943/943 944/944/944
f 946/946/946 944/944/944 945/945/945
f 946/946/946 945/945/945 942/942/942
v -11.025391 -29.599609 0.000000
v -11.025391 -29.599609 5.000000
v -11.031250 -29.099609 5.000000
v -11.031250 -29.099609 0.000000
v -11.027832 -29.251953 2.500000
vn -0.999990 -0.004386 0.000000
vn -0.999990 -0.004386 0.000000
vn -0.997459 -0.071247 0.000000
vn -0.997459 -0.071247 0.000000
vn -0.999931 -0.011718 0.000000
vt 0.000000 0.000000
vt 0.000000 -5.000000
vt 1.000000 -5.000000
vt 1.000000 0.000000
vt 0.500000 -2.500000
f 951/951/951 947/947/947 948/948/948
f 951/951/951 948/948/948 949/949/949
f 951/951/951 949/949/949 950/950/950
f 951/951/951 950/950/950 947/947/947
v -11.031250 -29.099609 0.000000
v -11.031250 -29.099609 5.000000
v -11.161458 -29.002171 5.000000
v -11.312500 -28.918186 5.000000
v -11.484375 -28.847656 5.000000
v -11.484375 -28.847656 0.000000
v -11.161458 -29.002171 0.000000
v -11.312500 -28.918186 0.000000
v -11.234375 -28.958496 2.500000
vn -0.656179 -0.754606 0.000000
vn -0.656179 -0.754606 0.000000
vn -0.542068 -0.840335 0.000000
vn -0.431627 -0.902052 0.000000
vn -0.330350 -0.943858 0.000000
vn -0.330350 -0.943858 0.000000
vn -0.542068 -0.840335 0.000000
vn -0.431627 -0.902052 0.000000
vn -0.485963 -0.873980 0.000000
vt 0.000000 0.000000
vt 0.000000 -5.000000
vt 0.333333 -5.000000
vt 0.666667 -5.000000
vt 1.000000 -5.000000
vt 1.000000 0.000000
vt 0.333333 0.000000
vt 0.666667 0.000000
vt 0.500000 -2.500000
f 960/960/960 952/952/952 953/953/953
f 960/960/960 953/953/953 954/954/954
f 960/960/960 954/954/954 955/955/955
f 960/960/960 955/955/955 956/956/956
f 960/960/960 956/956/956 957/957/957
f 960/960/960 958/958/958 952/952/952
f 960/960/960 959/959/959 958/958/958
f 960/960/960 957/957/957 959/959/959
v -11.484375 -28.847656 0.000000
v -11.484375 -28.847656 5.000000
v -11.725887 -28.781490 5.000000
v -11.875265 -28.759338 5.000000
v -12.023438 -28.751953 5.000000
v -12.023438 -28.751953 0.000000
v -11.725887 -28.781490 0.000000
v -11.875265 -28.759338 0.000000
v -11.755859 -28.775879 2.500000
vn -0.330350 -0.943858 0.000000
vn -0.330350 -0.943858 0.000000
vn -0.193233 -0.981153 0.000000
vn -0.098785 -0.995109 0.000000
vn -0.000000 -1.000000 0.000000
vn -0.000000 -1.000000 0.000000
vn -0.193233 -0.981153 0.000000
vn -0.098785 -0.995109 0.000000
vn -0.174803 -0.984603 0.000000
vt 0.000000 0.000000
vt 0.000000 -5.000000
vt 0.444444 -5.000000
vt 0.722222 -5.000000
vt 1.000000 -5.000000
vt 1.000000 0.000000
vt 0.444444 0.000000
vt 0.722222 0.000000
vt 0.500000 -2.500000
f 969/969/969 961/961/961 962/962/962
f 969/969/969 962/962/962 963/963/963
f 969/969/969 963/963/963 964/964/964
f 969/969/969 964/964/964 965/965/965
f 969/969/969 965/965/965 966/966/966
f 969/969/969 967/967/967 961/961/961
f 969/969/969 968/968/968 967/967/967
f 969/969/969 966/966/966 968/968/968
v -12.023438 -28.751953 0.000000
v -12.023438 -28.751953 5.000000
v -12.189671 -28.763672 5.000000
v -12.344618 -28.798828 5.000000
v -12.488281 -28.857422 5.000000
v -12.488281 -28.857422 0.000000
v -12.189671 -28.763672 0.000000
v -12.344618 -28.798828 0.000000
v -12.268555 -28.778320 2.500000
vn 0.000000 -1.000000 0.000000
vn 0.000000 -1.000000 0.000000
vn 0.144416 -0.989517 0.000000
vn 0.299538 -0.954084 0.000000
vn 0.453926 -0.891039 0.000000
vn 0.453926 -0.891039 0.000000
vn 0.144416 -0.989517 0.000000
vn 0.299538 -0.954084 0.000000
vn 0.221267 -0.975213 0.000000
vt 0.000000 0.000000
vt 0.000000 -5.000000
vt 0.333333 -5.000000
vt 0.666667 -5.000000
vt 1.000000 -5.000000
vt 1.000000 0.000000
vt 0.333333 0.000000
vt 0.666667 0.000000
vt 0.500000 -2.500000
f 978/978/978 970/970/970 971/971/971
f 978/978/978 971/971/971 972/972/972
f 978/978/978 972/972/972 973/973/973
f 978/978/978 973/973/973 974/974/974
f 978/978/978 974/974/974 975/975/975
f 978/978/978 976/976/976 970/970/970
f 978/978/978 977/977/977 976/976/976
f 978/978/978 975/975/975 977/977/977
v -12.488281 -28.857422 0.000000
v -12.488281 -28.857422 5.000000
v -12.640408 -28.955946 5.000000
v -12.779079 -29.090061 5.000000
v -12.904297 -29.259766 5.000000
v -12.904297 -29.259766 0.000000
v -12.640408 -28.955946 0.000000
v -12.779079 -29.090061 0.000000
v -12.711426 -29.018555 2.500000
vn 0.453050 -0.891485 0.000000
vn 0.453050 -0.891485 0.000000
vn 0.624695 -0.780869 0.000000
vn 0.754977 -0.655751 0.000000
vn 0.845349 -0.534214 0.000000
vn 0.845349 -0.534214 0.000000
vn 0.624695 -0.780869 0.000000
vn 0.754977 -0.655751 0.000000
vn 0.695197 -0.718820 0.000000
vt 0.000000 0.000000
vt 0.000000 -5.000000
vt 0.333333 -5.000000
vt 0.666667 -5.000000
vt 1.000000 -5.000000
vt 1.000000 0.000000
vt 0.333333 0.000000
vt 0.666667 0.000000
vt 0.500000 -2.500000
f 987/987/987 979/979/979 980/980/980
f 987/987/987 980/980/980 981/981/981
f 987/987/987 981/981/981 982/982/982
f 987/987/987 982/982/982 983/983/983
f 987/987/987 983/983/983 984/984/984
f 987/987/987 985/985/985 979/979/979
f 987/987/987 986/986/986 985/985/985
f 987/987/987 984/984/984 986/986/986
v -12.904297 -29.259766 0.000000
v -12.904297 -29.259766 5.000000
v -13.003038 -29.453775 5.000000
v -13.062283 -29.660807 5.000000
v -13.082031 -29.880859 5.000000
v -13.082031 -29.880859 0.000000
v -13.003038 -29.453775 0.000000
v -13.062283 -29.660807 0.000000
v -13.037598 -29.555664 2.500000
vn 0.845349 -0.534214 0.000000
vn 0.845349 -0.534214 0.000000
vn 0.930408 -0.366525 0.000000
vn 0.983322 -0.181875 0.000000
vn 1.000000 0.000000 -0.000000
vn 1.000000 0.000000 -0.000000
vn 0.930408 -0.366525 0.000000
vn 0.983322 -0.181875 0.000000
vn 0.961410 -0.275120 0.000000
vt 0.000000 0.000000
vt 0.000000 -5.000000
vt 0.333333 -5.000000
vt 0.666667 -5.000000
vt 1.000000 -5.000000
vt 1.000000 0.000000
vt 0.333333 0.000000
vt 0.666667 0.000000
vt 0.500000 -2.500000
f 996/996/996 988/988/988 989/989/989
f 996/996/996 989/989/989 990/990/990
f 996/996/996 990/990/990 991/991/991
f 996/996/996 991/991/991 992/992/992
f 996/996/996 992/992/992 993/993/993
f 996/996/996 994/994/994 988/988/988
f 996/996/996 995/995/995 994/994/994
f 996/996/996 993/993/993 995/995/995
v -13.082031 -29.880859 0.000000
v -13.082031 -29.880859 5.000000
v -13.003047 -30.256798 5.000000
v -12.878249 -30.507702 5.000000
v -12.714159 -30.697243 5.000000
v -12.611329 -30.778893 5.000000
v -12.496094 -30.849609 5.000000
v -12.496094 -30.849609 0.000000
v -13.003047 -30.256798 0.000000
v -12.878249 -30.507702 0.000000
v -12.714159 -30.697243 0.000000
v -12.611329 -30.778893 0.000000
v -12.904297 -30.466797 2.500000
vn 0.995893 0.090536 -0.000000
vn 0.995893 0.090536 -0.000000
vn 0.942388 0.334522 -0.000000
vn 0.830801 0.556569 -0.000000
vn 0.669605 0.742718 -0.000000
vn 0.572756 0.819726 -0.000000
vn 0.473316 0.880893 -0.000000
vn 0.473316 0.880893 -0.000000
vn 0.942388 0.334522 -0.000000
vn 0.830801 0.556569 -0.000000
vn 0.669605 0.742718 -0.000000
vn 0.572756 0.819726 -0.000000
vn 0.855661 0.517537 -0.000000
vt 0.000000 0.000000
vt 0.000000 -5.000000
vt 0.300000 -5.000000
vt 0.543000 -5.000000
vt 0.768000 -5.000000
vt 0.884000 -5.000000
vt 1.000000 -5.000000
vt 1.000000 0.000000
vt 0.300000 0.000000
vt 0.543000 0.000000
vt 0.768000 0.000000
vt 0.884000 0.000000
vt 0.500000 -2.500000
f 1009/1009/1009 997/997/997 998/998/998
f 1009/1009/1009 998/998/998 999/999/999
f 1009/1009/1009 999/999/999 1000/1000/1000
f 1009/1009/1009 1000/1000/1000 1001/1001/1001
f 1009/1009/1009 1001/1001/1001 1002/1002/1002
f 1009/1009/1009 1002/1002/1002 1003/1003/1003
f 1009/1009/1009 1003/1003/1003 1004/1004/1004
f 1009/1009/1009 1005/1005/1005 997/997/997
f 1009/1009/1009 1006/1006/1006 1005/1005/1005
f 1009/1009/1009 1007/1007/1007 1006/1006/1006
f 1009/1009/1009 1008/1008/1008 1007/1007/1007
f 1009/1009/1009 1004/1004/1004 1008/1008/1008
v -12.496094 -30.849609 0.000000
v -12.496094 -30.849609 5.000000
v -12.326389 -30.925564 5.000000
v -12.145399 -30.971138 5.000000
v -11.953125 -30.986328 5.000000
v -11.953125 -30.986328 0.000000
v -12.326389 -30.925564 0.000000
v -12.145399 -30.971138 0.000000
v -12.237305 -30.952148 2.500000
vn 0.485643 0.874157 -0.000000
vn 0.485643 0.874157 -0.000000
vn 0.327432 0.944875 -0.000000
vn 0.160676 0.987007 -0.000000
vn 0.000000 1.000000 0.000000
vn 0.000000 1.000000 0.000000
vn 0.327432 0.944875 -0.000000
vn 0.160676 0.987007 -0.000000
vn 0.244177 0.969731 -0.000000
vt 0.000000 0.000000
vt 0.000000 -5.000000
vt 0.333333 -5.000000
vt 0.666667 -5.000000
vt 1.000000 -5.000000
vt 1.000000 0.000000
vt 0.333333 0.000000
vt 0.666667 0.000000
vt 0.500000 -2.500000
f 1018/1018/1018 1010/1010/1010 1011/1011/1011
f 1018/1018/1018 1011/1011/1011 1012/1012/1012
f 1018/1018/1018 1012/1012/1012 1013/1013/1013
f 1018/1018/1018 1013/1013/1013 1014/1014/1014
f 1018/1018/1018 1014/1014/1014 1015/1015/1015
f 1018/1018/1018 1016/1016/1016 1010/1010/1010
f 1018/1018/1018 1017/1017/1017 1016/1016/1016
f 1018/1018/1018 1015/1015/1015 1017/1017/1017
v -11.953125 -30.986328 0.000000
v -11.953125 -30.986328 5.000000
v -11.639757 -30.951607 5.000000
v -11.329861 -30.847439 5.000000
v -11.023438 -30.673828 5.000000
v -11.023438 -30.673828 0.000000
v -11.639757 -30.951607 0.000000
v -11.329861 -30.847439 0.000000
v -11.484375 -30.908203 2.500000
vn 0.000000 1.000000 0.000000
vn 0.000000 1.000000 0.000000
vn -0.217506 0.976059 0.000000
vn -0.410899 0.911681 0.000000
vn -0.564431 0.825480 0.000000
vn -0.564431 0.825480 0.000000
vn -0.217506 0.976059 0.000000
vn -0.410899 0.911681 0.000000
vn -0.318616 0.947884 0.000000
vt 0.000000 0.000000
vt 0.000000 -5.000000
vt 0.333333 -5.000000
vt 0.666667 -5.000000
vt 1.000000 -5.000000
vt 1.000000 0.000000
vt 0.333333 0.000000
vt 0.666667 0.000000
vt 0.500000 -2.500000
f 1027/1027/1027 1019/1019/1019 1020/1020/1020
f 1027/1027/1027 1020/1020/1020 1021/1021/1021
f 1027/1027/1027 1021/1021/1021 1022/1022/1022
f 1027/1027/1027 1022/1022/1022 1023/1023/1023
f 1027/1027/1027 1023/1023/1023 1024/1024/1024
f 1027/1027/1027 1025/1025/1025 1019/1019/1019
f 1027/1027/1027 1026/1026/1026 1025/1025/1025
f 1027/1027/1027 1024/1024/1024 1026/1026/1026
v -10.289062 -26.376953 0.000000
v -10.273438 -26.384766 0.000000
v -10.312500 -26.369141 0.000000
v -10.300781 -26.371094 0.000000
v -10.625000 -26.363281 0.000000
v -10.992188 -26.361328 0.000000
v -11.023438 -26.392578 0.000000
v -11.023438 -28.208984 0.000000
v -11.037109 -28.232422 0.000000
v -11.026855 -28.218750 0.000000
v -11.066406 -28.248047 0.000000
v -11.051270 -28.244141 0.000000
v -11.953125 -28.041016 0.000000
v -11.637587 -28.064018 0.000000
v -11.342014 -28.133030 0.000000
v -12.496094 -28.107422 0.000000
v -13.052734 -28.349609 0.000000
v -12.814502 -28.214964 0.000000
v -12.658161 -28.152754 0.000000
v -13.505859 -28.789062 0.000000
v -13.320868 -28.572048 0.000000
v -13.191925 -28.454048 0.000000
v -13.761719 -29.345703 0.000000
v -13.705512 -29.153646 0.000000
v -13.620226 -28.968100 0.000000
v -13.816406 -29.849609 0.000000
v -13.720703 -30.474609 0.000000
v -13.792480 -30.167969 0.000000
v -13.431641 -31.031250 0.000000
v -13.584226 -30.794947 0.000000
v -13.660000 -30.638245 0.000000
v -12.968750 -31.466797 0.000000
v -13.193287 -31.292028 0.000000
v -13.318341 -31.167517 0.000000
v -11.992188 -31.736328 0.000000
v -12.348958 -31.706381 0.000000
v -12.674479 -31.616537 0.000000
v -11.500000 -31.677734 0.000000
v -11.066406 -31.498047 0.000000
v -11.274414 -31.603516 0.000000
v -11.031250 -31.513672 0.000000
v -11.040039 -31.501953 0.000000
v -11.051025 -31.499023 0.000000
v -11.023438 -31.673828 0.000000
v -10.296875 -31.673828 0.000000
v -10.273438 -31.634766 0.000000
v -11.953125 -30.986328 0.000000
v -11.639757 -30.951607 0.000000
v -11.329861 -30.847439 0.000000
v -11.023438 -30.673828 0.000000
v -12.496094 -30.849609 0.000000
v -12.326389 -30.925564 0.000000
v -12.145399 -30.971138 0.000000
v -13.082031 -29.880859 0.000000
v -13.003047 -30.256798 0.000000
v -12.878249 -30.507702 0.000000
v -12.714159 -30.697243 0.000000
v -12.611329 -30.778893 0.000000
v -12.904297 -29.259766 0.000000
v -13.003038 -29.453775 0.000000
v -13.062283 -29.660807 0.000000
v -12.488281 -28.857422 0.000000
v -12.640408 -28.955946 0.000000
v -12.779079 -29.090061 0.000000
v -12.023438 -28.751953 0.000000
v -12.189671 -28.763672 0.000000
v -12.344618 -28.798828 0.000000
v -11.484375 -28.847656 0.000000
v -11.725887 -28.781490 0.000000
v -11.875265 -28.759338 0.000000
v -11.031250 -29.099609 0.000000
v -11.161458 -29.002171 0.000000
v -11.312500 -28.918186 0.000000
v -11.025391 -29.599609 0.000000
v -11.023438 -30.281250 0.000000
vn -0.000000 -0.000000 -1.000000
vn -0.000000 -0.000000 -1.000000
vn -0.000000 -0.000000 -1.000000
vn -0.000000 -0.000000 -1.000000
vn -0.000000 -0.000000 -1.000000
vn -0.000000 -0.000000 -1.000000
vn -0.000000 -0.000000 -1.000000
vn -0.000000 -0.000000 -1.000000
vn -0.000000 -0.000000 -1.000000
vn -0.000000 -0.000000 -1.000000
vn -0.000000 -0.000000 -1.000000
vn -0.000000 -0.000000 -1.000000
vn -0.000000 -0.000000 -1.000000
vn -0.000000 -0.000000 -1.000000
vn -0.000000 -0.000000 -1.000000
vn -0.000000 -0.000000 -1.000000
vn -0.000000 -0.000000 -1.000000
vn -0.000000 -0.000000 -1.000000
vn -0.000000 -0.000000 -1.000000
vn -0.000000 -0.000000 -1.000000
vn -0.000000 -0.000000 -1.000000
vn -0.000000 -0.000000 -1.000000
vn -0.000000 -0.000000 -1.000000
vn -0.000000 -0.000000 -1.000000
vn -0.000000 -0.000000 -1.000000
vn -0.000000 -0.000000 -1.000000
vn -0.000000 -0.000000 -1.000000
vn -0.000000 -0.000000 -1.000000
vn -0.000000 -0.000000 -1.000000
vn -0.000000 -0.000000 -1.000000
vn -0.000000 -0.000000 -1.000000
vn -0.000000 -0.000000 -1.000000
vn -0.000000 -0.000000 -1.000000
vn -0.000000 -0.000000 -1.000000
vn -0.000000 -0.000000 -1.000000
vn -0.000000 -0.000000 -1.000000
vn -0.000000 -0.000000 -1.000000
vn -0.000000 -0.000000 -1.000000
vn -0.000000 -0.000000 -1.000000
vn -0.000000 -0.000000 -1.000000
vn -0.000000 -0.000000 -1.000000
vn -0.000000 -0.000000 -1.000000
vn -0.000000 -0.000000 -1.000000
vn -0.000000 -0.000000 -1.000000
vn -0.000000 -0.000000 -1.000000
vn -0.000000 -0.000000 -1.000000
vn -0.000000 -0.000000 -1.000000
vn -0.000000 -0.000000 -1.000000
vn -0.000000 -0.000000 -1.000000
vn -0.000000 -0.000000 -1.000000
vn -0.000000 -0.000000 -1.000000
vn -0.000000 -0.000000 -1.000000
vn -0.000000 -0.000000 -1.000000
vn -0.000000 -0.000000 -1.000000
vn -0.000000 -0.000000 -1.000000
vn -0.000000 -0.000000 -1.000000
vn -0.000000 -0.000000 -1.000000
vn -0.000000 -0.000000 -1.000000
vn -0.000000 -0.000000 -1.000000
vn -0.000000 -0.000000 -1.000000
vn -0.000000 -0.000000 -1.000000
vn -0.000000 -0.000000 -1.000000
vn -0.000000 -0.000000 -1.000000
vn -0.000000 -0.000000 -1.000000
vn -0.000000 -0.000000 -1.000000
vn -0.000000 -0.000000 -1.000000
vn -0.000000 -0.000000 -1.000000
vn -0.000000 -0.000000 -1.000000
vn -0.000000 -0.000000 -1.000000
vn -0.000000 -0.000000 -1.000000
vn -0.000000 -0.000000 -1.000000
vn -0.000000 -0.000000 -1.000000
vn -0.000000 -0.000000 -1.000000
vn -0.000000 -0.000000 -1.000000
vn -0.000000 -0.000000 -1.000000
vt 3.847656 5.296875
vt 3.863281 5.289062
vt 3.824219 5.304688
vt 3.835938 5.302734
vt 3.511719 5.310547
vt 3.144531 5.312500
vt 3.113281 5.281250
vt 3.113281 3.464844
vt 3.099609 3.441406
vt 3.109863 3.455078
vt 3.070312 3.425781
vt 3.085449 3.429688
vt 2.183594 3.632812
vt 2.499132 3.609809
vt 2.794705 3.540799
vt 1.640625 3.566406
vt 1.083984 3.324219
vt 1.322217 3.458864
vt 1.478558 3.521075
vt 0.630859 2.884766
vt 0.815852 3.101779
vt 0.944794 3.219781
vt 0.375000 2.328125
vt 0.431207 2.520182
vt 0.516493 2.705729
vt 0.320312 1.824219
vt 0.416016 1.199219
vt 0.344238 1.505859
vt 0.705078 0.642578
vt 0.552493 0.878882
vt 0.476719 1.035584
vt 1.167969 0.207031
vt 0.943432 0.381800
vt 0.818377 0.506311
vt 2.144531 -0.062500
vt 1.787760 -0.032552
vt 1.462240 0.057292
vt 2.636719 -0.003906
vt 3.070312 0.175781
vt 2.862305 0.070312
vt 3.105469 0.160156
vt 3.096680 0.171875
vt 3.085693 0.174805
vt 3.113281 0.000000
vt 3.839844 0.000000
vt 3.863281 0.039062
vt 2.183594 0.687500
vt 2.496962 0.722222
vt 2.806858 0.826389
vt 3.113281 1.000000
vt 1.640625 0.824219
vt 1.810330 0.748264
vt 1.991319 0.702691
vt 1.054688 1.792969
vt 1.133672 1.417031
vt 1.258469 1.166126
vt 1.422559 0.976585
vt 1.525390 0.894935
vt 1.232422 2.414062
vt 1.133681 2.220052
vt 1.074436 2.013021
vt 1.648438 2.816406
vt 1.496311 2.717882
vt 1.357639 2.583767
vt 2.113281 2.921875
vt 1.947049 2.910156
vt 1.792101 2.875000
vt 2.652344 2.826172
vt 2.410831 2.892337
vt 2.261454 2.914490
vt 3.105469 2.574219
vt 2.975260 2.671658
vt 2.824219 2.755642
vt 3.111328 2.074219
vt 3.113281 1.392578
f 1084/1084/1084 1060/1060/1060 1061/1061/1061
f 1084/1084/1084 1061/1061/1061 1056/1056/1056
f 1085/1085/1085 1059/1059/1059 1060/1060/1060
f 1085/1085/1085 1060/1060/1060 1084/1084/1084
f 1083/1083/1083 1056/1056/1056 1057/1057/1057
f 1083/1083/1083 1057/1057/1057 1058/1058/1058
f 1083/1083/1083 1084/1084/1084 1056/1056/1056
f 1078/1078/1078 1064/1064/1064 1059/1059/1059
f 1078/1078/1078 1059/1059/1059 1085/1085/1085
f 1082/1082/1082 1083/1083/1083 1058/1058/1058
f 1082/1082/1082 1054/1054/1054 1055/1055/1055
f 1082/1082/1082 1058/1058/1058 1054/1054/1054
f 1079/1079/1079 1064/1064/1064 1078/1078/1078
f 1079/1079/1079 1063/1063/1063 1064/1064/1064
f 1080/1080/1080 1063/1063/1063 1079/1079/1079
f 1080/1080/1080 1062/1062/1062 1063/1063/1063
f 1081/1081/1081 1055/1055/1055 1053/1053/1053
f 1081/1081/1081 1082/1082/1082 1055/1055/1055
f 1074/1074/1074 1065/1065/1065 1062/1062/1062
f 1074/1074/1074 1062/1062/1062 1080/1080/1080
f 1088/1088/1088 1081/1081/1081 1053/1053/1053
f 1088/1088/1088 1053/1053/1053 1050/1050/1050
f 1075/1075/1075 1065/1065/1065 1074/1074/1074
f 1075/1075/1075 1067/1067/1067 1065/1065/1065
f 1087/1087/1087 1050/1050/1050 1051/1051/1051
f 1087/1087/1087 1051/1051/1051 1052/1052/1052
f 1087/1087/1087 1088/1088/1088 1050/1050/1050
f 1076/1076/1076 1067/1067/1067 1075/1075/1075
f 1076/1076/1076 1066/1066/1066 1067/1067/1067
f 1076/1076/1076 1070/1070/1070 1066/1066/1066
f 1086/1086/1086 1052/1052/1052 1047/1047/1047
f 1086/1086/1086 1087/1087/1087 1052/1052/1052
f 1072/1072/1072 1071/1071/1071 1068/1068/1068
f 1073/1073/1073 1068/1068/1068 1069/1069/1069
f 1073/1073/1073 1072/1072/1072 1068/1068/1068
f 1091/1091/1091 1047/1047/1047 1048/1048/1048
f 1091/1091/1091 1086/1086/1086 1047/1047/1047
f 1077/1077/1077 1070/1070/1070 1076/1076/1076
f 1077/1077/1077 1069/1069/1069 1070/1070/1070
f 1077/1077/1077 1073/1073/1073 1069/1069/1069
f 1049/1049/1049 1091/1091/1091 1048/1048/1048
f 1090/1090/1090 1091/1091/1091 1049/1049/1049
f 1044/1044/1044 1090/1090/1090 1049/1049/1049
f 1089/1089/1089 1090/1090/1090 1044/1044/1044
f 1102/1102/1102 1073/1073/1073 1077/1077/1077
f 1045/1045/1045 1089/1089/1089 1044/1044/1044
f 1046/1046/1046 1094/1094/1094 1089/1089/1089
f 1046/1046/1046 1089/1089/1089 1045/1045/1045
f 1101/1101/1101 1073/1073/1073 1102/1102/1102
f 1043/1043/1043 1093/1093/1093 1094/1094/1094
f 1043/1043/1043 1094/1094/1094 1046/1046/1046
f 1098/1098/1098 1073/1073/1073 1101/1101/1101
f 1040/1040/1040 1092/1092/1092 1093/1093/1093
f 1040/1040/1040 1097/1097/1097 1092/1092/1092
f 1040/1040/1040 1093/1093/1093 1043/1043/1043
f 1041/1041/1041 1096/1096/1096 1097/1097/1097
f 1041/1041/1041 1097/1097/1097 1040/1040/1040
f 1042/1042/1042 1095/1095/1095 1096/1096/1096
f 1042/1042/1042 1096/1096/1096 1041/1041/1041
f 1038/1038/1038 1095/1095/1095 1042/1042/1042
f 1038/1038/1038 1099/1099/1099 1100/1100/1100
f 1038/1038/1038 1100/1100/1100 1095/1095/1095
f 1039/1039/1039 1099/1099/1099 1038/1038/1038
f 1039/1039/1039 1098/1098/1098 1099/1099/1099
f 1036/1036/1036 1098/1098/1098 1039/1039/1039
f 1037/1037/1037 1098/1098/1098 1036/1036/1036
f 1035/1035/1035 1098/1098/1098 1037/1037/1037
f 1032/1032/1032 1034/1034/1034 1033/1033/1033
f 1032/1032/1032 1035/1035/1035 1034/1034/1034
f 1028/1028/1028 1030/1030/1030 1031/1031/1031
f 1029/1029/1029 1035/1035/1035 1032/1032/1032
f 1029/1029/1029 1032/1032/1032 1030/1030/1030
f 1029/1029/1029 1098/1098/1098 1035/1035/1035
f 1029/1029/1029 1030/1030/1030 1028/1028/1028
f 1029/1029/1029 1073/1073/1073 1098/1098/1098
v -10.289062 -26.376953 5.000000
v -10.273438 -26.384766 5.000000
v -10.312500 -26.369141 5.000000
v -10.300781 -26.371094 5.000000
v -10.625000 -26.363281 5.000000
v -10.992188 -26.361328 5.000000
v -11.023438 -26.392578 5.000000
v -11.023438 -28.208984 5.000000
v -11.037109 -28.232422 5.000000
v -11.026855 -28.218750 5.000000
v -11.066406 -28.248047 5.000000
v -11.051270 -28.244141 5.000000
v -11.953125 -28.041016 5.000000
v -11.637587 -28.064018 5.000000
v -11.342014 -28.133030 5.000000
v -12.496094 -28.107422 5.000000
v -13.052734 -28.349609 5.000000
v -12.814502 -28.214964 5.000000
v -12.658161 -28.152754 5.000000
v -13.505859 -28.789062 5.000000
v -13.320868 -28.572048 5.000000
v -13.191925 -28.454048 5.000000
v -13.761719 -29.345703 5.000000
v -13.705512 -29.153646 5.000000
v -13.620226 -28.968100 5.000000
v -13.816406 -29.849609 5.000000
v -13.720703 -30.474609 5.000000
v -13.792480 -30.167969 5.000000
v -13.431641 -31.031250 5.000000
v -13.584226 -30.794947 5.000000
v -13.660000 -30.638245 5.000000
v -12.968750 -31.466797 5.000000
v -13.193287 -31.292028 5.000000
v -13.318341 -31.167517 5.000000
v -11.992188 -31.736328 5.000000
v -12.348958 -31.706381 5.000000
v -12.674479 -31.616537 5.000000
v -11.500000 -31.677734 5.000000
v -11.066406 -31.498047 5.000000
v -11.274414 -31.603516 5.000000
v -11.031250 -31.513672 5.000000
v -11.040039 -31.501953 5.000000
v -11.051025 -31.499023 5.000000
v -11.023438 -31.673828 5.000000
v -10.296875 -31.673828 5.000000
v -10.273438 -31.634766 5.000000
v -11.953125 -30.986328 5.000000
v -11.639757 -30.951607 5.000000
v -11.329861 -30.847439 5.000000
v -11.023438 -30.673828 5.000000
v -12.496094 -30.849609 5.000000
v -12.326389 -30.925564 5.000000
v -12.145399 -30.971138 5.000000
v -13.082031 -29.880859 5.000000
v -13.003047 -30.256798 5.000000
v -12.878249 -30.507702 5.000000
v -12.714159 -30.697243 5.000000
v -12.611329 -30.778893 5.000000
v -12.904297 -29.259766 5.000000
v -13.003038 -29.453775 5.000000
v -13.062283 -29.660807 5.000000
v -12.488281 -28.857422 5.000000
v -12.640408 -28.955946 5.000000
v -12.779079 -29.090061 5.000000
v -12.023438 -28.751953 5.000000
v -12.189671 -28.763672 5.000000
v -12.344618 -28.798828 5.000000
v -11.484375 -28.847656 5.000000
v -11.725887 -28.781490 5.000000
v -11.875265 -28.759338 5.000000
v -11.031250 -29.099609 5.000000
v -11.161458 -29.002171 5.000000
v -11.312500 -28.918186 5.000000
v -11.025391 -29.599609 5.000000
v -11.023438 -30.281250 5.000000
vn 0.000000 0.000000 1.000000
vn 0.000000 0.000000 1.000000
vn 0.000000 0.000000 1.000000
vn 0.000000 0.000000 1.000000
vn 0.000000 0.000000 1.000000
vn 0.000000 0.000000 1.000000
vn 0.000000 0.000000 1.000000
vn 0.000000 0.000000 1.000000
vn 0.000000 0.000000 1.000000
vn 0.000000 0.000000 1.000000
vn 0.000000 0.000000 1.000000
vn 0.000000 0.000000 1.000000
vn 0.000000 0.000000 1.000000
vn 0.000000 0.000000 1.000000
vn 0.000000 0.000000 1.000000
vn 0.000000 0.000000 1.000000
vn 0.000000 0.000000 1.000000
vn 0.000000 0.000000 1.000000
vn 0.000000 0.000000 1.000000
vn 0.000000 0.000000 1.000000
vn 0.000000 0.000000 1.000000
vn 0.000000 0.000000 1.000000
vn 0.000000 0.000000 1.000000
vn 0.000000 0.000000 1.000000
vn 0.000000 0.000000 1.000000
vn 0.000000 0.000000 1.000000
vn 0.000000 0.000000 1.000000
vn 0.000000 0.000000 1.000000
vn 0.000000 0.000000 1.000000
vn 0.000000 0.000000 1.000000
vn 0.000000 0.000000 1.000000
vn 0.000000 0.000000 1.000000
vn 0.000000 0.000000 1.000000
vn 0.000000 0.000000 1.000000
vn 0.000000 0.000000 1.000000
vn 0.000000 0.000000 1.000000
vn 0.000000 0.000000 1.000000
vn 0.000000 0.000000 1.000000
vn 0.000000 0.000000 1.000000
vn 0.000000 0.000000 1.000000
vn 0.000000 0.000000 1.000000
vn 0.000000 0.000000 1.000000
vn 0.000000 0.000000 1.000000
vn 0.000000 0.000000 1.000000
vn 0.000000 0.000000 1.000000
vn 0.000000 0.000000 1.000000
vn 0.000000 0.000000 1.000000
vn 0.000000 0.000000 1.000000
vn 0.000000 0.000000 1.000000
vn 0.000000 0.000000 1.000000
vn 0.000000 0.000000 1.000000
vn 0.000000 0.000000 1.000000
vn 0.000000 0.000000 1.000000
vn 0.000000 0.000000 1.000000
vn 0.000000 0.000000 1.000000
vn 0.000000 0.000000 1.000000
vn 0.000000 0.000000 1.000000
vn 0.000000 0.000000 1.000000
vn 0.000000 0.000000 1.000000
vn 0.000000 0.000000 1.000000
vn 0.000000 0.000000 1.000000
vn 0.000000 0.000000 1.000000
vn 0.000000 0.000000 1.000000
vn 0.000000 0.000000 1.000000
vn 0.000000 0.000000 1.000000
vn 0.000000 0.000000 1.000000
vn 0.000000 0.000000 1.000000
vn 0.000000 0.000000 1.000000
vn 0.000000 0.000000 1.000000
vn 0.000000 0.000000 1.000000
vn 0.000000 0.000000 1.000000
vn 0.000000 0.000000 1.000000
vn 0.000000 0.000000 1.000000
vn 0.000000 0.000000 1.000000
vn 0.000000 0.000000 1.000000
vt 3.847656 5.296875
vt 3.863281 5.289062
vt 3.824219 5.304688
vt 3.835938 5.302734
vt 3.511719 5.310547
vt 3.144531 5.312500
vt 3.113281 5.281250
vt 3.113281 3.464844
vt 3.099609 3.441406
vt 3.109863 3.455078
vt 3.070312 3.425781
vt 3.085449 3.429688
vt 2.183594 3.632812
vt 2.499132 3.609809
vt 2.794705 3.540799
vt 1.640625 3.566406
vt 1.083984 3.324219
vt 1.322217 3.458864
vt 1.478558 3.521075
vt 0.630859 2.884766
vt 0.815852 3.101779
vt 0.944794 3.219781
vt 0.375000 2.328125
vt 0.431207 2.520182
vt 0.516493 2.705729
vt 0.320312 1.824219
vt 0.416016 1.199219
vt 0.344238 1.505859
vt 0.705078 0.642578
vt 0.552493 0.878882
vt 0.476719 1.035584
vt 1.167969 0.207031
vt 0.943432 0.381800
vt 0.818377 0.506311
vt 2.144531 -0.062500
vt 1.787760 -0.032552
vt 1.462240 0.057292
vt 2.636719 -0.003906
vt 3.070312 0.175781
vt 2.862305 0.070312
vt 3.105469 0.160156
vt 3.096680 0.171875
vt 3.085693 0.174805
vt 3.113281 0.000000
vt 3.839844 0.000000
vt 3.863281 0.039062
vt 2.183594 0.687500
vt 2.496962 0.722222
vt 2.806858 0.826389
vt 3.113281 1.000000
vt 1.640625 0.824219
vt 1.810330 0.748264
vt 1.991319 0.702691
vt 1.054688 1.792969
vt 1.133672 1.417031
vt 1.258469 1.166126
vt 1.422559 0.976585
vt 1.525390 0.894935
vt 1.232422 2.414062
vt 1.133681 2.220052
vt 1.074436 2.013021
vt 1.648438 2.816406
vt 1.496311 2.717882
vt 1.357639 2.583767
vt 2.113281 2.921875
vt 1.947049 2.910156
vt 1.792101 2.875000
vt 2.652344 2.826172
vt 2.410831 2.892337
vt 2.261454 2.914490
vt 3.105469 2.574219
vt 2.975260 2.671658
vt 2.824219 2.755642
vt 3.111328 2.074219
vt 3.113281 1.392578
f 1159/1159/1159 1136/1136/1136 1135/1135/1135
f 1159/1159/1159 1131/1131/1131 1136/1136/1136
f 1160/1160/1160 1135/1135/1135 1134/1134/1134
f 1160/1160/1160 1159/1159/1159 1135/1135/1135
f 1158/1158/1158 1132/1132/1132 1131/1131/1131
f 1158/1158/1158 1133/1133/1133 1132/1132/1132
f 1158/1158/1158 1131/1131/1131 1159/1159/1159
f 1153/1153/1153 1134/1134/1134 1139/1139/1139
f 1153/1153/1153 1160/1160/1160 1134/1134/1134
f 1157/1157/1157 1133/1133/1133 1158/1158/1158
f 1157/1157/1157 1130/1130/1130 1129/1129/1129
f 1157/1157/1157 1129/1129/1129 1133/1133/1133
f 1154/1154/1154 1153/1153/1153 1139/1139/1139
f 1154/1154/1154 1139/1139/1139 1138/1138/1138
f 1155/1155/1155 1154/1154/1154 1138/1138/1138
f 1155/1155/1155 1138/1138/1138 1137/1137/1137
f 1156/1156/1156 1128/1128/1128 1130/1130/1130
f 1156/1156/1156 1130/1130/1130 1157/1157/1157
f 1149/1149/1149 1137/1137/1137 1140/1140/1140
f 1149/1149/1149 1155/1155/1155 1137/1137/1137
f 1163/1163/1163 1128/1128/1128 1156/1156/1156
f 1163/1163/1163 1125/1125/1125 1128/1128/1128
f 1150/1150/1150 1149/1149/1149 1140/1140/1140
f 1150/1150/1150 1140/1140/1140 1142/1142/1142
f 1162/1162/1162 1126/1126/1126 1125/1125/1125
f 1162/1162/1162 1127/1127/1127 1126/1126/1126
f 1162/1162/1162 1125/1125/1125 1163/1163/1163
f 1151/1151/1151 1150/1150/1150 1142/1142/1142
f 1151/1151/1151 1142/1142/1142 1141/1141/1141
f 1151/1151/1151 1141/1141/1141 1145/1145/1145
f 1161/1161/1161 1122/1122/1122 1127/1127/1127
f 1161/1161/1161 1127/1127/1127 1162/1162/1162
f 1147/1147/1147 1143/1143/1143 1146/1146/1146
f 1148/1148/1148 1144/1144/1144 1143/1143/1143
f 1148/1148/1148 1143/1143/1143 1147/1147/1147
f 1166/1166/1166 1123/1123/1123 1122/1122/1122
f 1166/1166/1166 1122/1122/1122 1161/1161/1161
f 1152/1152/1152 1151/1151/1151 1145/1145/1145
f 1152/1152/1152 1145/1145/1145 1144/1144/1144
f 1152/1152/1152 1144/1144/1144 1148/1148/1148
f 1124/1124/1124 1123/1123/1123 1166/1166/1166
f 1165/1165/1165 1124/1124/1124 1166/1166/1166
f 1119/1119/1119 1124/1124/1124 1165/1165/1165
f 1164/1164/1164 1119/1119/1119 1165/1165/1165
f 1177/1177/1177 1152/1152/1152 1148/1148/1148
f 1120/1120/1120 1119/1119/1119 1164/1164/1164
f 1121/1121/1121 1164/1164/1164 1169/1169/1169
f 1121/1121/1121 1120/1120/1120 1164/1164/1164
f 1176/1176/1176 1177/1177/1177 1148/1148/1148
f 1118/1118/1118 1169/1169/1169 1168/1168/1168
f 1118/1118/1118 1121/1121/1121 1169/1169/1169
f 1173/1173/1173 1176/1176/1176 1148/1148/1148
f 1115/1115/1115 1168/1168/1168 1167/1167/1167
f 1115/1115/1115 1167/1167/1167 1172/1172/1172
f 1115/1115/1115 1118/1118/1118 1168/1168/1168
f 1116/1116/1116 1172/1172/1172 1171/1171/1171
f 1116/1116/1116 1115/1115/1115 1172/1172/1172
f 1117/1117/1117 1171/1171/1171 1170/1170/1170
f 1117/1117/1117 1116/1116/1116 1171/1171/1171
f 1113/1113/1113 1117/1117/1117 1170/1170/1170
f 1113/1113/1113 1175/1175/1175 1174/1174/1174
f 1113/1113/1113 1170/1170/1170 1175/1175/1175
f 1114/1114/1114 1113/1113/1113 1174/1174/1174
f 1114/1114/1114 1174/1174/1174 1173/1173/1173
f 1111/1111/1111 1114/1114/1114 1173/1173/1173
f 1112/1112/1112 1111/1111/1111 1173/1173/1173
f 1110/1110/1110 1112/1112/1112 1173/1173/1173
f 1107/1107/1107 1108/1108/1108 1109/1109/1109
f 1107/1107/1107 1109/1109/1109 1110/1110/1110
f 1103/1103/1103 1106/1106/1106 1105/1105/1105
f 1104/1104/1104 1107/1107/1107 1110/1110/1110
f 1104/1104/1104 1105/1105/1105 1107/1107/1107
f 1104/1104/1104 1110/1110/1110 1173/1173/1173
f 1104/1104/1104 1103/1103/1103 1105/1105/1105
f 1104/1104/1104 1173/1173/1173 1148/1148/1148
v -5.832031 -29.041016 0.000000
v -5.832031 -29.041016 5.000000
v -5.734375 -29.281033 5.000000
v -5.675781 -29.547960 5.000000
v -5.656250 -29.841797 5.000000
v -5.656250 -29.841797 0.000000
v -5.734375 -29.281033 0.000000
v -5.675781 -29.547960 0.000000
v -5.700195 -29.411133 2.500000
vn 0.888218 0.459423 -0.000000
vn 0.888218 0.459423 -0.000000
vn 0.955637 0.294546 -0.000000
vn 0.990434 0.137986 -0.000000
vn 1.000000 0.000000 -0.000000
vn 1.000000 0.000000 -0.000000
vn 0.955637 0.294546 -0.000000
vn 0.990434 0.137986 -0.000000
vn 0.976744 0.214407 -0.000000
vt 0.000000 0.000000
vt 0.000000 -5.000000
vt 0.333333 -5.000000
vt 0.666667 -5.000000
vt 1.000000 -5.000000
vt 1.000000 0.000000
vt 0.333333 0.000000
vt 0.666667 0.000000
vt 0.500000 -2.500000
f 1186/1186/1186 1178/1178/1178 1179/1179/1179
f 1186/1186/1186 1179/1179/1179 1180/1180/1180
f 1186/1186/1186 1180/1180/1180 1181/1181/1181
f 1186/1186/1186 1181/1181/1181 1182/1182/1182
f 1186/1186/1186 1182/1182/1182 1183/1183/1183
f 1186/1186/1186 1184/1184/1184 1178/1178/1178
f 1186/1186/1186 1185/1185/1185 1184/1184/1184
f 1186/1186/1186 1183/1183/1183 1185/1185/1185
v -5.656250 -29.841797 0.000000
v -5.656250 -29.841797 5.000000
v -5.681152 -30.172852 5.000000
v -5.755859 -30.494141 5.000000
v -5.755859 -30.494141 0.000000
v -5.681152 -30.172852 0.000000
v -5.681152 -30.172852 2.500000
vn 1.000000 0.000000 -0.000000
vn 1.000000 0.000000 -0.000000
vn 0.988542 -0.150945 0.000000
vn 0.953849 -0.300286 0.000000
vn 0.953849 -0.300286 0.000000
vn 0.988542 -0.150945 0.000000
vn 0.988542 -0.150945 0.000000
vt 0.000000 0.000000
vt 0.000000 -5.000000
vt 0.500000 -5.000000
vt 1.000000 -5.000000
vt 1.000000 0.000000
vt 0.500000 0.000000
vt 0.500000 -2.500000
f 1193/1193/1193 1187/1187/1187 1188/1188/1188
f 1193/1193/1193 1188/1188/1188 1189/1189/1189
f 1193/1193/1193 1189/1189/1189 1190/1190/1190
f 1193/1193/1193 1190/1190/1190 1191/1191/1191
f 1193/1193/1193 1192/1192/1192 1187/1187/1187
f 1193/1193/1193 1191/1191/1191 1192/1192/1192
v -5.755859 -30.494141 0.000000
v -5.755859 -30.494141 5.000000
v -5.862534 -30.758415 5.000000
v -5.947621 -30.906347 5.000000
v -6.046875 -31.041016 5.000000
v -6.046875 -31.041016 0.000000
v -5.862534 -30.758415 0.000000
v -5.947621 -30.906347 0.000000
v -5.878418 -30.789062 2.500000
vn 0.953849 -0.300286 0.000000
vn 0.953849 -0.300286 0.000000
vn 0.892750 -0.450553 0.000000
vn 0.837561 -0.546344 0.000000
vn 0.769289 -0.638901 0.000000
vn 0.769289 -0.638901 0.000000
vn 0.892750 -0.450553 0.000000
vn 0.837561 -0.546344 0.000000
vn 0.882789 -0.469770 0.000000
vt 0.000000 0.000000
vt 0.000000 -5.000000
vt 0.444444 -5.000000
vt 0.722222 -5.000000
vt 1.000000 -5.000000
vt 1.000000 0.000000
vt 0.444444 0.000000
vt 0.722222 0.000000
vt 0.500000 -2.500000
f 1202/1202/1202 1194/1194/1194 1195/1195/1195
f 1202/1202/1202 1195/1195/1195 1196/1196/1196
f 1202/1202/1202 1196/1196/1196 1197/1197/1197
f 1202/1202/1202 1197/1197/1197 1198/1198/1198
f 1202/1202/1202 1198/1198/1198 1199/1199/1199
f 1202/1202/1202 1200/1200/1200 1194/1194/1194
f 1202/1202/1202 1201/1201/1201 1200/1200/1200
f 1202/1202/1202 1199/1199/1199 1201/1201/1201
v -6.046875 -31.041016 0.000000
v -6.046875 -31.041016 5.000000
v -6.250488 -31.260254 5.000000
v -6.478516 -31.441406 5.000000
v -6.478516 -31.441406 0.000000
v -6.250488 -31.260254 0.000000
v -6.250488 -31.260254 2.500000
vn 0.779620 -0.626252 0.000000
vn 0.779620 -0.626252 0.000000
vn 0.680069 -0.733148 0.000000
vn 0.559357 -0.828927 0.000000
vn 0.559357 -0.828927 0.000000
vn 0.680069 -0.733148 0.000000
vn 0.680069 -0.733148 0.000000
vt 0.000000 0.000000
vt 0.000000 -5.000000
vt 0.500000 -5.000000
vt 1.000000 -5.000000
vt 1.000000 0.000000
vt 0.500000 0.000000
vt 0.500000 -2.500000
f 1209/1209/1209 1203/1203/1203 1204/1204/1204
f 1209/1209/1209 1204/1204/1204 1205/1205/1205
f 1209/1209/1209 1205/1205/1205 1206/1206/1206
f 1209/1209/1209 1206/1206/1206 1207/1207/1207
f 1209/1209/1209 1208/1208/1208 1203/1203/1203
f 1209/1209/1209 1207/1207/1207 1208/1208/1208
v -6.478516 -31.441406 0.000000
v -6.478516 -31.441406 5.000000
v -6.726562 -31.583008 5.000000
v -6.990234 -31.683594 5.000000
v -6.990234 -31.683594 0.000000
v -6.726562 -31.583008 0.000000
v -6.726562 -31.583008 2.500000
vn 0.559357 -0.828927 0.000000
vn 0.559357 -0.828927 0.000000
vn 0.427790 -0.903878 0.000000
vn 0.282913 -0.959145 0.000000
vn 0.282913 -0.959145 0.000000
vn 0.427790 -0.903878 0.000000
vn 0.427790 -0.903878 0.000000
vt 0.000000 0.000000
vt 0.000000 -5.000000
vt 0.500000 -5.000000
vt 1.000000 -5.000000
vt 1.000000 0.000000
vt 0.500000 0.000000
vt 0.500000 -2.500000
f 1216/1216/1216 1210/1210/1210 1211/1211/1211
f 1216/1216/1216 1211/1211/1211 1212/1212/1212
f 1216/1216/1216 1212/1212/1212 1213/1213/1213
f 1216/1216/1216 1213/1213/1213 1214/1214/1214
f 1216/1216/1216 1215/1215/1215 1210/1210/1210
f 1216/1216/1216 1214/1214/1214 1215/1215/1215
v -6.990234 -31.683594 0.000000
v -6.990234 -31.683594 5.000000
v -7.264160 -31.743652 5.000000
v -7.542969 -31.763672 5.000000
v -7.542969 -31.763672 0.000000
v -7.264160 -31.743652 0.000000
v -7.264160 -31.743652 2.500000
vn 0.282913 -0.959145 0.000000
vn 0.282913 -0.959145 0.000000
vn 0.143379 -0.989668 0.000000
vn 0.000000 -1.000000 0.000000
vn 0.000000 -1.000000 0.000000
vn 0.143379 -0.989668 0.000000
vn 0.143379 -0.989668 0.000000
vt 0.000000 0.000000
vt 0.000000 -5.000000
vt 0.500000 -5.000000
vt 1.000000 -5.000000
vt 1.000000 0.000000
vt 0.500000 0.000000
vt 0.500000 -2.500000
f 1223/1223/1223 1217/1217/1217 1218/1218/1218
f 1223/1223/1223 1218/1218/1218 1219/1219/1219
f 1223/1223/1223 1219/1219/1219 1220/1220/1220
f 1223/1223/1223 1220/1220/1220 1221/1221/1221
f 1223/1223/1223 1222/1222/1222 1217/1217/1217
f 1223/1223/1223 1221/1221/1221 1222/1222/1222
v -7.542969 -31.763672 0.000000
v -7.542969 -31.763672 5.000000
v -7.847656 -31.739258 5.000000
v -8.167969 -31.666016 5.000000
v -8.167969 -31.666016 0.000000
v -7.847656 -31.739258 0.000000
v -7.847656 -31.739258 2.500000
vn 0.000000 -1.000000 0.000000
vn 0.000000 -1.000000 0.000000
vn -0.154377 -0.988012 0.000000
vn -0.285254 -0.958452 0.000000
vn -0.285254 -0.958452 0.000000
vn -0.154377 -0.988012 0.000000
vn -0.154377 -0.988012 0.000000
vt 0.000000 0.000000
vt 0.000000 -5.000000
vt 0.500000 -5.000000
vt 1.000000 -5.000000
vt 1.000000 0.000000
vt 0.500000 0.000000
vt 0.500000 -2.500000
f 1230/1230/1230 1224/1224/1224 1225/1225/1225
f 1230/1230/1230 1225/1225/1225 1226/1226/1226
f 1230/1230/1230 1226/1226/1226 1227/1227/1227
f 1230/1230/1230 1227/1227/1227 1228/1228/1228
f 1230/1230/1230 1229/1229/1229 1224/1224/1224
f 1230/1230/1230 1228/1228/1228 1229/1229/1229
v -8.167969 -31.666016 0.000000
v -8.167969 -31.666016 5.000000
v -8.375977 -31.585449 5.000000
v -8.578125 -31.468750 5.000000
v -8.578125 -31.468750 0.000000
v -8.375977 -31.585449 0.000000
v -8.375977 -31.585449 2.500000
vn -0.284088 -0.958798 0.000000
vn -0.284088 -0.958798 0.000000
vn -0.433428 -0.901188 0.000000
vn -0.560309 -0.828283 0.000000
vn -0.560309 -0.828283 0.000000
vn -0.433428 -0.901188 0.000000
vn -0.433428 -0.901188 0.000000
vt 0.000000 0.000000
vt 0.000000 -5.000000
vt 0.500000 -5.000000
vt 1.000000 -5.000000
vt 1.000000 0.000000
vt 0.500000 0.000000
vt 0.500000 -2.500000
f 1237/1237/1237 1231/1231/1231 1232/1232/1232
f 1237/1237/1237 1232/1232/1232 1233/1233/1233
f 1237/1237/1237 1233/1233/1233 1234/1234/1234
f 1237/1237/1237 1234/1234/1234 1235/1235/1235
f 1237/1237/1237 1236/1236/1236 1231/1231/1231
f 1237/1237/1237 1235/1235/1235 1236/1236/1236
v -8.578125 -31.468750 0.000000
v -8.578125 -31.468750 5.000000
v -8.929688 -31.166016 5.000000
v -8.929688 -31.166016 0.000000
v -8.765625 -31.325684 2.500000
vn -0.560309 -0.828283 0.000000
vn -0.560309 -0.828283 0.000000
vn -0.740719 -0.671815 0.000000
vn -0.740719 -0.671815 0.000000
vn -0.652523 -0.757769 0.000000
vt 0.000000 0.000000
vt 0.000000 -5.000000
vt 1.000000 -5.000000
vt 1.000000 0.000000
vt 0.500000 -2.500000
f 1242/1242/1242 1238/1238/1238 1239/1239/1239
f 1242/1242/1242 1239/1239/1239 1240/1240/1240
f 1242/1242/1242 1240/1240/1240 1241/1241/1241
f 1242/1242/1242 1241/1241/1241 1238/1238/1238
v -8.929688 -31.166016 0.000000
v -8.929688 -31.166016 5.000000
v -9.193359 -30.791016 5.000000
v -9.193359 -30.791016 0.000000
v -9.071777 -30.988281 2.500000
vn -0.740719 -0.671815 0.000000
vn -0.740719 -0.671815 0.000000
vn -0.880738 -0.473604 0.000000
vn -0.880738 -0.473604 0.000000
vn -0.818029 -0.575177 0.000000
vt 0.000000 0.000000
vt 0.000000 -5.000000
vt 1.000000 -5.000000
vt 1.000000 0.000000
vt 0.500000 -2.500000
f 1247/1247/1247 1243/1243/1243 1244/1244/1244
f 1247/1247/1247 1244/1244/1244 1245/1245/1245
f 1247/1247/1247 1245/1245/1245 1246/1246/1246
f 1247/1247/1247 1246/1246/1246 1243/1243/1243
v -9.193359 -30.791016 0.000000
v -9.193359 -30.791016 5.000000
v -9.288574 -30.580078 5.000000
v -9.351562 -30.361328 5.000000
v -9.351562 -30.361328 0.000000
v -9.288574 -30.580078 0.000000
v -9.288574 -30.580078 2.500000
vn -0.880738 -0.473604 0.000000
vn -0.880738 -0.473604 0.000000
vn -0.938416 -0.345508 0.000000
vn -0.978550 -0.206010 0.000000
vn -0.978550 -0.206010 0.000000
vn -0.938416 -0.345508 0.000000
vn -0.938416 -0.345508 0.000000
vt 0.000000 0.000000
vt 0.000000 -5.000000
vt 0.500000 -5.000000
vt 1.000000 -5.000000
vt 1.000000 0.000000
vt 0.500000 0.000000
vt 0.500000 -2.500000
f 1254/1254/1254 1248/1248/1248 1249/1249/1249
f 1254/1254/1254 1249/1249/1249 1250/1250/1250
f 1254/1254/1254 1250/1250/1250 1251/1251/1251
f 1254/1254/1254 1251/1251/1251 1252/1252/1252
f 1254/1254/1254 1253/1253/1253 1248/1248/1248
f 1254/1254/1254 1252/1252/1252 1253/1253/1253
v -9.351562 -30.361328 0.000000
v -9.351562 -30.361328 5.000000
v -9.390625 -29.931641 5.000000
v -9.390625 -29.931641 0.000000
v -9.380859 -30.164062 2.500000
vn -0.977176 -0.212430 0.000000
vn -0.977176 -0.212430 0.000000
vn -1.000000 -0.000000 0.000000
vn -1.000000 -0.000000 0.000000
vn -0.995893 -0.090536 0.000000
vt 0.000000 0.000000
vt 0.000000 -5.000000
vt 1.000000 -5.000000
vt 1.000000 0.000000
vt 0.500000 -2.500000
f 1259/1259/1259 1255/1255/1255 1256/1256/1256
f 1259/1259/1259 1256/1256/1256 1257/1257/1257
f 1259/1259/1259 1257/1257/1257 1258/1258/1258
f 1259/1259/1259 1258/1258/1258 1255/1255/1255
v -9.390625 -29.931641 0.000000
v -9.390625 -29.931641 5.000000
v -9.367405 -29.619141 5.000000
v -9.297743 -29.322266 5.000000
v -9.181641 -29.041016 5.000000
v -9.181641 -29.041016 0.000000
v -9.367405 -29.619141 0.000000
v -9.297743 -29.322266 0.000000
v -9.338379 -29.468750 2.500000
vn -1.000000 0.000000 0.000000
vn -1.000000 0.000000 0.000000
vn -0.988582 0.150681 0.000000
vn -0.952058 0.305917 0.000000
vn -0.891007 0.453989 0.000000
vn -0.891007 0.453989 0.000000
vn -0.988582 0.150681 0.000000
vn -0.952058 0.305917 0.000000
vn -0.973557 0.228444 0.000000
vt 0.000000 0.000000
vt 0.000000 -5.000000
vt 0.333333 -5.000000
vt 0.666667 -5.000000
vt 1.000000 -5.000000
vt 1.000000 0.000000
vt 0.333333 0.000000
vt 0.666667 0.000000
vt 0.500000 -2.500000
f 1268/1268/1268 1260/1260/1260 1261/1261/1261
f 1268/1268/1268 1261/1261/1261 1262/1262/1262
f 1268/1268/1268 1262/1262/1262 1263/1263/1263
f 1268/1268/1268 1263/1263/1263 1264/1264/1264
f 1268/1268/1268 1264/1264/1264 1265/1265/1265
f 1268/1268/1268 1266/1266/1266 1260/1260/1260
f 1268/1268/1268 1267/1267/1267 1266/1266/1266
f 1268/1268/1268 1265/1265/1265 1267/1267/1267
v -9.181641 -29.041016 0.000000
v -9.181641 -29.041016 5.000000
v -9.019531 -28.783203 5.000000
v -8.811849 -28.556641 5.000000
v -8.558594 -28.361328 5.000000
v -8.558594 -28.361328 0.000000
v -9.019531 -28.783203 0.000000
v -8.811849 -28.556641 0.000000
v -8.921387 -28.666016 2.500000
vn -0.891007 0.453989 0.000000
vn -0.891007 0.453989 0.000000
vn -0.794843 0.606815 0.000000
vn -0.675158 0.737673 0.000000
vn -0.545544 0.838082 0.000000
vn -0.545544 0.838082 0.000000
vn -0.794843 0.606815 0.000000
vn -0.675158 0.737673 0.000000
vn -0.737154 0.675725 0.000000
vt 0.000000 0.000000
vt 0.000000 -5.000000
vt 0.333333 -5.000000
vt 0.666667 -5.000000
vt 1.000000 -5.000000
vt 1.000000 0.000000
vt 0.333333 0.000000
vt 0.666667 0.000000
vt 0.500000 -2.500000
f 1277/1277/1277 1269/1269/1269 1270/1270/1270
f 1277/1277/1277 1270/1270/1270 1271/1271/1271
f 1277/1277/1277 1271/1271/1271 1272/1272/1272
f 1277/1277/1277 1272/1272/1272 1273/1273/1273
f 1277/1277/1277 1273/1273/1273 1274/1274/1274
f 1277/1277/1277 1275/1275/1275 1269/1269/1269
f 1277/1277/1277 1276/1276/1276 1275/1275/1275
f 1277/1277/1277 1274/1274/1274 1276/1276/1276
v -8.558594 -28.361328 0.000000
v -8.558594 -28.361328 5.000000
v -8.228516 -28.197266 5.000000
v -8.228516 -28.197266 0.000000
v -8.397949 -28.271484 2.500000
vn -0.529999 0.847998 0.000000
vn -0.529999 0.847998 0.000000
vn -0.356868 0.934155 0.000000
vn -0.356868 0.934155 0.000000
vn -0.445093 0.895484 0.000000
vt 0.000000 0.000000
vt 0.000000 -5.000000
vt 1.000000 -5.000000
vt 1.000000 0.000000
vt 0.500000 -2.500000
f 1282/1282/1282 1278/1278/1278 1279/1279/1279
f 1282/1282/1282 1279/1279/1279 1280/1280/1280
f 1282/1282/1282 1280/1280/1280 1281/1281/1281
f 1282/1282/1282 1281/1281/1281 1278/1278/1278
v -8.228516 -28.197266 0.000000
v -8.228516 -28.197266 5.000000
v -7.857422 -28.093750 5.000000
v -7.857422 -28.093750 0.000000
v -8.048828 -28.138184 2.500000
vn -0.356868 0.934155 0.000000
vn -0.356868 0.934155 0.000000
vn -0.184876 0.982762 0.000000
vn -0.184876 0.982762 0.000000
vn -0.268690 0.963227 0.000000
vt 0.000000 0.000000
vt 0.000000 -5.000000
vt 1.000000 -5.000000
vt 1.000000 0.000000
vt 0.500000 -2.500000
f 1287/1287/1287 1283/1283/1283 1284/1284/1284
f 1287/1287/1287 1284/1284/1284 1285/1285/1285
f 1287/1287/1287 1285/1285/1285 1286/1286/1286
f 1287/1287/1287 1286/1286/1286 1283/1283/1283
v -7.857422 -28.093750 0.000000
v -7.857422 -28.093750 5.000000
v -7.464844 -28.056641 5.000000
v -7.464844 -28.056641 0.000000
v -7.660645 -28.065918 2.500000
vn -0.184876 0.982762 0.000000
vn -0.184876 0.982762 0.000000
vn 0.000000 1.000000 0.000000
vn 0.000000 1.000000 0.000000
vn -0.094108 0.995562 0.000000
vt 0.000000 0.000000
vt 0.000000 -5.000000
vt 1.000000 -5.000000
vt 1.000000 0.000000
vt 0.500000 -2.500000
f 1292/1292/1292 1288/1288/1288 1289/1289/1289
f 1292/1292/1292 1289/1289/1289 1290/1290/1290
f 1292/1292/1292 1290/1290/1290 1291/1291/1291
f 1292/1292/1292 1291/1291/1291 1288/1288/1288
v -7.464844 -28.056641 0.000000
v -7.464844 -28.056641 5.000000
v -7.093702 -28.088276 5.000000
v -6.879762 -28.140179 5.000000
v -6.679688 -28.216797 5.000000
v -6.679688 -28.216797 0.000000
v -7.093702 -28.088276 0.000000
v -6.879762 -28.140179 0.000000
v -7.049805 -28.096680 2.500000
vn 0.000000 1.000000 0.000000
vn 0.000000 1.000000 0.000000
vn 0.176237 0.984348 -0.000000
vn 0.296469 0.955042 -0.000000
vn 0.418411 0.908258 -0.000000
vn 0.418411 0.908258 -0.000000
vn 0.176237 0.984348 -0.000000
vn 0.296469 0.955042 -0.000000
vn 0.199865 0.979824 -0.000000
vt 0.000000 0.000000
vt 0.000000 -5.000000
vt 0.444444 -5.000000
vt 0.722222 -5.000000
vt 1.000000 -5.000000
vt 1.000000 0.000000
vt 0.444444 0.000000
vt 0.722222 0.000000
vt 0.500000 -2.500000
f 1301/1301/1301 1293/1293/1293 1294/1294/1294
f 1301/1301/1301 1294/1294/1294 1295/1295/1295
f 1301/1301/1301 1295/1295/1295 1296/1296/1296
f 1301/1301/1301 1296/1296/1296 1297/1297/1297
f 1301/1301/1301 1297/1297/1297 1298/1298/1298
f 1301/1301/1301 1299/1299/1299 1293/1293/1293
f 1301/1301/1301 1300/1300/1300 1299/1299/1299
f 1301/1301/1301 1298/1298/1298 1300/1300/1300
v -6.679688 -28.216797 0.000000
v -6.679688 -28.216797 5.000000
v -6.465567 -28.340639 5.000000
v -6.332917 -28.441551 5.000000
v -6.201172 -28.560547 5.000000
v -6.201172 -28.560547 0.000000
v -6.465567 -28.340639 0.000000
v -6.332917 -28.441551 0.000000
v -6.438965 -28.359375 2.500000
vn 0.423685 0.905810 -0.000000
vn 0.423685 0.905810 -0.000000
vn 0.568046 0.822996 -0.000000
vn 0.639460 0.768824 -0.000000
vn 0.698176 0.715926 -0.000000
vn 0.698176 0.715926 -0.000000
vn 0.568046 0.822996 -0.000000
vn 0.639460 0.768824 -0.000000
vn 0.583431 0.812163 -0.000000
vt 0.000000 0.000000
vt 0.000000 -5.000000
vt 0.444444 -5.000000
vt 0.722222 -5.000000
vt 1.000000 -5.000000
vt 1.000000 0.000000
vt 0.444444 0.000000
vt 0.722222 0.000000
vt 0.500000 -2.500000
f 1310/1310/1310 1302/1302/1302 1303/1303/1303
f 1310/1310/1310 1303/1303/1303 1304/1304/1304
f 1310/1310/1310 1304/1304/1304 1305/1305/1305
f 1310/1310/1310 1305/1305/1305 1306/1306/1306
f 1310/1310/1310 1306/1306/1306 1307/1307/1307
f 1310/1310/1310 1308/1308/1308 1302/1302/1302
f 1310/1310/1310 1309/1309/1309 1308/1308/1308
f 1310/1310/1310 1307/1307/1307 1309/1309/1309
v -6.201172 -28.560547 0.000000
v -6.201172 -28.560547 5.000000
v -5.990723 -28.795898 5.000000
v -5.832031 -29.041016 5.000000
v -5.832031 -29.041016 0.000000
v -5.990723 -28.795898 0.000000
v -5.990723 -28.795898 2.500000
vn 0.698176 0.715926 -0.000000
vn 0.698176 0.715926 -0.000000
vn 0.792983 0.609243 -0.000000
vn 0.883116 0.469155 -0.000000
vn 0.883116 0.469155 -0.000000
vn 0.792983 0.609243 -0.000000
vn 0.792983 0.609243 -0.000000
vt 0.000000 0.000000
vt 0.000000 -5.000000
vt 0.500000 -5.000000
vt 1.000000 -5.000000
vt 1.000000 0.000000
vt 0.500000 0.000000
vt 0.500000 -2.500000
f 1317/1317/1317 1311/1311/1311 1312/1312/1312
f 1317/1317/1317 1312/1312/1312 1313/1313/1313
f 1317/1317/1317 1313/1313/1313 1314/1314/1314
f 1317/1317/1317 1314/1314/1314 1315/1315/1315
f 1317/1317/1317 1316/1316/1316 1311/1311/1311
f 1317/1317/1317 1315/1315/1315 1316/1316/1316
v -6.527344 -30.435547 0.000000
v -6.527344 -30.435547 5.000000
v -6.460070 -30.275826 5.000000
v -6.419705 -30.098742 5.000000
v -6.406250 -29.904297 5.000000
v -6.406250 -29.904297 0.000000
v -6.460070 -30.275826 0.000000
v -6.419705 -30.098742 0.000000
v -6.436523 -30.189453 2.500000
vn -0.881932 0.471377 0.000000
vn -0.881932 0.471377 0.000000
vn -0.952538 0.304419 0.000000
vn -0.989670 0.143363 0.000000
vn -1.000000 0.000000 0.000000
vn -1.000000 0.000000 0.000000
vn -0.952538 0.304419 0.000000
vn -0.989670 0.143363 0.000000
vn -0.974992 0.222241 0.000000
vt 0.000000 0.000000
vt 0.000000 -5.000000
vt 0.333333 -5.000000
vt 0.666667 -5.000000
vt 1.000000 -5.000000
vt 1.000000 0.000000
vt 0.333333 0.000000
vt 0.666667 0.000000
vt 0.500000 -2.500000
f 1326/1326/1326 1318/1318/1318 1319/1319/1319
f 1326/1326/1326 1319/1319/1319 1320/1320/1320
f 1326/1326/1326 1320/1320/1320 1321/1321/1321
f 1326/1326/1326 1321/1321/1321 1322/1322/1322
f 1326/1326/1326 1322/1322/1322 1323/1323/1323
f 1326/1326/1326 1324/1324/1324 1318/1318/1318
f 1326/1326/1326 1325/1325/1325 1324/1324/1324
f 1326/1326/1326 1323/1323/1323 1325/1325/1325
v -6.406250 -29.904297 0.000000
v -6.406250 -29.904297 5.000000
v -6.423177 -29.688585 5.000000
v -6.473958 -29.494576 5.000000
v -6.558594 -29.322266 5.000000
v -6.558594 -29.322266 0.000000
v -6.423177 -29.688585 0.000000
v -6.473958 -29.494576 0.000000
v -6.444336 -29.588867 2.500000
vn -1.000000 0.000000 0.000000
vn -1.000000 0.000000 0.000000
vn -0.986619 -0.163043 0.000000
vn -0.937963 -0.346735 0.000000
vn -0.846461 -0.532451 0.000000
vn -0.846461 -0.532451 0.000000
vn -0.986619 -0.163043 0.000000
vn -0.937963 -0.346735 0.000000
vn -0.967410 -0.253215 0.000000
vt 0.000000 0.000000
vt 0.000000 -5.000000
vt 0.333333 -5.000000
vt 0.666667 -5.000000
vt 1.000000 -5.000000
vt 1.000000 0.000000
vt 0.333333 0.000000
vt 0.666667 0.000000
vt 0.500000 -2.500000
f 1335/1335/1335 1327/1327/1327 1328/1328/1328
f 1335/1335/1335 1328/1328/1328 1329/1329/1329
f 1335/1335/1335 1329/1329/1329 1330/1330/1330
f 1335/1335/1335 1330/1330/1330 1331/1331/1331
f 1335/1335/1335 1331/1331/1331 1332/1332/1332
f 1335/1335/1335 1333/1333/1333 1327/1327/1327
f 1335/1335/1335 1334/1334/1334 1333/1333/1333
f 1335/1335/1335 1332/1332/1332 1334/1334/1334
v -6.558594 -29.322266 0.000000
v -6.558594 -29.322266 5.000000
v -6.674913 -29.154297 5.000000
v -6.815538 -29.014975 5.000000
v -6.980469 -28.904297 5.000000
v -6.980469 -28.904297 0.000000
v -6.674913 -29.154297 0.000000
v -6.815538 -29.014975 0.000000
v -6.742188 -29.081055 2.500000
vn -0.868243 -0.496139 0.000000
vn -0.868243 -0.496139 0.000000
vn -0.767154 -0.641462 0.000000
vn -0.633238 -0.773957 0.000000
vn -0.477947 -0.878389 0.000000
vn -0.477947 -0.878389 0.000000
vn -0.767154 -0.641462 0.000000
vn -0.633238 -0.773957 0.000000
vn -0.703810 -0.710388 0.000000
vt 0.000000 0.000000
vt 0.000000 -5.000000
vt 0.333333 -5.000000
vt 0.666667 -5.000000
vt 1.000000 -5.000000
vt 1.000000 0.000000
vt 0.333333 0.000000
vt 0.666667 0.000000
vt 0.500000 -2.500000
f 1344/1344/1344 1336/1336/1336 1337/1337/1337
f 1344/1344/1344 1337/1337/1337 1338/1338/1338
f 1344/1344/1344 1338/1338/1338 1339/1339/1339
f 1344/1344/1344 1339/1339/1339 1340/1340/1340
f 1344/1344/1344 1340/1340/1340 1341/1341/1341
f 1344/1344/1344 1342/1342/1342 1336/1336/1336
f 1344/1344/1344 1343/1343/1343 1342/1342/1342
f 1344/1344/1344 1341/1341/1341 1343/1343/1343
v -6.980469 -28.904297 0.000000
v -6.980469 -28.904297 5.000000
v -7.162760 -28.823133 5.000000
v -7.355469 -28.772352 5.000000
v -7.558594 -28.751953 5.000000
v -7.558594 -28.751953 0.000000
v -7.162760 -28.823133 0.000000
v -7.355469 -28.772352 0.000000
v -7.257812 -28.793945 2.500000
vn -0.477947 -0.878389 0.000000
vn -0.477947 -0.878389 0.000000
vn -0.331906 -0.943312 0.000000
vn -0.176986 -0.984213 0.000000
vn -0.024992 -0.999688 0.000000
vn -0.024992 -0.999688 0.000000
vn -0.331906 -0.943312 0.000000
vn -0.176986 -0.984213 0.000000
vn -0.254815 -0.966990 0.000000
vt 0.000000 0.000000
vt 0.000000 -5.000000
vt 0.333333 -5.000000
vt 0.666667 -5.000000
vt 1.000000 -5.000000
vt 1.000000 0.000000
vt 0.333333 0.000000
vt 0.666667 0.000000
vt 0.500000 -2.500000
f 1353/1353/1353 1345/1345/1345 1346/1346/1346
f 1353/1353/1353 1346/1346/1346 1347/1347/1347
f 1353/1353/1353 1347/1347/1347 1348/1348/1348
f 1353/1353/1353 1348/1348/1348 1349/1349/1349
f 1353/1353/1353 1349/1349/1349 1350/1350/1350
f 1353/1353/1353 1351/1351/1351 1345/1345/1345
f 1353/1353/1353 1352/1352/1352 1351/1351/1351
f 1353/1353/1353 1350/1350/1350 1352/1352/1352
v -7.558594 -28.751953 0.000000
v -7.558594 -28.751953 5.000000
v -7.723742 -28.764975 5.000000
v -7.880642 -28.804037 5.000000
v -8.029297 -28.869141 5.000000
v -8.029297 -28.869141 0.000000
v -7.723742 -28.764975 0.000000
v -7.880642 -28.804037 0.000000
v -7.803223 -28.781250 2.500000
vn 0.000000 -1.000000 0.000000
vn 0.000000 -1.000000 0.000000
vn 0.159651 -0.987174 0.000000
vn 0.322674 -0.946510 0.000000
vn 0.475517 -0.879707 0.000000
vn 0.475517 -0.879707 0.000000
vn 0.159651 -0.987174 0.000000
vn 0.322674 -0.946510 0.000000
vn 0.241588 -0.970379 0.000000
vt 0.000000 0.000000
vt 0.000000 -5.000000
vt 0.333333 -5.000000
vt 0.666667 -5.000000
vt 1.000000 -5.000000
vt 1.000000 0.000000
vt 0.333333 0.000000
vt 0.666667 0.000000
vt 0.500000 -2.500000
f 1362/1362/1362 1354/1354/1354 1355/1355/1355
f 1362/1362/1362 1355/1355/1355 1356/1356/1356
f 1362/1362/1362 1356/1356/1356 1357/1357/1357
f 1362/1362/1362 1357/1357/1357 1358/1358/1358
f 1362/1362/1362 1358/1358/1358 1359/1359/1359
f 1362/1362/1362 1360/1360/1360 1354/1354/1354
f 1362/1362/1362 1361/1361/1361 1360/1360/1360
f 1362/1362/1362 1359/1359/1359 1361/1361/1361
v -8.029297 -28.869141 0.000000
v -8.029297 -28.869141 5.000000
v -8.168403 -28.958984 5.000000
v -8.296658 -29.072266 5.000000
v -8.414062 -29.208984 5.000000
v -8.414062 -29.208984 0.000000
v -8.168403 -28.958984 0.000000
v -8.296658 -29.072266 0.000000
v -8.233887 -29.012695 2.500000
vn 0.475517 -0.879707 0.000000
vn 0.475517 -0.879707 0.000000
vn 0.604952 -0.796262 0.000000
vn 0.713271 -0.700888 0.000000
vn 0.798316 -0.602239 0.000000
vn 0.798316 -0.602239 0.000000
vn 0.604952 -0.796262 0.000000
vn 0.713271 -0.700888 0.000000
vn 0.661999 -0.749505 0.000000
vt 0.000000 0.000000
vt 0.000000 -5.000000
vt 0.333333 -5.000000
vt 0.666667 -5.000000
vt 1.000000 -5.000000
vt 1.000000 0.000000
vt 0.333333 0.000000
vt 0.666667 0.000000
vt 0.500000 -2.500000
f 1371/1371/1371 1363/1363/1363 1364/1364/1364
f 1371/1371/1371 1364/1364/1364 1365/1365/1365
f 1371/1371/1371 1365/1365/1365 1366/1366/1366
f 1371/1371/1371 1366/1366/1366 1367/1367/1367
f 1371/1371/1371 1367/1367/1367 1368/1368/1368
f 1371/1371/1371 1369/1369/1369 1363/1363/1363
f 1371/1371/1371 1370/1370/1370 1369/1369/1369
f 1371/1371/1371 1368/1368/1368 1370/1370/1370
v -8.414062 -29.208984 0.000000
v -8.414062 -29.208984 5.000000
v -8.544271 -29.424696 5.000000
v -8.622396 -29.665581 5.000000
v -8.648438 -29.931641 5.000000
v -8.648438 -29.931641 0.000000
v -8.544271 -29.424696 0.000000
v -8.622396 -29.665581 0.000000
v -8.589844 -29.541992 2.500000
vn 0.792624 -0.609711 0.000000
vn 0.792624 -0.609711 0.000000
vn 0.909773 -0.415106 0.000000
vn 0.979535 -0.201274 0.000000
vn 1.000000 0.000000 -0.000000
vn 1.000000 0.000000 -0.000000
vn 0.909773 -0.415106 0.000000
vn 0.979535 -0.201274 0.000000
vn 0.951223 -0.308505 0.000000
vt 0.000000 0.000000
vt 0.000000 -5.000000
vt 0.333333 -5.000000
vt 0.666667 -5.000000
vt 1.000000 -5.000000
vt 1.000000 0.000000
vt 0.333333 0.000000
vt 0.666667 0.000000
vt 0.500000 -2.500000
f 1380/1380/1380 1372/1372/1372 1373/1373/1373
f 1380/1380/1380 1373/1373/1373 1374/1374/1374
f 1380/1380/1380 1374/1374/1374 1375/1375/1375
f 1380/1380/1380 1375/1375/1375 1376/1376/1376
f 1380/1380/1380 1376/1376/1376 1377/1377/1377
f 1380/1380/1380 1378/1378/1378 1372/1372/1372
f 1380/1380/1380 1379/1379/1379 1378/1378/1378
f 1380/1380/1380 1377/1377/1377 1379/1379/1379
v -8.648438 -29.931641 0.000000
v -8.648438 -29.931641 5.000000
v -8.630642 -30.136936 5.000000
v -8.577257 -30.325737 5.000000
v -8.488281 -30.498047 5.000000
v -8.488281 -30.498047 0.000000
v -8.630642 -30.136936 0.000000
v -8.577257 -30.325737 0.000000
v -8.608398 -30.233398 2.500000
vn 1.000000 0.000000 -0.000000
vn 1.000000 0.000000 -0.000000
vn 0.984077 0.177741 -0.000000
vn 0.930316 0.366759 -0.000000
vn 0.838140 0.545456 -0.000000
vn 0.838140 0.545456 -0.000000
vn 0.984077 0.177741 -0.000000
vn 0.930316 0.366759 -0.000000
vn 0.962272 0.272091 -0.000000
vt 0.000000 0.000000
vt 0.000000 -5.000000
vt 0.333333 -5.000000
vt 0.666667 -5.000000
vt 1.000000 -5.000000
vt 1.000000 0.000000
vt 0.333333 0.000000
vt 0.666667 0.000000
vt 0.500000 -2.500000
f 1389/1389/1389 1381/1381/1381 1382/1382/1382
f 1389/1389/1389 1382/1382/1382 1383/1383/1383
f 1389/1389/1389 1383/1383/1383 1384/1384/1384
f 1389/1389/1389 1384/1384/1384 1385/1385/1385
f 1389/1389/1389 1385/1385/1385 1386/1386/1386
f 1389/1389/1389 1387/1387/1387 1381/1381/1381
f 1389/1389/1389 1388/1388/1388 1387/1387/1387
f 1389/1389/1389 1386/1386/1386 1388/1388/1388
v -8.488281 -30.498047 0.000000
v -8.488281 -30.498047 5.000000
v -8.278672 -30.751667 5.000000
v -8.083005 -30.899069 5.000000
v -7.881175 -30.989239 5.000000
v -7.713939 -31.028072 5.000000
v -7.535156 -31.041016 5.000000
v -7.535156 -31.041016 0.000000
v -8.278672 -30.751667 0.000000
v -8.083005 -30.899069 0.000000
v -7.881175 -30.989239 0.000000
v -7.713939 -31.028072 0.000000
v -8.072266 -30.905273 2.500000
vn 0.836651 0.547736 -0.000000
vn 0.836651 0.547736 -0.000000
vn 0.685607 0.727972 -0.000000
vn 0.505530 0.862809 -0.000000
vn 0.305355 0.952239 -0.000000
vn 0.147987 0.988989 -0.000000
vn 0.000000 1.000000 0.000000
vn 0.000000 1.000000 0.000000
vn 0.685607 0.727972 -0.000000
vn 0.505530 0.862809 -0.000000
vn 0.305355 0.952239 -0.000000
vn 0.147987 0.988989 -0.000000
vn 0.494988 0.868900 -0.000000
vt 0.000000 0.000000
vt 0.000000 -5.000000
vt 0.270000 -5.000000
vt 0.488700 -5.000000
vt 0.691200 -5.000000
vt 0.845600 -5.000000
vt 1.000000 -5.000000
vt 1.000000 0.000000
vt 0.270000 0.000000
vt 0.488700 0.000000
vt 0.691200 0.000000
vt 0.845600 0.000000
vt 0.500000 -2.500000
f 1402/1402/1402 1390/1390/1390 1391/1391/1391
f 1402/1402/1402 1391/1391/1391 1392/1392/1392
f 1402/1402/1402 1392/1392/1392 1393/1393/1393
f 1402/1402/1402 1393/1393/1393 1394/1394/1394
f 1402/1402/1402 1394/1394/1394 1395/1395/1395
f 1402/1402/1402 1395/1395/1395 1396/1396/1396
f 1402/1402/1402 1396/1396/1396 1397/1397/1397
f 1402/1402/1402 1398/1398/1398 1390/1390/1390
f 1402/1402/1402 1399/1399/1399 1398/1398/1398
f 1402/1402/1402 1400/1400/1400 1399/1399/1399
f 1402/1402/1402 1401/1401/1401 1400/1400/1400
f 1402/1402/1402 1397/1397/1397 1401/1401/1401
v -7.535156 -31.041016 0.000000
v -7.535156 -31.041016 5.000000
v -7.335938 -31.025391 5.000000
v -7.335938 -31.025391 0.000000
v -7.420898 -31.037109 2.500000
vn 0.000000 1.000000 0.000000
vn 0.000000 1.000000 0.000000
vn -0.216930 0.976187 0.000000
vn -0.216930 0.976187 0.000000
vn -0.078191 0.996938 0.000000
vt 0.000000 0.000000
vt 0.000000 -5.000000
vt 1.000000 -5.000000
vt 1.000000 0.000000
vt 0.500000 -2.500000
f 1407/1407/1407 1403/1403/1403 1404/1404/1404
f 1407/1407/1407 1404/1404/1404 1405/1405/1405
f 1407/1407/1407 1405/1405/1405 1406/1406/1406
f 1407/1407/1407 1406/1406/1406 1403/1403/1403
v -7.335938 -31.025391 0.000000
v -7.335938 -31.025391 5.000000
v -7.174696 -30.983725 5.000000
v -7.019097 -30.916016 5.000000
v -6.869141 -30.822266 5.000000
v -6.869141 -30.822266 0.000000
v -7.174696 -30.983725 0.000000
v -7.019097 -30.916016 0.000000
v -7.096191 -30.953125 2.500000
vn -0.172001 0.985097 0.000000
vn -0.172001 0.985097 0.000000
vn -0.326310 0.945263 0.000000
vn -0.467195 0.884154 0.000000
vn -0.587320 0.809355 0.000000
vn -0.587320 0.809355 0.000000
vn -0.326310 0.945263 0.000000
vn -0.467195 0.884154 0.000000
vn -0.399007 0.916948 0.000000
vt 0.000000 0.000000
vt 0.000000 -5.000000
vt 0.333333 -5.000000
vt 0.666667 -5.000000
vt 1.000000 -5.000000
vt 1.000000 0.000000
vt 0.333333 0.000000
vt 0.666667 0.000000
vt 0.500000 -2.500000
f 1416/1416/1416 1408/1408/1408 1409/1409/1409
f 1416/1416/1416 1409/1409/1409 1410/1410/1410
f 1416/1416/1416 1410/1410/1410 1411/1411/1411
f 1416/1416/1416 1411/1411/1411 1412/1412/1412
f 1416/1416/1416 1412/1412/1412 1413/1413/1413
f 1416/1416/1416 1414/1414/1414 1408/1408/1408
f 1416/1416/1416 1415/1415/1415 1414/1414/1414
f 1416/1416/1416 1413/1413/1413 1415/1415/1415
v -6.869141 -30.822266 0.000000
v -6.869141 -30.822266 5.000000
v -6.733073 -30.708117 5.000000
v -6.619141 -30.579210 5.000000
v -6.527344 -30.435547 5.000000
v -6.527344 -30.435547 0.000000
v -6.733073 -30.708117 0.000000
v -6.619141 -30.579210 0.000000
v -6.673340 -30.645508 2.500000
vn -0.587320 0.809355 0.000000
vn -0.587320 0.809355 0.000000
vn -0.697078 0.716995 0.000000
vn -0.798166 0.602437 0.000000
vn -0.881932 0.471377 0.000000
vn -0.881932 0.471377 0.000000
vn -0.697078 0.716995 0.000000
vn -0.798166 0.602437 0.000000
vn -0.749285 0.662247 0.000000
vt 0.000000 0.000000
vt 0.000000 -5.000000
vt 0.333333 -5.000000
vt 0.666667 -5.000000
vt 1.000000 -5.000000
vt 1.000000 0.000000
vt 0.333333 0.000000
vt 0.666667 0.000000
vt 0.500000 -2.500000
f 1425/1425/1425 1417/1417/1417 1418/1418/1418
f 1425/1425/1425 1418/1418/1418 1419/1419/1419
f 1425/1425/1425 1419/1419/1419 1420/1420/1420
f 1425/1425/1425 1420/1420/1420 1421/1421/1421
f 1425/1425/1425 1421/1421/1421 1422/1422/1422
f 1425/1425/1425 1423/1423/1423 1417/1417/1417
f 1425/1425/1425 1424/1424/1424 1423/1423/1423
f 1425/1425/1425 1422/1422/1422 1424/1424/1424
v -6.201172 -28.560547 0.000000
v -5.990723 -28.795898 0.000000
v -5.832031 -29.041016 0.000000
v -6.679688 -28.216797 0.000000
v -6.465567 -28.340639 0.000000
v -6.332917 -28.441551 0.000000
v -7.464844 -28.056641 0.000000
v -7.093702 -28.088276 0.000000
v -6.879762 -28.140179 0.000000
v -7.857422 -28.093750 0.000000
v -8.228516 -28.197266 0.000000
v -8.558594 -28.361328 0.000000
v -9.181641 -29.041016 0.000000
v -9.019531 -28.783203 0.000000
v -8.811849 -28.556641 0.000000
v -9.390625 -29.931641 0.000000
v -9.367405 -29.619141 0.000000
v -9.297743 -29.322266 0.000000
v -9.351562 -30.361328 0.000000
v -9.193359 -30.791016 0.000000
v -9.288574 -30.580078 0.000000
v -8.929688 -31.166016 0.000000
v -8.578125 -31.468750 0.000000
v -8.167969 -31.666016 0.000000
v -8.375977 -31.585449 0.000000
v -7.542969 -31.763672 0.000000
v -7.847656 -31.739258 0.000000
v -6.990234 -31.683594 0.000000
v -7.264160 -31.743652 0.000000
v -6.478516 -31.441406 0.000000
v -6.726562 -31.583008 0.000000
v -6.046875 -31.041016 0.000000
v -6.250488 -31.260254 0.000000
v -5.755859 -30.494141 0.000000
v -5.862534 -30.758415 0.000000
v -5.947621 -30.906347 0.000000
v -5.656250 -29.841797 0.000000
v -5.681152 -30.172852 0.000000
v -5.734375 -29.281033 0.000000
v -5.675781 -29.547960 0.000000
v -6.869141 -30.822266 0.000000
v -6.733073 -30.708117 0.000000
v -6.619141 -30.579210 0.000000
v -6.527344 -30.435547 0.000000
v -7.335938 -31.025391 0.000000
v -7.174696 -30.983725 0.000000
v -7.019097 -30.916016 0.000000
v -7.535156 -31.041016 0.000000
v -8.488281 -30.498047 0.000000
v -8.278672 -30.751667 0.000000
v -8.083005 -30.899069 0.000000
v -7.881175 -30.989239 0.000000
v -7.713939 -31.028072 0.000000
v -8.648438 -29.931641 0.000000
v -8.630642 -30.136936 0.000000
v -8.577257 -30.325737 0.000000
v -8.414062 -29.208984 0.000000
v -8.544271 -29.424696 0.000000
v -8.622396 -29.665581 0.000000
v -8.029297 -28.869141 0.000000
v -8.168403 -28.958984 0.000000
v -8.296658 -29.072266 0.000000
v -7.558594 -28.751953 0.000000
v -7.723742 -28.764975 0.000000
v -7.880642 -28.804037 0.000000
v -6.980469 -28.904297 0.000000
v -7.162760 -28.823133 0.000000
v -7.355469 -28.772352 0.000000
v -6.558594 -29.322266 0.000000
v -6.674913 -29.154297 0.000000
v -6.815538 -29.014975 0.000000
v -6.406250 -29.904297 0.000000
v -6.423177 -29.688585 0.000000
v -6.473958 -29.494576 0.000000
v -6.460070 -30.275826 0.000000
v -6.419705 -30.098742 0.000000
vn -0.000000 -0.000000 -1.000000
vn -0.000000 -0.000000 -1.000000
vn -0.000000 -0.000000 -1.000000
vn -0.000000 -0.000000 -1.000000
vn -0.000000 -0.000000 -1.000000
vn -0.000000 -0.000000 -1.000000
vn -0.000000 -0.000000 -1.000000
vn -0.000000 -0.000000 -1.000000
vn -0.000000 -0.000000 -1.000000
vn -0.000000 -0.000000 -1.000000
vn -0.000000 -0.000000 -1.000000
vn -0.000000 -0.000000 -1.000000
vn -0.000000 -0.000000 -1.000000
vn -0.000000 -0.000000 -1.000000
vn -0.000000 -0.000000 -1.000000
vn -0.000000 -0.000000 -1.000000
vn -0.000000 -0.000000 -1.000000
vn -0.000000 -0.000000 -1.000000
vn -0.000000 -0.000000 -1.000000
vn -0.000000 -0.000000 -1.000000
vn -0.000000 -0.000000 -1.000000
vn -0.000000 -0.000000 -1.000000
vn -0.000000 -0.000000 -1.000000
vn -0.000000 -0.000000 -1.000000
vn -0.000000 -0.000000 -1.000000
vn -0.000000 -0.000000 -1.000000
vn -0.000000 -0.000000 -1.000000
vn -0.000000 -0.000000 -1.000000
vn -0.000000 -0.000000 -1.000000
vn -0.000000 -0.000000 -1.000000
vn -0.000000 -0.000000 -1.000000
vn -0.000000 -0.000000 -1.000000
vn -0.000000 -0.000000 -1.000000
vn -0.000000 -0.000000 -1.000000
vn -0.000000 -0.000000 -1.000000
vn -0.000000 -0.000000 -1.000000
vn -0.000000 -0.000000 -1.000000
vn -0.000000 -0.000000 -1.000000
vn -0.000000 -0.000000 -1.000000
vn -0.000000 -0.000000 -1.000000
vn -0.000000 -0.000000 -1.000000
vn -0.000000 -0.000000 -1.000000
vn -0.000000 -0.000000 -1.000000
vn -0.000000 -0.000000 -1.000000
vn -0.000000 -0.000000 -1.000000
vn -0.000000 -0.000000 -1.000000
vn -0.000000 -0.000000 -1.000000
vn -0.000000 -0.000000 -1.000000
vn -0.000000 -0.000000 -1.000000
vn -0.000000 -0.000000 -1.000000
vn -0.000000 -0.000000 -1.000000
vn -0.000000 -0.000000 -1.000000
vn -0.000000 -0.000000 -1.000000
vn -0.000000 -0.000000 -1.000000
vn -0.000000 -0.000000 -1.000000
vn -0.000000 -0.000000 -1.000000
vn -0.000000 -0.000000 -1.000000
vn -0.000000 -0.000000 -1.000000
vn -0.000000 -0.000000 -1.000000
vn -0.000000 -0.000000 -1.000000
vn -0.000000 -0.000000 -1.000000
vn -0.000000 -0.000000 -1.000000
vn -0.000000 -0.000000 -1.000000
vn -0.000000 -0.000000 -1.000000
vn -0.000000 -0.000000 -1.000000
vn -0.000000 -0.000000 -1.000000
vn -0.000000 -0.000000 -1.000000
vn -0.000000 -0.000000 -1.000000
vn -0.000000 -0.000000 -1.000000
vn -0.000000 -0.000000 -1.000000
vn -0.000000 -0.000000 -1.000000
vn -0.000000 -0.000000 -1.000000
vn -0.000000 -0.000000 -1.000000
vn -0.000000 -0.000000 -1.000000
vn -0.000000 -0.000000 -1.000000
vn -0.000000 -0.000000 -1.000000
vt 3.509766 3.113281
vt 3.720215 2.877930
vt 3.878906 2.632812
vt 3.031250 3.457031
vt 3.245370 3.333189
vt 3.378020 3.232277
vt 2.246094 3.617188
vt 2.617236 3.585552
vt 2.831175 3.533649
vt 1.853516 3.580078
vt 1.482422 3.476562
vt 1.152344 3.312500
vt 0.529297 2.632812
vt 0.691406 2.890625
vt 0.899089 3.117188
vt 0.320312 1.742188
vt 0.343533 2.054688
vt 0.413194 2.351562
vt 0.359375 1.312500
vt 0.517578 0.882812
vt 0.422363 1.093750
vt 0.781250 0.507812
vt 1.132812 0.205078
vt 1.542969 0.007812
vt 1.334961 0.088379
vt 2.167969 -0.089844
vt 1.863281 -0.065430
vt 2.720703 -0.009766
vt 2.446777 -0.069824
vt 3.232422 0.232422
vt 2.984375 0.090820
vt 3.664062 0.632812
vt 3.460449 0.413574
vt 3.955078 1.179688
vt 3.848404 0.915413
vt 3.763316 0.767482
vt 4.054688 1.832031
vt 4.029785 1.500977
vt 3.976562 2.392795
vt 4.035156 2.125868
vt 2.841797 0.851562
vt 2.977865 0.965712
vt 3.091797 1.094618
vt 3.183594 1.238281
vt 2.375000 0.648438
vt 2.536241 0.690104
vt 2.691840 0.757812
vt 2.175781 0.632812
vt 1.222656 1.175781
vt 1.432265 0.922161
vt 1.627932 0.774760
vt 1.829763 0.684589
vt 1.996999 0.645757
vt 1.062500 1.742188
vt 1.080295 1.536892
vt 1.133681 1.348090
vt 1.296875 2.464844
vt 1.166667 2.249132
vt 1.088542 2.008246
vt 1.681641 2.804688
vt 1.542535 2.714844
vt 1.414279 2.601562
vt 2.152344 2.921875
vt 1.987196 2.908854
vt 1.830295 2.869792
vt 2.730469 2.769531
vt 2.548177 2.850694
vt 2.355469 2.901476
vt 3.152344 2.351562
vt 3.036024 2.519531
vt 2.895399 2.658854
vt 3.304688 1.769531
vt 3.287760 1.985243
vt 3.236979 2.179254
vt 3.250868 1.398003
vt 3.291233 1.575087
f 1475/1475/1475 1448/1448/1448 1447/1447/1447
f 1474/1474/1474 1447/1447/1447 1445/1445/1445
f 1474/1474/1474 1475/1475/1475 1447/1447/1447
f 1476/1476/1476 1449/1449/1449 1450/1450/1450
f 1476/1476/1476 1450/1450/1450 1448/1448/1448
f 1476/1476/1476 1448/1448/1448 1475/1475/1475
f 1481/1481/1481 1474/1474/1474 1445/1445/1445
f 1481/1481/1481 1445/1445/1445 1446/1446/1446
f 1481/1481/1481 1446/1446/1446 1444/1444/1444
f 1477/1477/1477 1449/1449/1449 1476/1476/1476
f 1477/1477/1477 1452/1452/1452 1449/1449/1449
f 1480/1480/1480 1444/1444/1444 1441/1441/1441
f 1480/1480/1480 1481/1481/1481 1444/1444/1444
f 1478/1478/1478 1452/1452/1452 1477/1477/1477
f 1478/1478/1478 1451/1451/1451 1452/1452/1452
f 1479/1479/1479 1441/1441/1441 1442/1442/1442
f 1479/1479/1479 1480/1480/1480 1441/1441/1441
f 1473/1473/1473 1451/1451/1451 1478/1478/1478
f 1473/1473/1473 1454/1454/1454 1451/1451/1451
f 1470/1470/1470 1454/1454/1454 1473/1473/1473
f 1470/1470/1470 1453/1453/1453 1454/1454/1454
f 1484/1484/1484 1479/1479/1479 1442/1442/1442
f 1484/1484/1484 1442/1442/1442 1443/1443/1443
f 1471/1471/1471 1456/1456/1456 1453/1453/1453
f 1471/1471/1471 1453/1453/1453 1470/1470/1470
f 1483/1483/1483 1443/1443/1443 1438/1438/1438
f 1483/1483/1483 1484/1484/1484 1443/1443/1443
f 1472/1472/1472 1456/1456/1456 1471/1471/1471
f 1455/1455/1455 1456/1456/1456 1472/1472/1472
f 1466/1466/1466 1455/1455/1455 1472/1472/1472
f 1482/1482/1482 1438/1438/1438 1439/1439/1439
f 1482/1482/1482 1483/1483/1483 1438/1438/1438
f 1458/1458/1458 1455/1455/1455 1466/1466/1466
f 1467/1467/1467 1458/1458/1458 1466/1466/1466
f 1440/1440/1440 1482/1482/1482 1439/1439/1439
f 1440/1440/1440 1487/1487/1487 1482/1482/1482
f 1486/1486/1486 1487/1487/1487 1440/1440/1440
f 1457/1457/1457 1458/1458/1458 1467/1467/1467
f 1457/1457/1457 1467/1467/1467 1468/1468/1468
f 1437/1437/1437 1486/1486/1486 1440/1440/1440
f 1485/1485/1485 1486/1486/1486 1437/1437/1437
f 1461/1461/1461 1457/1457/1457 1468/1468/1468
f 1461/1461/1461 1468/1468/1468 1469/1469/1469
f 1460/1460/1460 1461/1461/1461 1469/1469/1469
f 1460/1460/1460 1469/1469/1469 1500/1500/1500
f 1436/1436/1436 1490/1490/1490 1485/1485/1485
f 1436/1436/1436 1485/1485/1485 1437/1437/1437
f 1459/1459/1459 1500/1500/1500 1501/1501/1501
f 1459/1459/1459 1460/1460/1460 1500/1500/1500
f 1435/1435/1435 1488/1488/1488 1489/1489/1489
f 1435/1435/1435 1489/1489/1489 1490/1490/1490
f 1435/1435/1435 1490/1490/1490 1436/1436/1436
f 1463/1463/1463 1501/1501/1501 1497/1497/1497
f 1463/1463/1463 1459/1459/1459 1501/1501/1501
f 1432/1432/1432 1493/1493/1493 1488/1488/1488
f 1432/1432/1432 1488/1488/1488 1435/1435/1435
f 1462/1462/1462 1497/1497/1497 1498/1498/1498
f 1462/1462/1462 1463/1463/1463 1497/1497/1497
f 1465/1465/1465 1462/1462/1462 1498/1498/1498
f 1433/1433/1433 1492/1492/1492 1493/1493/1493
f 1433/1433/1433 1493/1493/1493 1432/1432/1432
f 1434/1434/1434 1492/1492/1492 1433/1433/1433
f 1434/1434/1434 1491/1491/1491 1492/1492/1492
f 1464/1464/1464 1465/1465/1465 1498/1498/1498
f 1464/1464/1464 1498/1498/1498 1499/1499/1499
f 1429/1429/1429 1491/1491/1491 1434/1434/1434
f 1428/1428/1428 1464/1464/1464 1499/1499/1499
f 1428/1428/1428 1499/1499/1499 1494/1494/1494
f 1430/1430/1430 1491/1491/1491 1429/1429/1429
f 1430/1430/1430 1496/1496/1496 1491/1491/1491
f 1427/1427/1427 1428/1428/1428 1494/1494/1494
f 1427/1427/1427 1494/1494/1494 1495/1495/1495
f 1431/1431/1431 1496/1496/1496 1430/1430/1430
f 1426/1426/1426 1496/1496/1496 1431/1431/1431
f 1426/1426/1426 1427/1427/1427 1495/1495/1495
f 1426/1426/1426 1495/1495/1495 1496/1496/1496
v -6.201172 -28.560547 5.000000
v -5.990723 -28.795898 5.000000
v -5.832031 -29.041016 5.000000
v -6.679688 -28.216797 5.000000
v -6.465567 -28.340639 5.000000
v -6.332917 -28.441551 5.000000
v -7.464844 -28.056641 5.000000
v -7.093702 -28.088276 5.000000
v -6.879762 -28.140179 5.000000
v -7.857422 -28.093750 5.000000
v -8.228516 -28.197266 5.000000
v -8.558594 -28.361328 5.000000
v -9.181641 -29.041016 5.000000
v -9.019531 -28.783203 5.000000
v -8.811849 -28.556641 5.000000
v -9.390625 -29.931641 5.000000
v -9.367405 -29.619141 5.000000
v -9.297743 -29.322266 5.000000
v -9.351562 -30.361328 5.000000
v -9.193359 -30.791016 5.000000
v -9.288574 -30.580078 5.000000
v -8.929688 -31.166016 5.000000
v -8.578125 -31.468750 5.000000
v -8.167969 -31.666016 5.000000
v -8.375977 -31.585449 5.000000
v -7.542969 -31.763672 5.000000
v -7.847656 -31.739258 5.000000
v -6.990234 -31.683594 5.000000
v -7.264160 -31.743652 5.000000
v -6.478516 -31.441406 5.000000
v -6.726562 -31.583008 5.000000
v -6.046875 -31.041016 5.000000
v -6.250488 -31.260254 5.000000
v -5.755859 -30.494141 5.000000
v -5.862534 -30.758415 5.000000
v -5.947621 -30.906347 5.000000
v -5.656250 -29.841797 5.000000
v -5.681152 -30.172852 5.000000
v -5.734375 -29.281033 5.000000
v -5.675781 -29.547960 5.000000
v -6.869141 -30.822266 5.000000
v -6.733073 -30.708117 5.000000
v -6.619141 -30.579210 5.000000
v -6.527344 -30.435547 5.000000
v -7.335938 -31.025391 5.000000
v -7.174696 -30.983725 5.000000
v -7.019097 -30.916016 5.000000
v -7.535156 -31.041016 5.000000
v -8.488281 -30.498047 5.000000
v -8.278672 -30.751667 5.000000
v -8.083005 -30.899069 5.000000
v -7.881175 -30.989239 5.000000
v -7.713939 -31.028072 5.000000
v -8.648438 -29.931641 5.000000
v -8.630642 -30.136936 5.000000
v -8.577257 -30.325737 5.000000
v -8.414062 -29.208984 5.000000
v -8.544271 -29.424696 5.000000
v -8.622396 -29.665581 5.000000
v -8.029297 -28.869141 5.000000
v -8.168403 -28.958984 5.000000
v -8.296658 -29.072266 5.000000
v -7.558594 -28.751953 5.000000
v -7.723742 -28.764975 5.000000
v -7.880642 -28.804037 5.000000
v -6.980469 -28.904297 5.000000
v -7.162760 -28.823133 5.000000
v -7.355469 -28.772352 5.000000
v -6.558594 -29.322266 5.000000
v -6.674913 -29.154297 5.000000
v -6.815538 -29.014975 5.000000
v -6.406250 -29.904297 5.000000
v -6.423177 -29.688585 5.000000
v -6.473958 -29.494576 5.000000
v -6.460070 -30.275826 5.000000
v -6.419705 -30.098742 5.000000
vn 0.000000 0.000000 1.000000
vn 0.000000 0.000000 1.000000
vn 0.000000 0.000000 1.000000
vn 0.000000 0.000000 1.000000
vn 0.000000 0.000000 1.000000
vn 0.000000 0.000000 1.000000
vn 0.000000 0.000000 1.000000
vn 0.000000 0.000000 1.000000
vn 0.000000 0.000000 1.000000
vn 0.000000 0.000000 1.000000
vn 0.000000 0.000000 1.000000
vn 0.000000 0.000000 1.000000
vn 0.000000 0.000000 1.000000
vn 0.000000 0.000000 1.000000
vn 0.000000 0.000000 1.000000
vn 0.000000 0.000000 1.000000
vn 0.000000 0.000000 1.000000
vn 0.000000 0.000000 1.000000
vn 0.000000 0.000000 1.000000
vn 0.000000 0.000000 1.000000
vn 0.000000 0.000000 1.000000
vn 0.000000 0.000000 1.000000
vn 0.000000 0.000000 1.000000
vn 0.000000 0.000000 1.000000
vn 0.000000 0.000000 1.000000
vn 0.000000 0.000000 1.000000
vn 0.000000 0.000000 1.000000
vn 0.000000 0.000000 1.000000
vn 0.000000 0.000000 1.000000
vn 0.000000 0.000000 1.000000
vn 0.000000 0.000000 1.000000
vn 0.000000 0.000000 1.000000
vn 0.000000 0.000000 1.000000
vn 0.000000 0.000000 1.000000
vn 0.000000 0.000000 1.000000
vn 0.000000 0.000000 1.000000
vn 0.000000 0.000000 1.000000
vn 0.000000 0.000000 1.000000
vn 0.000000 0.000000 1.000000
vn 0.000000 0.000000 1.000000
vn 0.000000 0.000000 1.000000
vn 0.000000 0.000000 1.000000
vn 0.000000 0.000000 1.000000
vn 0.000000 0.000000 1.000000
vn 0.000000 0.000000 1.000000
vn 0.000000 0.000000 1.000000
vn 0.000000 0.000000 1.000000
vn 0.000000 0.000000 1.000000
vn 0.000000 0.000000 1.000000
vn 0.000000 0.000000 1.000000
vn 0.000000 0.000000 1.000000
vn 0.000000 0.000000 1.000000
vn 0.000000 0.000000 1.000000
vn 0.000000 0.000000 1.000000
vn 0.000000 0.000000 1.000000
vn 0.000000 0.000000 1.000000
vn 0.000000 0.000000 1.000000
vn 0.000000 0.000000 1.000000
vn 0.000000 0.000000 1.000000
vn 0.000000 0.000000 1.000000
vn 0.000000 0.000000 1.000000
vn 0.000000 0.000000 1.000000
vn 0.000000 0.000000 1.000000
vn 0.000000 0.000000 1.000000
vn 0.000000 0.000000 1.000000
vn 0.000000 0.000000 1.000000
vn 0.000000 0.000000 1.000000
vn 0.000000 0.000000 1.000000
vn 0.000000 0.000000 1.000000
vn 0.000000 0.000000 1.000000
vn 0.000000 0.000000 1.000000
vn 0.000000 0.000000 1.000000
vn 0.000000 0.000000 1.000000
vn 0.000000 0.000000 1.000000
vn 0.000000 0.000000 1.000000
vn 0.000000 0.000000 1.000000
vt 3.509766 3.113281
vt 3.720215 2.877930
vt 3.878906 2.632812
vt 3.031250 3.457031
vt 3.245370 3.333189
vt 3.378020 3.232277
vt 2.246094 3.617188
vt 2.617236 3.585552
vt 2.831175 3.533649
vt 1.853516 3.580078
vt 1.482422 3.476562
vt 1.152344 3.312500
vt 0.529297 2.632812
vt 0.691406 2.890625
vt 0.899089 3.117188
vt 0.320312 1.742188
vt 0.343533 2.054688
vt 0.413194 2.351562
vt 0.359375 1.312500
vt 0.517578 0.882812
vt 0.422363 1.093750
vt 0.781250 0.507812
vt 1.132812 0.205078
vt 1.542969 0.007812
vt 1.334961 0.088379
vt 2.167969 -0.089844
vt 1.863281 -0.065430
vt 2.720703 -0.009766
vt 2.446777 -0.069824
vt 3.232422 0.232422
vt 2.984375 0.090820
vt 3.664062 0.632812
vt 3.460449 0.413574
vt 3.955078 1.179688
vt 3.848404 0.915413
vt 3.763316 0.767482
vt 4.054688 1.832031
vt 4.029785 1.500977
vt 3.976562 2.392795
vt 4.035156 2.125868
vt 2.841797 0.851562
vt 2.977865 0.965712
vt 3.091797 1.094618
vt 3.183594 1.238281
vt 2.375000 0.648438
vt 2.536241 0.690104
vt 2.691840 0.757812
vt 2.175781 0.632812
vt 1.222656 1.175781
vt 1.432265 0.922161
vt 1.627932 0.774760
vt 1.829763 0.684589
vt 1.996999 0.645757
vt 1.062500 1.742188
vt 1.080295 1.536892
vt 1.133681 1.348090
vt 1.296875 2.464844
vt 1.166667 2.249132
vt 1.088542 2.008246
vt 1.681641 2.804688
vt 1.542535 2.714844
vt 1.414279 2.601562
vt 2.152344 2.921875
vt 1.987196 2.908854
vt 1.830295 2.869792
vt 2.730469 2.769531
vt 2.548177 2.850694
vt 2.355469 2.901476
vt 3.152344 2.351562
vt 3.036024 2.519531
vt 2.895399 2.658854
vt 3.304688 1.769531
vt 3.287760 1.985243
vt 3.236979 2.179254
vt 3.250868 1.398003
vt 3.291233 1.575087
f 1551/1551/1551 1523/1523/1523 1524/1524/1524
f 1550/1550/1550 1521/1521/1521 1523/1523/1523
f 1550/1550/1550 1523/1523/1523 1551/1551/1551
f 1552/1552/1552 1526/1526/1526 1525/1525/1525
f 1552/1552/1552 1524/1524/1524 1526/1526/1526
f 1552/1552/1552 1551/1551/1551 1524/1524/1524
f 1557/1557/1557 1521/1521/1521 1550/1550/1550
f 1557/1557/1557 1522/1522/1522 1521/1521/1521
f 1557/1557/1557 1520/1520/1520 1522/1522/1522
f 1553/1553/1553 1552/1552/1552 1525/1525/1525
f 1553/1553/1553 1525/1525/1525 1528/1528/1528
f 1556/1556/1556 1517/1517/1517 1520/1520/1520
f 1556/1556/1556 1520/1520/1520 1557/1557/1557
f 1554/1554/1554 1553/1553/1553 1528/1528/1528
f 1554/1554/1554 1528/1528/1528 1527/1527/1527
f 1555/1555/1555 1518/1518/1518 1517/1517/1517
f 1555/1555/1555 1517/1517/1517 1556/1556/1556
f 1549/1549/1549 1554/1554/1554 1527/1527/1527
f 1549/1549/1549 1527/1527/1527 1530/1530/1530
f 1546/1546/1546 1549/1549/1549 1530/1530/1530
f 1546/1546/1546 1530/1530/1530 1529/1529/1529
f 1560/1560/1560 1518/1518/1518 1555/1555/1555
f 1560/1560/1560 1519/1519/1519 1518/1518/1518
f 1547/1547/1547 1529/1529/1529 1532/1532/1532
f 1547/1547/1547 1546/1546/1546 1529/1529/1529
f 1559/1559/1559 1514/1514/1514 1519/1519/1519
f 1559/1559/1559 1519/1519/1519 1560/1560/1560
f 1548/1548/1548 1547/1547/1547 1532/1532/1532
f 1531/1531/1531 1548/1548/1548 1532/1532/1532
f 1542/1542/1542 1548/1548/1548 1531/1531/1531
f 1558/1558/1558 1515/1515/1515 1514/1514/1514
f 1558/1558/1558 1514/1514/1514 1559/1559/1559
f 1534/1534/1534 1542/1542/1542 1531/1531/1531
f 1543/1543/1543 1542/1542/1542 1534/1534/1534
f 1516/1516/1516 1515/1515/1515 1558/1558/1558
f 1516/1516/1516 1558/1558/1558 1563/1563/1563
f 1562/1562/1562 1516/1516/1516 1563/1563/1563
f 1533/1533/1533 1543/1543/1543 1534/1534/1534
f 1533/1533/1533 1544/1544/1544 1543/1543/1543
f 1513/1513/1513 1516/1516/1516 1562/1562/1562
f 1561/1561/1561 1513/1513/1513 1562/1562/1562
f 1537/1537/1537 1544/1544/1544 1533/1533/1533
f 1537/1537/1537 1545/1545/1545 1544/1544/1544
f 1536/1536/1536 1545/1545/1545 1537/1537/1537
f 1536/1536/1536 1576/1576/1576 1545/1545/1545
f 1512/1512/1512 1561/1561/1561 1566/1566/1566
f 1512/1512/1512 1513/1513/1513 1561/1561/1561
f 1535/1535/1535 1577/1577/1577 1576/1576/1576
f 1535/1535/1535 1576/1576/1576 1536/1536/1536
f 1511/1511/1511 1565/1565/1565 1564/1564/1564
f 1511/1511/1511 1566/1566/1566 1565/1565/1565
f 1511/1511/1511 1512/1512/1512 1566/1566/1566
f 1539/1539/1539 1573/1573/1573 1577/1577/1577
f 1539/1539/1539 1577/1577/1577 1535/1535/1535
f 1508/1508/1508 1564/1564/1564 1569/1569/1569
f 1508/1508/1508 1511/1511/1511 1564/1564/1564
f 1538/1538/1538 1574/1574/1574 1573/1573/1573
f 1538/1538/1538 1573/1573/1573 1539/1539/1539
f 1541/1541/1541 1574/1574/1574 1538/1538/1538
f 1509/1509/1509 1569/1569/1569 1568/1568/1568
f 1509/1509/1509 1508/1508/1508 1569/1569/1569
f 1510/1510/1510 1509/1509/1509 1568/1568/1568
f 1510/1510/1510 1568/1568/1568 1567/1567/1567
f 1540/1540/1540 1574/1574/1574 1541/1541/1541
f 1540/1540/1540 1575/1575/1575 1574/1574/1574
f 1505/1505/1505 1510/1510/1510 1567/1567/1567
f 1504/1504/1504 1575/1575/1575 1540/1540/1540
f 1504/1504/1504 1570/1570/1570 1575/1575/1575
f 1506/1506/1506 1505/1505/1505 1567/1567/1567
f 1506/1506/1506 1567/1567/1567 1572/1572/1572
f 1503/1503/1503 1570/1570/1570 1504/1504/1504
f 1503/1503/1503 1571/1571/1571 1570/1570/1570
f 1507/1507/1507 1506/1506/1506 1572/1572/1572
f 1502/1502/1502 1507/1507/1507 1572/1572/1572
f 1502/1502/1502 1571/1571/1571 1503/1503/1503
f 1502/1502/1502 1572/1572/1572 1571/1571/1571
v -1.464844 -31.673828 0.000000
v -1.464844 -31.673828 5.000000
v -2.238281 -31.673828 5.000000
v -2.238281 -31.673828 0.000000
vn 0.000000 -1.000000 0.000000
vn 0.000000 -1.000000 0.000000
vn 0.000000 -1.000000 0.000000
vn 0.000000 -1.000000 0.000000
vt 0.000000 0.000000
vt 0.000000 -5.000000
vt 0.773438 -5.000000
vt 0.773438 0.000000
f 1581/1581/1581 1578/1578/1578 1579/1579/1579
f 1581/1581/1581 1579/1579/1579 1580/1580/1580
v -2.238281 -31.673828 0.000000
v -2.238281 -31.673828 5.000000
v -2.238281 -29.513672 5.000000
v -2.238281 -29.513672 0.000000
vn -1.000000 0.000000 0.000000
vn -1.000000 0.000000 0.000000
vn -1.000000 0.000000 0.000000
vn -1.000000 0.000000 0.000000
vt 0.000000 0.000000
vt 0.000000 -5.000000
vt 2.160156 -5.000000
vt 2.160156 0.000000
f 1585/1585/1585 1582/1582/1582 1583/1583/1583
f 1585/1585/1585 1583/1583/1583 1584/1584/1584
v -2.238281 -29.513672 0.000000
v -2.238281 -29.513672 5.000000
v -2.280599 -29.353081 5.000000
v -2.360677 -29.199436 5.000000
v -2.478516 -29.052734 5.000000
v -2.478516 -29.052734 0.000000
v -2.280599 -29.353081 0.000000
v -2.360677 -29.199436 0.000000
v -2.315918 -29.275391 2.500000
vn -0.989949 -0.141421 0.000000
vn -0.989949 -0.141421 0.000000
vn -0.931811 -0.362943 0.000000
vn -0.835009 -0.550237 0.000000
vn -0.723356 -0.690476 0.000000
vn -0.723356 -0.690476 0.000000
vn -0.931811 -0.362943 0.000000
vn -0.835009 -0.550237 0.000000
vn -0.886786 -0.462181 0.000000
vt 0.000000 0.000000
vt 0.000000 -5.000000
vt 0.333333 -5.000000
vt 0.666667 -5.000000
vt 1.000000 -5.000000
vt 1.000000 0.000000
vt 0.333333 0.000000
vt 0.666667 0.000000
vt 0.500000 -2.500000
f 1594/1594/1594 1586/1586/1586 1587/1587/1587
f 1594/1594/1594 1587/1587/1587 1588/1588/1588
f 1594/1594/1594 1588/1588/1588 1589/1589/1589
f 1594/1594/1594 1589/1589/1589 1590/1590/1590
f 1594/1594/1594 1590/1590/1590 1591/1591/1591
f 1594/1594/1594 1592/1592/1592 1586/1586/1586
f 1594/1594/1594 1593/1593/1593 1592/1592/1592
f 1594/1594/1594 1591/1591/1591 1593/1593/1593
v -2.478516 -29.052734 0.000000
v -2.478516 -29.052734 5.000000
v -2.620660 -28.925999 5.000000
v -2.773654 -28.832249 5.000000
v -2.937500 -28.771484 5.000000
v -2.937500 -28.771484 0.000000
v -2.620660 -28.925999 0.000000
v -2.773654 -28.832249 0.000000
v -2.695801 -28.875000 2.500000
vn -0.723356 -0.690476 0.000000
vn -0.723356 -0.690476 0.000000
vn -0.598491 -0.801130 0.000000
vn -0.438327 -0.898816 0.000000
vn -0.253028 -0.967459 0.000000
vn -0.253028 -0.967459 0.000000
vn -0.598491 -0.801130 0.000000
vn -0.438327 -0.898816 0.000000
vn -0.522477 -0.852653 0.000000
vt 0.000000 0.000000
vt 0.000000 -5.000000
vt 0.333333 -5.000000
vt 0.666667 -5.000000
vt 1.000000 -5.000000
vt 1.000000 0.000000
vt 0.333333 0.000000
vt 0.666667 0.000000
vt 0.500000 -2.500000
f 1603/1603/1603 1595/1595/1595 1596/1596/1596
f 1603/1603/1603 1596/1596/1596 1597/1597/1597
f 1603/1603/1603 1597/1597/1597 1598/1598/1598
f 1603/1603/1603 1598/1598/1598 1599/1599/1599
f 1603/1603/1603 1599/1599/1599 1600/1600/1600
f 1603/1603/1603 1601/1601/1601 1595/1595/1595
f 1603/1603/1603 1602/1602/1602 1601/1601/1601
f 1603/1603/1603 1600/1600/1600 1602/1602/1602
v -2.937500 -28.771484 0.000000
v -2.937500 -28.771484 5.000000
v -3.136719 -28.751953 5.000000
v -3.136719 -28.751953 0.000000
v -3.065430 -28.756836 2.500000
vn -0.124035 -0.992278 0.000000
vn -0.124035 -0.992278 0.000000
vn 0.000000 -1.000000 0.000000
vn 0.000000 -1.000000 0.000000
vn -0.097571 -0.995229 0.000000
vt 0.000000 0.000000
vt 0.000000 -5.000000
vt 1.000000 -5.000000
vt 1.000000 0.000000
vt 0.500000 -2.500000
f 1608/1608/1608 1604/1604/1604 1605/1605/1605
f 1608/1608/1608 1605/1605/1605 1606/1606/1606
f 1608/1608/1608 1606/1606/1606 1607/1607/1607
f 1608/1608/1608 1607/1607/1607 1604/1604/1604
v -3.136719 -28.751953 0.000000
v -3.136719 -28.751953 5.000000
v -3.428819 -28.779732 5.000000
v -3.742621 -28.863064 5.000000
v -4.078125 -29.001953 5.000000
v -4.078125 -29.001953 0.000000
v -3.428819 -28.779732 0.000000
v -3.742621 -28.863064 0.000000
v -3.583008 -28.814453 2.500000
vn 0.000000 -1.000000 0.000000
vn 0.000000 -1.000000 0.000000
vn 0.180373 -0.983598 0.000000
vn 0.323807 -0.946123 0.000000
vn 0.433612 -0.901100 0.000000
vn 0.433612 -0.901100 0.000000
vn 0.180373 -0.983598 0.000000
vn 0.323807 -0.946123 0.000000
vn 0.256664 -0.966501 0.000000
vt 0.000000 0.000000
vt 0.000000 -5.000000
vt 0.333333 -5.000000
vt 0.666667 -5.000000
vt 1.000000 -5.000000
vt 1.000000 0.000000
vt 0.333333 0.000000
vt 0.666667 0.000000
vt 0.500000 -2.500000
f 1617/1617/1617 1609/1609/1609 1610/1610/1610
f 1617/1617/1617 1610/1610/1610 1611/1611/1611
f 1617/1617/1617 1611/1611/1611 1612/1612/1612
f 1617/1617/1617 1612/1612/1612 1613/1613/1613
f 1617/1617/1617 1613/1613/1613 1614/1614/1614
f 1617/1617/1617 1615/1615/1615 1609/1609/1609
f 1617/1617/1617 1616/1616/1616 1615/1615/1615
f 1617/1617/1617 1614/1614/1614 1616/1616/1616
v -4.078125 -29.001953 0.000000
v -4.078125 -29.001953 5.000000
v -4.109375 -29.025391 5.000000
v -4.109375 -29.025391 0.000000
v -4.097656 -29.015625 2.500000
vn 0.554700 -0.832050 0.000000
vn 0.554700 -0.832050 0.000000
vn 0.707107 -0.707107 0.000000
vn 0.707107 -0.707107 0.000000
vn 0.600000 -0.800000 0.000000
vt 0.000000 0.000000
vt 0.000000 -5.000000
vt 1.000000 -5.000000
vt 1.000000 0.000000
vt 0.500000 -2.500000
f 1622/1622/1622 1618/1618/1618 1619/1619/1619
f 1622/1622/1622 1619/1619/1619 1620/1620/1620
f 1622/1622/1622 1620/1620/1620 1621/1621/1621
f 1622/1622/1622 1621/1621/1621 1618/1618/1618
v -4.109375 -29.025391 0.000000
v -4.109375 -29.025391 5.000000
v -4.121094 -29.041016 5.000000
v -4.121094 -29.041016 0.000000
v -4.116211 -29.033203 2.500000
vn 0.707107 -0.707107 0.000000
vn 0.707107 -0.707107 0.000000
vn 0.894427 -0.447214 0.000000
vn 0.894427 -0.447214 0.000000
vn 0.800000 -0.600000 0.000000
vt 0.000000 0.000000
vt 0.000000 -5.000000
vt 1.000000 -5.000000
vt 1.000000 0.000000
vt 0.500000 -2.500000
f 1627/1627/1627 1623/1623/1623 1624/1624/1624
f 1627/1627/1627 1624/1624/1624 1625/1625/1625
f 1627/1627/1627 1625/1625/1625 1626/1626/1626
f 1627/1627/1627 1626/1626/1626 1623/1623/1623
v -4.121094 -29.041016 0.000000
v -4.121094 -29.041016 5.000000
v -4.121094 -31.642578 5.000000
v -4.121094 -31.642578 0.000000
vn 1.000000 0.000000 0.000000
vn 1.000000 0.000000 0.000000
vn 1.000000 0.000000 0.000000
vn 1.000000 0.000000 0.000000
vt 0.000000 0.000000
vt 0.000000 -5.000000
vt 2.601562 -5.000000
vt 2.601562 0.000000
f 1631/1631/1631 1628/1628/1628 1629/1629/1629
f 1631/1631/1631 1629/1629/1629 1630/1630/1630
v -4.121094 -31.642578 0.000000
v -4.121094 -31.642578 5.000000
v -4.123047 -31.662109 5.000000
v -4.123047 -31.662109 0.000000
v -4.121582 -31.651367 2.500000
vn 1.000000 0.000000 -0.000000
vn 1.000000 0.000000 -0.000000
vn 0.986394 -0.164399 0.000000
vn 0.986394 -0.164399 0.000000
vn 0.995037 -0.099504 0.000000
vt 0.000000 0.000000
vt 0.000000 -5.000000
vt 1.000000 -5.000000
vt 1.000000 0.000000
vt 0.500000 -2.500000
f 1636/1636/1636 1632/1632/1632 1633/1633/1633
f 1636/1636/1636 1633/1633/1633 1634/1634/1634
f 1636/1636/1636 1634/1634/1634 1635/1635/1635
f 1636/1636/1636 1635/1635/1635 1632/1632/1632
v -4.123047 -31.662109 0.000000
v -4.123047 -31.662109 5.000000
v -4.129395 -31.670898 5.000000
v -4.144531 -31.673828 5.000000
v -4.144531 -31.673828 0.000000
v -4.129395 -31.670898 0.000000
v -4.129395 -31.670898 2.500000
vn 0.986394 -0.164399 0.000000
vn 0.986394 -0.164399 0.000000
vn 0.478852 -0.877896 0.000000
vn 0.000000 -1.000000 0.000000
vn 0.000000 -1.000000 0.000000
vn 0.478852 -0.877896 0.000000
vn 0.478852 -0.877896 0.000000
vt 0.000000 0.000000
vt 0.000000 -5.000000
vt 0.500000 -5.000000
vt 1.000000 -5.000000
vt 1.000000 0.000000
vt 0.500000 0.000000
vt 0.500000 -2.500000
f 1643/1643/1643 1637/1637/1637 1638/1638/1638
f 1643/1643/1643 1638/1638/1638 1639/1639/1639
f 1643/1643/1643 1639/1639/1639 1640/1640/1640
f 1643/1643/1643 1640/1640/1640 1641/1641/1641
f 1643/1643/1643 1642/1642/1642 1637/1637/1637
f 1643/1643/1643 1641/1641/1641 1642/1642/1642
v -4.144531 -31.673828 0.000000
v -4.144531 -31.673828 5.000000
v -4.832031 -31.673828 5.000000
v -4.832031 -31.673828 0.000000
vn 0.000000 -1.000000 0.000000
vn 0.000000 -1.000000 0.000000
vn 0.000000 -1.000000 0.000000
vn 0.000000 -1.000000 0.000000
vt 0.000000 0.000000
vt 0.000000 -5.000000
vt 0.687500 -5.000000
vt 0.687500 0.000000
f 1647/1647/1647 1644/1644/1644 1645/1645/1645
f 1647/1647/1647 1645/1645/1645 1646/1646/1646
v -4.832031 -31.673828 0.000000
v -4.832031 -31.673828 5.000000
v -4.849609 -31.666016 5.000000
v -4.854004 -31.656250 5.000000
v -4.855469 -31.642578 5.000000
v -4.855469 -31.642578 0.000000
v -4.849609 -31.666016 0.000000
v -4.854004 -31.656250 0.000000
v -4.849609 -31.666016 2.500000
vn 0.000000 -1.000000 0.000000
vn 0.000000 -1.000000 0.000000
vn -0.800000 -0.600000 0.000000
vn -0.970142 -0.242536 0.000000
vn -1.000000 0.000000 0.000000
vn -1.000000 0.000000 0.000000
vn -0.800000 -0.600000 0.000000
vn -0.970142 -0.242536 0.000000
vn -0.800000 -0.600000 0.000000
vt 0.000000 0.000000
vt 0.000000 -5.000000
vt 0.500000 -5.000000
vt 0.750000 -5.000000
vt 1.000000 -5.000000
vt 1.000000 0.000000
vt 0.500000 0.000000
vt 0.750000 0.000000
vt 0.500000 -2.500000
f 1656/1656/1656 1648/1648/1648 1649/1649/1649
f 1656/1656/1656 1649/1649/1649 1650/1650/1650
f 1656/1656/1656 1650/1650/1650 1651/1651/1651
f 1656/1656/1656 1651/1651/1651 1652/1652/1652
f 1656/1656/1656 1652/1652/1652 1653/1653/1653
f 1656/1656/1656 1654/1654/1654 1648/1648/1648
f 1656/1656/1656 1655/1655/1655 1654/1654/1654
f 1656/1656/1656 1653/1653/1653 1655/1655/1655
v -4.855469 -31.642578 0.000000
v -4.855469 -31.642578 5.000000
v -4.855469 -28.154297 5.000000
v -4.855469 -28.154297 0.000000
vn -1.000000 0.000000 0.000000
vn -1.000000 0.000000 0.000000
vn -1.000000 0.000000 0.000000
vn -1.000000 0.000000 0.000000
vt 0.000000 0.000000
vt 0.000000 -5.000000
vt 3.488281 -5.000000
vt 3.488281 0.000000
f 1660/1660/1660 1657/1657/1657 1658/1658/1658
f 1660/1660/1660 1658/1658/1658 1659/1659/1659
v -4.855469 -28.154297 0.000000
v -4.855469 -28.154297 5.000000
v -4.839844 -28.130859 5.000000
v -4.839844 -28.130859 0.000000
vn -0.832050 0.554700 0.000000
vn -0.832050 0.554700 0.000000
vn -0.832050 0.554700 0.000000
vn -0.832050 0.554700 0.000000
vt 0.000000 0.000000
vt 0.000000 -5.000000
vt 0.028168 -5.000000
vt 0.028168 0.000000
f 1664/1664/1664 1661/1661/1661 1662/1662/1662
f 1664/1664/1664 1662/1662/1662 1663/1663/1663
v -4.839844 -28.130859 0.000000
v -4.839844 -28.130859 5.000000
v -4.152344 -28.130859 5.000000
v -4.152344 -28.130859 0.000000
vn -0.000000 1.000000 0.000000
vn -0.000000 1.000000 0.000000
vn -0.000000 1.000000 0.000000
vn -0.000000 1.000000 0.000000
vt 0.000000 0.000000
vt 0.000000 -5.000000
vt 0.687500 -5.000000
vt 0.687500 0.000000
f 1668/1668/1668 1665/1665/1665 1666/1666/1666
f 1668/1668/1668 1666/1666/1666 1667/1667/1667
v -4.152344 -28.130859 0.000000
v -4.152344 -28.130859 5.000000
v -4.139998 -28.145906 5.000000
v -4.130739 -28.173683 5.000000
v -4.123505 -28.226309 5.000000
v -4.121094 -28.298828 5.000000
v -4.121094 -28.298828 0.000000
v -4.139998 -28.145906 0.000000
v -4.130739 -28.173683 0.000000
v -4.123505 -28.226309 0.000000
v -4.128906 -28.182617 2.500000
vn 0.529999 0.847998 -0.000000
vn 0.529999 0.847998 -0.000000
vn 0.892813 0.450428 -0.000000
vn 0.975403 0.220430 -0.000000
vn 0.997043 0.076843 -0.000000
vn 1.000000 0.000000 -0.000000
vn 1.000000 0.000000 -0.000000
vn 0.892813 0.450428 -0.000000
vn 0.975403 0.220430 -0.000000
vn 0.997043 0.076843 -0.000000
vn 0.983130 0.182908 -0.000000
vt 0.000000 0.000000
vt 0.000000 -5.000000
vt 0.222222 -5.000000
vt 0.444444 -5.000000
vt 0.722222 -5.000000
vt 1.000000 -5.000000
vt 1.000000 0.000000
vt 0.222222 0.000000
vt 0.444444 0.000000
vt 0.722222 0.000000
vt 0.500000 -2.500000
f 1679/1679/1679 1669/1669/1669 1670/1670/1670
f 1679/1679/1679 1670/1670/1670 1671/1671/1671
f 1679/1679/1679 1671/1671/1671 1672/1672/1672
f 1679/1679/1679 1672/1672/1672 1673/1673/1673
f 1679/1679/1679 1673/1673/1673 1674/1674/1674
f 1679/1679/1679 1674/1674/1674 1675/1675/1675
f 1679/1679/1679 1676/1676/1676 1669/1669/1669
f 1679/1679/1679 1677/1677/1677 1676/1676/1676
f 1679/1679/1679 1678/1678/1678 1677/1677/1677
f 1679/1679/1679 1675/1675/1675 1678/1678/1678
v -4.121094 -28.298828 0.000000
v -4.121094 -28.298828 5.000000
v -4.051270 -28.278809 5.000000
v -3.958984 -28.234375 5.000000
v -3.958984 -28.234375 0.000000
v -4.051270 -28.278809 0.000000
v -4.051270 -28.278809 2.500000
vn -0.132164 0.991228 0.000000
vn -0.132164 0.991228 0.000000
vn -0.369460 0.929247 0.000000
vn -0.480011 0.877262 0.000000
vn -0.480011 0.877262 0.000000
vn -0.369460 0.929247 0.000000
vn -0.369460 0.929247 0.000000
vt 0.000000 0.000000
vt 0.000000 -5.000000
vt 0.500000 -5.000000
vt 1.000000 -5.000000
vt 1.000000 0.000000
vt 0.500000 0.000000
vt 0.500000 -2.500000
f 1686/1686/1686 1680/1680/1680 1681/1681/1681
f 1686/1686/1686 1681/1681/1681 1682/1682/1682
f 1686/1686/1686 1682/1682/1682 1683/1683/1683
f 1686/1686/1686 1683/1683/1683 1684/1684/1684
f 1686/1686/1686 1685/1685/1685 1680/1680/1680
f 1686/1686/1686 1684/1684/1684 1685/1685/1685
v -3.958984 -28.234375 0.000000
v -3.958984 -28.234375 5.000000
v -3.785156 -28.154297 5.000000
v -3.785156 -28.154297 0.000000
v -3.863770 -28.186035 2.500000
vn -0.480011 0.877262 0.000000
vn -0.480011 0.877262 0.000000
vn -0.316228 0.948683 0.000000
vn -0.316228 0.948683 0.000000
vn -0.418411 0.908258 0.000000
vt 0.000000 0.000000
vt 0.000000 -5.000000
vt 1.000000 -5.000000
vt 1.000000 0.000000
vt 0.500000 -2.500000
f 1691/1691/1691 1687/1687/1687 1688/1688/1688
f 1691/1691/1691 1688/1688/1688 1689/1689/1689
f 1691/1691/1691 1689/1689/1689 1690/1690/1690
f 1691/1691/1691 1690/1690/1690 1687/1687/1687
v -3.785156 -28.154297 0.000000
v -3.785156 -28.154297 5.000000
v -3.496576 -28.081381 5.000000
v -3.305242 -28.056967 5.000000
v -3.105469 -28.048828 5.000000
v -3.105469 -28.048828 0.000000
v -3.496576 -28.081381 0.000000
v -3.305242 -28.056967 0.000000
v -3.458984 -28.075195 2.500000
vn -0.319779 0.947492 0.000000
vn -0.319779 0.947492 0.000000
vn -0.171395 0.985202 0.000000
vn -0.082944 0.996554 0.000000
vn 0.000000 1.000000 0.000000
vn 0.000000 1.000000 0.000000
vn -0.171395 0.985202 0.000000
vn -0.082944 0.996554 0.000000
vn -0.153337 0.988174 0.000000
vt 0.000000 0.000000
vt 0.000000 -5.000000
vt 0.444444 -5.000000
vt 0.722222 -5.000000
vt 1.000000 -5.000000
vt 1.000000 0.000000
vt 0.444444 0.000000
vt 0.722222 0.000000
vt 0.500000 -2.500000
f 1700/1700/1700 1692/1692/1692 1693/1693/1693
f 1700/1700/1700 1693/1693/1693 1694/1694/1694
f 1700/1700/1700 1694/1694/1694 1695/1695/1695
f 1700/1700/1700 1695/1695/1695 1696/1696/1696
f 1700/1700/1700 1696/1696/1696 1697/1697/1697
f 1700/1700/1700 1698/1698/1698 1692/1692/1692
f 1700/1700/1700 1699/1699/1699 1698/1698/1698
f 1700/1700/1700 1697/1697/1697 1699/1699/1699
v -3.105469 -28.048828 0.000000
v -3.105469 -28.048828 5.000000
v -2.773438 -28.073784 5.000000
v -2.464844 -28.148655 5.000000
v -2.179688 -28.273438 5.000000
v -2.179688 -28.273438 0.000000
v -2.773438 -28.073784 0.000000
v -2.464844 -28.148655 0.000000
v -2.616211 -28.104980 2.500000
vn 0.000000 1.000000 0.000000
vn 0.000000 1.000000 0.000000
vn 0.153968 0.988076 -0.000000
vn 0.318721 0.947849 -0.000000
vn 0.480315 0.877096 -0.000000
vn 0.480315 0.877096 -0.000000
vn 0.153968 0.988076 -0.000000
vn 0.318721 0.947849 -0.000000
vn 0.235776 0.971807 -0.000000
vt 0.000000 0.000000
vt 0.000000 -5.000000
vt 0.333333 -5.000000
vt 0.666667 -5.000000
vt 1.000000 -5.000000
vt 1.000000 0.000000
vt 0.333333 0.000000
vt 0.666667 0.000000
vt 0.500000 -2.500000
f 1709/1709/1709 1701/1701/1701 1702/1702/1702
f 1709/1709/1709 1702/1702/1702 1703/1703/1703
f 1709/1709/1709 1703/1703/1703 1704/1704/1704
f 1709/1709/1709 1704/1704/1704 1705/1705/1705
f 1709/1709/1709 1705/1705/1705 1706/1706/1706
f 1709/1709/1709 1707/1707/1707 1701/1701/1701
f 1709/1709/1709 1708/1708/1708 1707/1707/1707
f 1709/1709/1709 1706/1706/1706 1708/1708/1708
v -2.179688 -28.273438 0.000000
v -2.179688 -28.273438 5.000000
v -1.933160 -28.448133 5.000000
v -1.740451 -28.672743 5.000000
v -1.601562 -28.947266 5.000000
v -1.601562 -28.947266 0.000000
v -1.933160 -28.448133 0.000000
v -1.740451 -28.672743 0.000000
v -1.830078 -28.554199 2.500000
vn 0.480315 0.877096 -0.000000
vn 0.480315 0.877096 -0.000000
vn 0.672673 0.739940 -0.000000
vn 0.832941 0.553362 -0.000000
vn 0.936663 0.350231 -0.000000
vn 0.936663 0.350231 -0.000000
vn 0.672673 0.739940 -0.000000
vn 0.832941 0.553362 -0.000000
vn 0.758946 0.651154 -0.000000
vt 0.000000 0.000000
vt 0.000000 -5.000000
vt 0.333333 -5.000000
vt 0.666667 -5.000000
vt 1.000000 -5.000000
vt 1.000000 0.000000
vt 0.333333 0.000000
vt 0.666667 0.000000
vt 0.500000 -2.500000
f 1718/1718/1718 1710/1710/1710 1711/1711/1711
f 1718/1718/1718 1711/1711/1711 1712/1712/1712
f 1718/1718/1718 1712/1712/1712 1713/1713/1713
f 1718/1718/1718 1713/1713/1713 1714/1714/1714
f 1718/1718/1718 1714/1714/1714 1715/1715/1715
f 1718/1718/1718 1716/1716/1716 1710/1710/1710
f 1718/1718/1718 1717/1717/1717 1716/1716/1716
f 1718/1718/1718 1715/1715/1715 1717/1717/1717
v -1.601562 -28.947266 0.000000
v -1.601562 -28.947266 5.000000
v -1.512695 -29.237305 5.000000
v -1.464844 -29.568359 5.000000
v -1.464844 -29.568359 0.000000
v -1.512695 -29.237305 0.000000
v -1.512695 -29.237305 2.500000
vn 0.926613 0.376017 -0.000000
vn 0.926613 0.376017 -0.000000
vn 0.976619 0.214979 -0.000000
vn 0.996989 0.077544 -0.000000
vn 0.996989 0.077544 -0.000000
vn 0.976619 0.214979 -0.000000
vn 0.976619 0.214979 -0.000000
vt 0.000000 0.000000
vt 0.000000 -5.000000
vt 0.500000 -5.000000
vt 1.000000 -5.000000
vt 1.000000 0.000000
vt 0.500000 0.000000
vt 0.500000 -2.500000
f 1725/1725/1725 1719/1719/1719 1720/1720/1720
f 1725/1725/1725 1720/1720/1720 1721/1721/1721
f 1725/1725/1725 1721/1721/1721 1722/1722/1722
f 1725/1725/1725 1722/1722/1722 1723/1723/1723
f 1725/1725/1725 1724/1724/1724 1719/1719/1719
f 1725/1725/1725 1723/1723/1723 1724/1724/1724
v -1.464844 -29.568359 0.000000
v -1.464844 -29.568359 5.000000
v -1.441406 -30.259766 5.000000
v -1.441406 -30.259766 0.000000
v -1.447266 -29.911133 2.500000
vn 0.997630 0.068802 -0.000000
vn 0.997630 0.068802 -0.000000
vn 1.000000 0.000000 -0.000000
vn 1.000000 0.000000 -0.000000
vn 0.999426 0.033879 -0.000000
vt 0.000000 0.000000
vt 0.000000 -5.000000
vt 1.000000 -5.000000
vt 1.000000 0.000000
vt 0.500000 -2.500000
f 1730/1730/1730 1726/1726/1726 1727/1727/1727
f 1730/1730/1730 1727/1727/1727 1728/1728/1728
f 1730/1730/1730 1728/1728/1728 1729/1729/1729
f 1730/1730/1730 1729/1729/1729 1726/1726/1726
v -1.441406 -30.259766 0.000000
v -1.441406 -30.259766 5.000000
v -1.443359 -30.617188 5.000000
v -1.443359 -30.617188 0.000000
v -1.441895 -30.468262 2.500000
vn 1.000000 0.000000 -0.000000
vn 1.000000 0.000000 -0.000000
vn 0.999866 -0.016391 0.000000
vn 0.999866 -0.016391 0.000000
vn 0.999985 -0.005464 0.000000
vt 0.000000 0.000000
vt 0.000000 -5.000000
vt 1.000000 -5.000000
vt 1.000000 0.000000
vt 0.500000 -2.500000
f 1735/1735/1735 1731/1731/1731 1732/1732/1732
f 1735/1735/1735 1732/1732/1732 1733/1733/1733
f 1735/1735/1735 1733/1733/1733 1734/1734/1734
f 1735/1735/1735 1734/1734/1734 1731/1731/1731
v -1.443359 -30.617188 0.000000
v -1.443359 -30.617188 5.000000
v -1.449219 -30.916016 5.000000
v -1.449219 -30.916016 0.000000
v -1.445801 -30.751465 2.500000
vn 0.999866 -0.016391 0.000000
vn 0.999866 -0.016391 0.000000
vn 0.999764 -0.021734 0.000000
vn 0.999764 -0.021734 0.000000
vn 0.999808 -0.019604 0.000000
vt 0.000000 0.000000
vt 0.000000 -5.000000
vt 1.000000 -5.000000
vt 1.000000 0.000000
vt 0.500000 -2.500000
f 1740/1740/1740 1736/1736/1736 1737/1737/1737
f 1740/1740/1740 1737/1737/1737 1738/1738/1738
f 1740/1740/1740 1738/1738/1738 1739/1739/1739
f 1740/1740/1740 1739/1739/1739 1736/1736/1736
v -1.449219 -30.916016 0.000000
v -1.449219 -30.916016 5.000000
v -1.458984 -31.298828 5.000000
v -1.458984 -31.298828 0.000000
v -1.453613 -31.101562 2.500000
vn 0.999764 -0.021734 0.000000
vn 0.999764 -0.021734 0.000000
vn 0.999584 -0.028834 0.000000
vn 0.999584 -0.028834 0.000000
vn 0.999675 -0.025502 0.000000
vt 0.000000 0.000000
vt 0.000000 -5.000000
vt 1.000000 -5.000000
vt 1.000000 0.000000
vt 0.500000 -2.500000
f 1745/1745/1745 1741/1741/1741 1742/1742/1742
f 1745/1745/1745 1742/1742/1742 1743/1743/1743
f 1745/1745/1745 1743/1743/1743 1744/1744/1744
f 1745/1745/1745 1744/1744/1744 1741/1741/1741
v -1.458984 -31.298828 0.000000
v -1.458984 -31.298828 5.000000
v -1.464844 -31.673828 5.000000
v -1.464844 -31.673828 0.000000
v -1.463379 -31.494141 2.500000
vn 0.999584 -0.028834 0.000000
vn 0.999584 -0.028834 0.000000
vn 1.000000 0.000000 -0.000000
vn 1.000000 0.000000 -0.000000
vn 0.999878 -0.015623 0.000000
vt 0.000000 0.000000
vt 0.000000 -5.000000
vt 1.000000 -5.000000
vt 1.000000 0.000000
vt 0.500000 -2.500000
f 1750/1750/1750 1746/1746/1746 1747/1747/1747
f 1750/1750/1750 1747/1747/1747 1748/1748/1748
f 1750/1750/1750 1748/1748/1748 1749/1749/1749
f 1750/1750/1750 1749/1749/1749 1746/1746/1746
v -1.458984 -31.298828 0.000000
v -1.464844 -31.673828 0.000000
v -1.449219 -30.916016 0.000000
v -1.443359 -30.617188 0.000000
v -1.441406 -30.259766 0.000000
v -1.464844 -29.568359 0.000000
v -1.601562 -28.947266 0.000000
v -1.512695 -29.237305 0.000000
v -2.179688 -28.273438 0.000000
v -1.933160 -28.448133 0.000000
v -1.740451 -28.672743 0.000000
v -3.105469 -28.048828 0.000000
v -2.773438 -28.073784 0.000000
v -2.464844 -28.148655 0.000000
v -3.785156 -28.154297 0.000000
v -3.496576 -28.081381 0.000000
v -3.305242 -28.056967 0.000000
v -3.958984 -28.234375 0.000000
v -4.121094 -28.298828 0.000000
v -4.051270 -28.278809 0.000000
v -4.152344 -28.130859 0.000000
v -4.139998 -28.145906 0.000000
v -4.130739 -28.173683 0.000000
v -4.123505 -28.226309 0.000000
v -4.839844 -28.130859 0.000000
v -4.855469 -28.154297 0.000000
v -4.855469 -31.642578 0.000000
v -4.832031 -31.673828 0.000000
v -4.849609 -31.666016 0.000000
v -4.854004 -31.656250 0.000000
v -4.144531 -31.673828 0.000000
v -4.123047 -31.662109 0.000000
v -4.129395 -31.670898 0.000000
v -4.121094 -31.642578 0.000000
v -4.121094 -29.041016 0.000000
v -4.109375 -29.025391 0.000000
v -4.078125 -29.001953 0.000000
v -3.136719 -28.751953 0.000000
v -3.428819 -28.779732 0.000000
v -3.742621 -28.863064 0.000000
v -2.937500 -28.771484 0.000000
v -2.478516 -29.052734 0.000000
v -2.620660 -28.925999 0.000000
v -2.773654 -28.832249 0.000000
v -2.238281 -29.513672 0.000000
v -2.280599 -29.353081 0.000000
v -2.360677 -29.199436 0.000000
v -2.238281 -31.673828 0.000000
vn -0.000000 -0.000000 -1.000000
vn -0.000000 -0.000000 -1.000000
vn -0.000000 -0.000000 -1.000000
vn -0.000000 -0.000000 -1.000000
vn -0.000000 -0.000000 -1.000000
vn -0.000000 -0.000000 -1.000000
vn -0.000000 -0.000000 -1.000000
vn -0.000000 -0.000000 -1.000000
vn -0.000000 -0.000000 -1.000000
vn -0.000000 -0.000000 -1.000000
vn -0.000000 -0.000000 -1.000000
vn -0.000000 -0.000000 -1.000000
vn -0.000000 -0.000000 -1.000000
vn -0.000000 -0.000000 -1.000000
vn -0.000000 -0.000000 -1.000000
vn -0.000000 -0.000000 -1.000000
vn -0.000000 -0.000000 -1.000000
vn -0.000000 -0.000000 -1.000000
vn -0.000000 -0.000000 -1.000000
vn -0.000000 -0.000000 -1.000000
vn -0.000000 -0.000000 -1.000000
vn -0.000000 -0.000000 -1.000000
vn -0.000000 -0.000000 -1.000000
vn -0.000000 -0.000000 -1.000000
vn -0.000000 -0.000000 -1.000000
vn -0.000000 -0.000000 -1.000000
vn -0.000000 -0.000000 -1.000000
vn -0.000000 -0.000000 -1.000000
vn -0.000000 -0.000000 -1.000000
vn -0.000000 -0.000000 -1.000000
vn -0.000000 -0.000000 -1.000000
vn -0.000000 -0.000000 -1.000000
vn -0.000000 -0.000000 -1.000000
vn -0.000000 -0.000000 -1.000000
vn -0.000000 -0.000000 -1.000000
vn -0.000000 -0.000000 -1.000000
vn -0.000000 -0.000000 -1.000000
vn -0.000000 -0.000000 -1.000000
vn -0.000000 -0.000000 -1.000000
vn -0.000000 -0.000000 -1.000000
vn -0.000000 -0.000000 -1.000000
vn -0.000000 -0.000000 -1.000000
vn -0.000000 -0.000000 -1.000000
vn -0.000000 -0.000000 -1.000000
vn -0.000000 -0.000000 -1.000000
vn -0.000000 -0.000000 -1.000000
vn -0.000000 -0.000000 -1.000000
vn -0.000000 -0.000000 -1.000000
vt 3.876953 0.375000
vt 3.871094 0.000000
vt 3.886719 0.757812
vt 3.892578 1.056641
vt 3.894531 1.414062
vt 3.871094 2.105469
vt 3.734375 2.726562
vt 3.823242 2.436523
vt 3.156250 3.400391
vt 3.402778 3.225694
vt 3.595486 3.001085
vt 2.230469 3.625000
vt 2.562500 3.600043
vt 2.871094 3.525174
vt 1.550781 3.519531
vt 1.839362 3.592448
vt 2.030695 3.616862
vt 1.376953 3.439453
vt 1.214844 3.375000
vt 1.284668 3.395020
vt 1.183594 3.542969
vt 1.195939 3.527922
vt 1.205199 3.500145
vt 1.212433 3.447519
vt 0.496094 3.542969
vt 0.480469 3.519531
vt 0.480469 0.031250
vt 0.503906 0.000000
vt 0.486328 0.007812
vt 0.481934 0.017578
vt 1.191406 0.000000
vt 1.212891 0.011719
vt 1.206543 0.002930
vt 1.214844 0.031250
vt 1.214844 2.632812
vt 1.226562 2.648438
vt 1.257812 2.671875
vt 2.199219 2.921875
vt 1.907118 2.894097
vt 1.593316 2.810764
vt 2.398438 2.902344
vt 2.857422 2.621094
vt 2.715278 2.747830
vt 2.562283 2.841580
vt 3.097656 2.160156
vt 3.055339 2.320746
vt 2.975260 2.474392
vt 3.097656 0.000000
f 1778/1778/1778 1779/1779/1779 1780/1780/1780
f 1777/1777/1777 1778/1778/1778 1780/1780/1780
f 1782/1782/1782 1783/1783/1783 1781/1781/1781
f 1784/1784/1784 1781/1781/1781 1778/1778/1778
f 1784/1784/1784 1778/1778/1778 1777/1777/1777
f 1784/1784/1784 1782/1782/1782 1781/1781/1781
f 1785/1785/1785 1784/1784/1784 1777/1777/1777
f 1776/1776/1776 1786/1786/1786 1785/1785/1785
f 1776/1776/1776 1785/1785/1785 1777/1777/1777
f 1751/1751/1751 1752/1752/1752 1798/1798/1798
f 1769/1769/1769 1776/1776/1776 1775/1775/1775
f 1769/1769/1769 1787/1787/1787 1786/1786/1786
f 1769/1769/1769 1790/1790/1790 1787/1787/1787
f 1769/1769/1769 1786/1786/1786 1776/1776/1776
f 1753/1753/1753 1751/1751/1751 1798/1798/1798
f 1770/1770/1770 1790/1790/1790 1769/1769/1769
f 1771/1771/1771 1772/1772/1772 1773/1773/1773
f 1771/1771/1771 1773/1773/1773 1774/1774/1774
f 1771/1771/1771 1774/1774/1774 1769/1769/1769
f 1771/1771/1771 1769/1769/1769 1775/1775/1775
f 1768/1768/1768 1790/1790/1790 1770/1770/1770
f 1754/1754/1754 1753/1753/1753 1798/1798/1798
f 1765/1765/1765 1790/1790/1790 1768/1768/1768
f 1765/1765/1765 1789/1789/1789 1790/1790/1790
f 1795/1795/1795 1754/1754/1754 1798/1798/1798
f 1755/1755/1755 1754/1754/1754 1795/1795/1795
f 1766/1766/1766 1789/1789/1789 1765/1765/1765
f 1767/1767/1767 1789/1789/1789 1766/1766/1766
f 1767/1767/1767 1788/1788/1788 1789/1789/1789
f 1762/1762/1762 1788/1788/1788 1767/1767/1767
f 1762/1762/1762 1791/1791/1791 1788/1788/1788
f 1756/1756/1756 1755/1755/1755 1795/1795/1795
f 1763/1763/1763 1791/1791/1791 1762/1762/1762
f 1763/1763/1763 1794/1794/1794 1791/1791/1791
f 1758/1758/1758 1756/1756/1756 1795/1795/1795
f 1758/1758/1758 1795/1795/1795 1796/1796/1796
f 1764/1764/1764 1794/1794/1794 1763/1763/1763
f 1764/1764/1764 1793/1793/1793 1794/1794/1794
f 1757/1757/1757 1758/1758/1758 1796/1796/1796
f 1757/1757/1757 1796/1796/1796 1797/1797/1797
f 1759/1759/1759 1793/1793/1793 1764/1764/1764
f 1761/1761/1761 1757/1757/1757 1797/1797/1797
f 1761/1761/1761 1797/1797/1797 1792/1792/1792
f 1760/1760/1760 1792/1792/1792 1793/1793/1793
f 1760/1760/1760 1793/1793/1793 1759/1759/1759
f 1760/1760/1760 1761/1761/1761 1792/1792/1792
v -1.458984 -31.298828 5.000000
v -1.464844 -31.673828 5.000000
v -1.449219 -30.916016 5.000000
v -1.443359 -30.617188 5.000000
v -1.441406 -30.259766 5.000000
v -1.464844 -29.568359 5.000000
v -1.601562 -28.947266 5.000000
v -1.512695 -29.237305 5.000000
v -2.179688 -28.273438 5.000000
v -1.933160 -28.448133 5.000000
v -1.740451 -28.672743 5.000000
v -3.105469 -28.048828 5.000000
v -2.773438 -28.073784 5.000000
v -2.464844 -28.148655 5.000000
v -3.785156 -28.154297 5.000000
v -3.496576 -28.081381 5.000000
v -3.305242 -28.056967 5.000000
v -3.958984 -28.234375 5.000000
v -4.121094 -28.298828 5.000000
v -4.051270 -28.278809 5.000000
v -4.152344 -28.130859 5.000000
v -4.139998 -28.145906 5.000000
v -4.130739 -28.173683 5.000000
v -4.123505 -28.226309 5.000000
v -4.839844 -28.130859 5.000000
v -4.855469 -28.154297 5.000000
v -4.855469 -31.642578 5.000000
v -4.832031 -31.673828 5.000000
v -4.849609 -31.666016 5.000000
v -4.854004 -31.656250 5.000000
v -4.144531 -31.673828 5.000000
v -4.123047 -31.662109 5.000000
v -4.129395 -31.670898 5.000000
v -4.121094 -31.642578 5.000000
v -4.121094 -29.041016 5.000000
v -4.109375 -29.025391 5.000000
v -4.078125 -29.001953 5.000000
v -3.136719 -28.751953 5.000000
v -3.428819 -28.779732 5.000000
v -3.742621 -28.863064 5.000000
v -2.937500 -28.771484 5.000000
v -2.478516 -29.052734 5.000000
v -2.620660 -28.925999 5.000000
v -2.773654 -28.832249 5.000000
v -2.238281 -29.513672 5.000000
v -2.280599 -29.353081 5.000000
v -2.360677 -29.199436 5.000000
v -2.238281 -31.673828 5.000000
vn 0.000000 0.000000 1.000000
vn 0.000000 0.000000 1.000000
vn 0.000000 0.000000 1.000000
vn 0.000000 0.000000 1.000000
vn 0.000000 0.000000 1.000000
vn 0.000000 0.000000 1.000000
vn 0.000000 0.000000 1.000000
vn 0.000000 0.000000 1.000000
vn 0.000000 0.000000 1.000000
vn 0.000000 0.000000 1.000000
vn 0.000000 0.000000 1.000000
vn 0.000000 0.000000 1.000000
vn 0.000000 0.000000 1.000000
vn 0.000000 0.000000 1.000000
vn 0.000000 0.000000 1.000000
vn 0.000000 0.000000 1.000000
vn 0.000000 0.000000 1.000000
vn 0.000000 0.000000 1.000000
vn 0.000000 0.000000 1.000000
vn 0.000000 0.000000 1.000000
vn 0.000000 0.000000 1.000000
vn 0.000000 0.000000 1.000000
vn 0.000000 0.000000 1.000000
vn 0.000000 0.000000 1.000000
vn 0.000000 0.000000 1.000000
vn 0.000000 0.000000 1.000000
vn 0.000000 0.000000 1.000000
vn 0.000000 0.000000 1.000000
vn 0.000000 0.000000 1.000000
vn 0.000000 0.000000 1.000000
vn 0.000000 0.000000 1.000000
vn 0.000000 0.000000 1.000000
vn 0.000000 0.000000 1.000000
vn 0.000000 0.000000 1.000000
vn 0.000000 0.000000 1.000000
vn 0.000000 0.000000 1.000000
vn 0.000000 0.000000 1.000000
vn 0.000000 0.000000 1.000000
vn 0.000000 0.000000 1.000000
vn 0.000000 0.000000 1.000000
vn 0.000000 0.000000 1.000000
vn 0.000000 0.000000 1.000000
vn 0.000000 0.000000 1.000000
vn 0.000000 0.000000 1.000000
vn 0.000000 0.000000 1.000000
vn 0.000000 0.000000 1.000000
vn 0.000000 0.000000 1.000000
vn 0.000000 0.000000 1.000000
vt 3.876953 0.375000
vt 3.871094 0.000000
vt 3.886719 0.757812
vt 3.892578 1.056641
vt 3.894531 1.414062
vt 3.871094 2.105469
vt 3.734375 2.726562
vt 3.823242 2.436523
vt 3.156250 3.400391
vt 3.402778 3.225694
vt 3.595486 3.001085
vt 2.230469 3.625000
vt 2.562500 3.600043
vt 2.871094 3.525174
vt 1.550781 3.519531
vt 1.839362 3.592448
vt 2.030695 3.616862
vt 1.376953 3.439453
vt 1.214844 3.375000
vt 1.284668 3.395020
vt 1.183594 3.542969
vt 1.195939 3.527922
vt 1.205199 3.500145
vt 1.212433 3.447519
vt 0.496094 3.542969
vt 0.480469 3.519531
vt 0.480469 0.031250
vt 0.503906 0.000000
vt 0.486328 0.007812
vt 0.481934 0.017578
vt 1.191406 0.000000
vt 1.212891 0.011719
vt 1.206543 0.002930
vt 1.214844 0.031250
vt 1.214844 2.632812
vt 1.226562 2.648438
vt 1.257812 2.671875
vt 2.199219 2.921875
vt 1.907118 2.894097
vt 1.593316 2.810764
vt 2.398438 2.902344
vt 2.857422 2.621094
vt 2.715278 2.747830
vt 2.562283 2.841580
vt 3.097656 2.160156
vt 3.055339 2.320746
vt 2.975260 2.474392
vt 3.097656 0.000000
f 1826/1826/1826 1828/1828/1828 1827/1827/1827
f 1825/1825/1825 1828/1828/1828 1826/1826/1826
f 1830/1830/1830 1829/1829/1829 1831/1831/1831
f 1832/1832/1832 1826/1826/1826 1829/1829/1829
f 1832/1832/1832 1825/1825/1825 1826/1826/1826
f 1832/1832/1832 1829/1829/1829 1830/1830/1830
f 1833/1833/1833 1825/1825/1825 1832/1832/1832
f 1824/1824/1824 1833/1833/1833 1834/1834/1834
f 1824/1824/1824 1825/1825/1825 1833/1833/1833
f 1799/1799/1799 1846/1846/1846 1800/1800/1800
f 1817/1817/1817 1823/1823/1823 1824/1824/1824
f 1817/1817/1817 1834/1834/1834 1835/1835/1835
f 1817/1817/1817 1835/1835/1835 1838/1838/1838
f 1817/1817/1817 1824/1824/1824 1834/1834/1834
f 1801/1801/1801 1846/1846/1846 1799/1799/1799
f 1818/1818/1818 1817/1817/1817 1838/1838/1838
f 1819/1819/1819 1821/1821/1821 1820/1820/1820
f 1819/1819/1819 1822/1822/1822 1821/1821/1821
f 1819/1819/1819 1817/1817/1817 1822/1822/1822
f 1819/1819/1819 1823/1823/1823 1817/1817/1817
f 1816/1816/1816 1818/1818/1818 1838/1838/1838
f 1802/1802/1802 1846/1846/1846 1801/1801/1801
f 1813/1813/1813 1816/1816/1816 1838/1838/1838
f 1813/1813/1813 1838/1838/1838 1837/1837/1837
f 1843/1843/1843 1846/1846/1846 1802/1802/1802
f 1803/1803/1803 1843/1843/1843 1802/1802/1802
f 1814/1814/1814 1813/1813/1813 1837/1837/1837
f 1815/1815/1815 1814/1814/1814 1837/1837/1837
f 1815/1815/1815 1837/1837/1837 1836/1836/1836
f 1810/1810/1810 1815/1815/1815 1836/1836/1836
f 1810/1810/1810 1836/1836/1836 1839/1839/1839
f 1804/1804/1804 1843/1843/1843 1803/1803/1803
f 1811/1811/1811 1810/1810/1810 1839/1839/1839
f 1811/1811/1811 1839/1839/1839 1842/1842/1842
f 1806/1806/1806 1843/1843/1843 1804/1804/1804
f 1806/1806/1806 1844/1844/1844 1843/1843/1843
f 1812/1812/1812 1811/1811/1811 1842/1842/1842
f 1812/1812/1812 1842/1842/1842 1841/1841/1841
f 1805/1805/1805 1844/1844/1844 1806/1806/1806
f 1805/1805/1805 1845/1845/1845 1844/1844/1844
f 1807/1807/1807 1812/1812/1812 1841/1841/1841
f 1809/1809/1809 1845/1845/1845 1805/1805/1805
f 1809/1809/1809 1840/1840/1840 1845/1845/1845
f 1808/1808/1808 1841/1841/1841 1840/1840/1840
f 1808/1808/1808 1807/1807/1807 1841/1841/1841
f 1808/1808/1808 1840/1840/1840 1809/1809/1809
v 6.023438 -26.408203 0.000000
v 6.023438 -26.408203 5.000000
v 6.023438 -31.642578 5.000000
v 6.023438 -31.642578 0.000000
vn 1.000000 0.000000 0.000000
vn 1.000000 0.000000 0.000000
vn 1.000000 0.000000 0.000000
vn 1.000000 0.000000 0.000000
vt 0.000000 0.000000
vt 0.000000 -5.000000
vt 5.234375 -5.000000
vt 5.234375 0.000000
f 1850/1850/1850 1847/1847/1847 1848/1848/1848
f 1850/1850/1850 1848/1848/1848 1849/1849/1849
v 6.023438 -31.642578 0.000000
v 6.023438 -31.642578 5.000000
v 6.015625 -31.660156 5.000000
v 6.005859 -31.664551 5.000000
v 5.992188 -31.666016 5.000000
v 5.992188 -31.666016 0.000000
v 6.015625 -31.660156 0.000000
v 6.005859 -31.664551 0.000000
v 6.015625 -31.660156 2.500000
vn 1.000000 0.000000 -0.000000
vn 1.000000 0.000000 -0.000000
vn 0.600000 -0.800000 0.000000
vn 0.242536 -0.970142 0.000000
vn 0.000000 -1.000000 0.000000
vn 0.000000 -1.000000 0.000000
vn 0.600000 -0.800000 0.000000
vn 0.242536 -0.970142 0.000000
vn 0.600000 -0.800000 0.000000
vt 0.000000 0.000000
vt 0.000000 -5.000000
vt 0.500000 -5.000000
vt 0.750000 -5.000000
vt 1.000000 -5.000000
vt 1.000000 0.000000
vt 0.500000 0.000000
vt 0.750000 0.000000
vt 0.500000 -2.500000
f 1859/1859/1859 1851/1851/1851 1852/1852/1852
f 1859/1859/1859 1852/1852/1852 1853/1853/1853
f 1859/1859/1859 1853/1853/1853 1854/1854/1854
f 1859/1859/1859 1854/1854/1854 1855/1855/1855
f 1859/1859/1859 1855/1855/1855 1856/1856/1856
f 1859/1859/1859 1857/1857/1857 1851/1851/1851
f 1859/1859/1859 1858/1858/1858 1857/1857/1857
f 1859/1859/1859 1856/1856/1856 1858/1858/1858
v 5.992188 -31.666016 0.000000
v 5.992188 -31.666016 5.000000
v 5.304688 -31.666016 5.000000
v 5.304688 -31.666016 0.000000
vn 0.000000 -1.000000 0.000000
vn 0.000000 -1.000000 0.000000
vn 0.000000 -1.000000 0.000000
vn 0.000000 -1.000000 0.000000
vt 0.000000 0.000000
vt 0.000000 -5.000000
vt 0.687500 -5.000000
vt 0.687500 0.000000
f 1863/1863/1863 1860/1860/1860 1861/1861/1861
f 1863/1863/1863 1861/1861/1861 1862/1862/1862
v 5.304688 -31.666016 0.000000
v 5.304688 -31.666016 5.000000
v 5.291016 -31.664551 5.000000
v 5.281250 -31.660156 5.000000
v 5.273438 -31.642578 5.000000
v 5.273438 -31.642578 0.000000
v 5.291016 -31.664551 0.000000
v 5.281250 -31.660156 0.000000
v 5.281250 -31.660156 2.500000
vn 0.000000 -1.000000 0.000000
vn 0.000000 -1.000000 0.000000
vn -0.242536 -0.970142 0.000000
vn -0.600000 -0.800000 0.000000
vn -1.000000 0.000000 0.000000
vn -1.000000 0.000000 0.000000
vn -0.242536 -0.970142 0.000000
vn -0.600000 -0.800000 0.000000
vn -0.600000 -0.800000 0.000000
vt 0.000000 0.000000
vt 0.000000 -5.000000
vt 0.250000 -5.000000
vt 0.500000 -5.000000
vt 1.000000 -5.000000
vt 1.000000 0.000000
vt 0.250000 0.000000
vt 0.500000 0.000000
vt 0.500000 -2.500000
f 1872/1872/1872 1864/1864/1864 1865/1865/1865
f 1872/1872/1872 1865/1865/1865 1866/1866/1866
f 1872/1872/1872 1866/1866/1866 1867/1867/1867
f 1872/1872/1872 1867/1867/1867 1868/1868/1868
f 1872/1872/1872 1868/1868/1868 1869/1869/1869
f 1872/1872/1872 1870/1870/1870 1864/1864/1864
f 1872/1872/1872 1871/1871/1871 1870/1870/1870
f 1872/1872/1872 1869/1869/1869 1871/1871/1871
v 5.273438 -31.642578 0.000000
v 5.273438 -31.642578 5.000000
v 5.273438 -29.154297 5.000000
v 5.273438 -29.154297 0.000000
vn -1.000000 0.000000 0.000000
vn -1.000000 0.000000 0.000000
vn -1.000000 0.000000 0.000000
vn -1.000000 0.000000 0.000000
vt 0.000000 0.000000
vt 0.000000 -5.000000
vt 2.488281 -5.000000
vt 2.488281 0.000000
f 1876/1876/1876 1873/1873/1873 1874/1874/1874
f 1876/1876/1876 1874/1874/1874 1875/1875/1875
v 5.273438 -29.154297 0.000000
v 5.273438 -29.154297 5.000000
v 2.503906 -29.154297 5.000000
v 2.503906 -29.154297 0.000000
vn 0.000000 -1.000000 0.000000
vn 0.000000 -1.000000 0.000000
vn 0.000000 -1.000000 0.000000
vn 0.000000 -1.000000 0.000000
vt 0.000000 0.000000
vt 0.000000 -5.000000
vt 2.769531 -5.000000
vt 2.769531 0.000000
f 1880/1880/1880 1877/1877/1877 1878/1878/1878
f 1880/1880/1880 1878/1878/1878 1879/1879/1879
v 2.503906 -29.154297 0.000000
v 2.503906 -29.154297 5.000000
v 2.472656 -29.185547 5.000000
v 2.472656 -29.185547 0.000000
vn 0.707107 -0.707107 0.000000
vn 0.707107 -0.707107 0.000000
vn 0.707107 -0.707107 0.000000
vn 0.707107 -0.707107 0.000000
vt 0.000000 0.000000
vt 0.000000 -5.000000
vt 0.044194 -5.000000
vt 0.044194 0.000000
f 1884/1884/1884 1881/1881/1881 1882/1882/1882
f 1884/1884/1884 1882/1882/1882 1883/1883/1883
v 2.472656 -29.185547 0.000000
v 2.472656 -29.185547 5.000000
v 2.472656 -31.642578 5.000000
v 2.472656 -31.642578 0.000000
vn 1.000000 0.000000 0.000000
vn 1.000000 0.000000 0.000000
vn 1.000000 0.000000 0.000000
vn 1.000000 0.000000 0.000000
vt 0.000000 0.000000
vt 0.000000 -5.000000
vt 2.457031 -5.000000
vt 2.457031 0.000000
f 1888/1888/1888 1885/1885/1885 1886/1886/1886
f 1888/1888/1888 1886/1886/1886 1887/1887/1887
v 2.472656 -31.642578 0.000000
v 2.472656 -31.642578 5.000000
v 2.470703 -31.656250 5.000000
v 2.464844 -31.666016 5.000000
v 2.455078 -31.671875 5.000000
v 2.441406 -31.673828 5.000000
v 2.441406 -31.673828 0.000000
v 2.470703 -31.656250 0.000000
v 2.464844 -31.666016 0.000000
v 2.455078 -31.671875 0.000000
v 2.464844 -31.666016 2.500000
vn 1.000000 0.000000 -0.000000
vn 1.000000 0.000000 -0.000000
vn 0.948683 -0.316228 0.000000
vn 0.707107 -0.707107 0.000000
vn 0.316228 -0.948683 0.000000
vn 0.000000 -1.000000 0.000000
vn 0.000000 -1.000000 0.000000
vn 0.948683 -0.316228 0.000000
vn 0.707107 -0.707107 0.000000
vn 0.316228 -0.948683 0.000000
vn 0.707107 -0.707107 0.000000
vt 0.000000 0.000000
vt 0.000000 -5.000000
vt 0.250000 -5.000000
vt 0.500000 -5.000000
vt 0.750000 -5.000000
vt 1.000000 -5.000000
vt 1.000000 0.000000
vt 0.250000 0.000000
vt 0.500000 0.000000
vt 0.750000 0.000000
vt 0.500000 -2.500000
f 1899/1899/1899 1889/1889/1889 1890/1890/1890
f 1899/1899/1899 1890/1890/1890 1891/1891/1891
f 1899/1899/1899 1891/1891/1891 1892/1892/1892
f 1899/1899/1899 1892/1892/1892 1893/1893/1893
f 1899/1899/1899 1893/1893/1893 1894/1894/1894
f 1899/1899/1899 1894/1894/1894 1895/1895/1895
f 1899/1899/1899 1896/1896/1896 1889/1889/1889
f 1899/1899/1899 1897/1897/1897 1896/1896/1896
f 1899/1899/1899 1898/1898/1898 1897/1897/1897
f 1899/1899/1899 1895/1895/1895 1898/1898/1898
v 2.441406 -31.673828 0.000000
v 2.441406 -31.673828 5.000000
v 1.753906 -31.673828 5.000000
v 1.753906 -31.673828 0.000000
vn 0.000000 -1.000000 0.000000
vn 0.000000 -1.000000 0.000000
vn 0.000000 -1.000000 0.000000
vn 0.000000 -1.000000 0.000000
vt 0.000000 0.000000
vt 0.000000 -5.000000
vt 0.687500 -5.000000
vt 0.687500 0.000000
f 1903/1903/1903 1900/1900/1900 1901/1901/1901
f 1903/1903/1903 1901/1901/1901 1902/1902/1902
v 1.753906 -31.673828 0.000000
v 1.753906 -31.673828 5.000000
v 1.738525 -31.671875 5.000000
v 1.727539 -31.666016 5.000000
v 1.720947 -31.656250 5.000000
v 1.718750 -31.642578 5.000000
v 1.718750 -31.642578 0.000000
v 1.738525 -31.671875 0.000000
v 1.727539 -31.666016 0.000000
v 1.720947 -31.656250 0.000000
v 1.727539 -31.666016 2.500000
vn 0.000000 -1.000000 0.000000
vn 0.000000 -1.000000 0.000000
vn -0.284088 -0.958798 0.000000
vn -0.664364 -0.747409 0.000000
vn -0.936329 -0.351123 0.000000
vn -1.000000 0.000000 0.000000
vn -1.000000 0.000000 0.000000
vn -0.284088 -0.958798 0.000000
vn -0.664364 -0.747409 0.000000
vn -0.936329 -0.351123 0.000000
vn -0.664364 -0.747409 0.000000
vt 0.000000 0.000000
vt 0.000000 -5.000000
vt 0.250000 -5.000000
vt 0.500000 -5.000000
vt 0.750000 -5.000000
vt 1.000000 -5.000000
vt 1.000000 0.000000
vt 0.250000 0.000000
vt 0.500000 0.000000
vt 0.750000 0.000000
vt 0.500000 -2.500000
f 1914/1914/1914 1904/1904/1904 1905/1905/1905
f 1914/1914/1914 1905/1905/1905 1906/1906/1906
f 1914/1914/1914 1906/1906/1906 1907/1907/1907
f 1914/1914/1914 1907/1907/1907 1908/1908/1908
f 1914/1914/1914 1908/1908/1908 1909/1909/1909
f 1914/1914/1914 1909/1909/1909 1910/1910/1910
f 1914/1914/1914 1911/1911/1911 1904/1904/1904
f 1914/1914/1914 1912/1912/1912 1911/1911/1911
f 1914/1914/1914 1913/1913/1913 1912/1912/1912
f 1914/1914/1914 1910/1910/1910 1913/1913/1913
v 1.718750 -31.642578 0.000000
v 1.718750 -31.642578 5.000000
v 1.718750 -26.416016 5.000000
v 1.718750 -26.416016 0.000000
vn -1.000000 0.000000 0.000000
vn -1.000000 0.000000 0.000000
vn -1.000000 0.000000 0.000000
vn -1.000000 0.000000 0.000000
vt 0.000000 0.000000
vt 0.000000 -5.000000
vt 5.226562 -5.000000
vt 5.226562 0.000000
f 1918/1918/1918 1915/1915/1915 1916/1916/1916
f 1918/1918/1918 1916/1916/1916 1917/1917/1917
v 1.718750 -26.416016 0.000000
v 1.718750 -26.416016 5.000000
v 1.720947 -26.402344 5.000000
v 1.727539 -26.392578 5.000000
v 1.738525 -26.386719 5.000000
v 1.753906 -26.384766 5.000000
v 1.753906 -26.384766 0.000000
v 1.720947 -26.402344 0.000000
v 1.727539 -26.392578 0.000000
v 1.738525 -26.386719 0.000000
v 1.727539 -26.392578 2.500000
vn -1.000000 0.000000 0.000000
vn -1.000000 0.000000 0.000000
vn -0.936329 0.351123 0.000000
vn -0.664364 0.747409 0.000000
vn -0.284088 0.958798 0.000000
vn 0.000000 1.000000 0.000000
vn 0.000000 1.000000 0.000000
vn -0.936329 0.351123 0.000000
vn -0.664364 0.747409 0.000000
vn -0.284088 0.958798 0.000000
vn -0.664364 0.747409 0.000000
vt 0.000000 0.000000
vt 0.000000 -5.000000
vt 0.250000 -5.000000
vt 0.500000 -5.000000
vt 0.750000 -5.000000
vt 1.000000 -5.000000
vt 1.000000 0.000000
vt 0.250000 0.000000
vt 0.500000 0.000000
vt 0.750000 0.000000
vt 0.500000 -2.500000
f 1929/1929/1929 1919/1919/1919 1920/1920/1920
f 1929/1929/1929 1920/1920/1920 1921/1921/1921
f 1929/1929/1929 1921/1921/1921 1922/1922/1922
f 1929/1929/1929 1922/1922/1922 1923/1923/1923
f 1929/1929/1929 1923/1923/1923 1924/1924/1924
f 1929/1929/1929 1924/1924/1924 1925/1925/1925
f 1929/1929/1929 1926/1926/1926 1919/1919/1919
f 1929/1929/1929 1927/1927/1927 1926/1926/1926
f 1929/1929/1929 1928/1928/1928 1927/1927/1927
f 1929/1929/1929 1925/1925/1925 1928/1928/1928
v 1.753906 -26.384766 0.000000
v 1.753906 -26.384766 5.000000
v 2.449219 -26.384766 5.000000
v 2.449219 -26.384766 0.000000
vn -0.000000 1.000000 0.000000
vn -0.000000 1.000000 0.000000
vn -0.000000 1.000000 0.000000
vn -0.000000 1.000000 0.000000
vt 0.000000 0.000000
vt 0.000000 -5.000000
vt 0.695312 -5.000000
vt 0.695312 0.000000
f 1933/1933/1933 1930/1930/1930 1931/1931/1931
f 1933/1933/1933 1931/1931/1931 1932/1932/1932
v 2.449219 -26.384766 0.000000
v 2.449219 -26.384766 5.000000
v 2.466797 -26.392578 5.000000
v 2.471191 -26.402344 5.000000
v 2.472656 -26.416016 5.000000
v 2.472656 -26.416016 0.000000
v 2.466797 -26.392578 0.000000
v 2.471191 -26.402344 0.000000
v 2.466797 -26.392578 2.500000
vn 0.000000 1.000000 0.000000
vn 0.000000 1.000000 0.000000
vn 0.800000 0.600000 -0.000000
vn 0.970142 0.242536 -0.000000
vn 1.000000 0.000000 -0.000000
vn 1.000000 0.000000 -0.000000
vn 0.800000 0.600000 -0.000000
vn 0.970142 0.242536 -0.000000
vn 0.800000 0.600000 -0.000000
vt 0.000000 0.000000
vt 0.000000 -5.000000
vt 0.500000 -5.000000
vt 0.750000 -5.000000
vt 1.000000 -5.000000
vt 1.000000 0.000000
vt 0.500000 0.000000
vt 0.750000 0.000000
vt 0.500000 -2.500000
f 1942/1942/1942 1934/1934/1934 1935/1935/1935
f 1942/1942/1942 1935/1935/1935 1936/1936/1936
f 1942/1942/1942 1936/1936/1936 1937/1937/1937
f 1942/1942/1942 1937/1937/1937 1938/1938/1938
f 1942/1942/1942 1938/1938/1938 1939/1939/1939
f 1942/1942/1942 1940/1940/1940 1934/1934/1934
f 1942/1942/1942 1941/1941/1941 1940/1940/1940
f 1942/1942/1942 1939/1939/1939 1941/1941/1941
v 2.472656 -26.416016 0.000000
v 2.472656 -26.416016 5.000000
v 2.472656 -26.451172 5.000000
v 2.472656 -26.451172 0.000000
vn 1.000000 0.000000 0.000000
vn 1.000000 0.000000 0.000000
vn 1.000000 0.000000 0.000000
vn 1.000000 0.000000 0.000000
vt 0.000000 0.000000
vt 0.000000 -5.000000
vt 0.035156 -5.000000
vt 0.035156 0.000000
f 1946/1946/1946 1943/1943/1943 1944/1944/1944
f 1946/1946/1946 1944/1944/1944 1945/1945/1945
v 2.472656 -26.451172 0.000000
v 2.472656 -26.451172 5.000000
v 2.480469 -26.451172 5.000000
v 2.480469 -26.451172 0.000000
vn -0.000000 1.000000 0.000000
vn -0.000000 1.000000 0.000000
vn -0.000000 1.000000 0.000000
vn -0.000000 1.000000 0.000000
vt 0.000000 0.000000
vt 0.000000 -5.000000
vt 0.007812 -5.000000
vt 0.007812 0.000000
f 1950/1950/1950 1947/1947/1947 1948/1948/1948
f 1950/1950/1950 1948/1948/1948 1949/1949/1949
v 2.480469 -26.451172 0.000000
v 2.480469 -26.451172 5.000000
v 2.480469 -28.330078 5.000000
v 2.480469 -28.330078 0.000000
vn 1.000000 0.000000 0.000000
vn 1.000000 0.000000 0.000000
vn 1.000000 0.000000 0.000000
vn 1.000000 0.000000 0.000000
vt 0.000000 0.000000
vt 0.000000 -5.000000
vt 1.878906 -5.000000
vt 1.878906 0.000000
f 1954/1954/1954 1951/1951/1951 1952/1952/1952
f 1954/1954/1954 1952/1952/1952 1953/1953/1953
v 2.480469 -28.330078 0.000000
v 2.480469 -28.330078 5.000000
v 2.496094 -28.371094 5.000000
v 2.496094 -28.371094 0.000000
v 2.486328 -28.348145 2.500000
vn 0.970142 0.242536 -0.000000
vn 0.970142 0.242536 -0.000000
vn 0.907959 0.419058 -0.000000
vn 0.907959 0.419058 -0.000000
vn 0.934488 0.355995 -0.000000
vt 0.000000 0.000000
vt 0.000000 -5.000000
vt 1.000000 -5.000000
vt 1.000000 0.000000
vt 0.500000 -2.500000
f 1959/1959/1959 1955/1955/1955 1956/1956/1956
f 1959/1959/1959 1956/1956/1956 1957/1957/1957
f 1959/1959/1959 1957/1957/1957 1958/1958/1958
f 1959/1959/1959 1958/1958/1958 1955/1955/1955
v 2.496094 -28.371094 0.000000
v 2.496094 -28.371094 5.000000
v 2.503418 -28.382446 5.000000
v 2.513672 -28.391113 5.000000
v 2.526855 -28.397095 5.000000
v 2.542969 -28.400391 5.000000
v 2.542969 -28.400391 0.000000
v 2.503418 -28.382446 0.000000
v 2.513672 -28.391113 0.000000
v 2.526855 -28.397095 0.000000
v 2.513672 -28.391113 2.500000
vn 0.907959 0.419058 -0.000000
vn 0.907959 0.419058 -0.000000
vn 0.751440 0.659801 -0.000000
vn 0.529999 0.847998 -0.000000
vn 0.301892 0.953342 -0.000000
vn 0.110432 0.993884 -0.000000
vn 0.110432 0.993884 -0.000000
vn 0.751440 0.659801 -0.000000
vn 0.529999 0.847998 -0.000000
vn 0.301892 0.953342 -0.000000
vn 0.529999 0.847998 -0.000000
vt 0.000000 0.000000
vt 0.000000 -5.000000
vt 0.250000 -5.000000
vt 0.500000 -5.000000
vt 0.750000 -5.000000
vt 1.000000 -5.000000
vt 1.000000 0.000000
vt 0.250000 0.000000
vt 0.500000 0.000000
vt 0.750000 0.000000
vt 0.500000 -2.500000
f 1970/1970/1970 1960/1960/1960 1961/1961/1961
f 1970/1970/1970 1961/1961/1961 1962/1962/1962
f 1970/1970/1970 1962/1962/1962 1963/1963/1963
f 1970/1970/1970 1963/1963/1963 1964/1964/1964
f 1970/1970/1970 1964/1964/1964 1965/1965/1965
f 1970/1970/1970 1965/1965/1965 1966/1966/1966
f 1970/1970/1970 1967/1967/1967 1960/1960/1960
f 1970/1970/1970 1968/1968/1968 1967/1967/1967
f 1970/1970/1970 1969/1969/1969 1968/1968/1968
f 1970/1970/1970 1966/1966/1966 1969/1969/1969
v 2.542969 -28.400391 0.000000
v 2.542969 -28.400391 5.000000
v 5.257812 -28.400391 5.000000
v 5.257812 -28.400391 0.000000
vn -0.000000 1.000000 0.000000
vn -0.000000 1.000000 0.000000
vn -0.000000 1.000000 0.000000
vn -0.000000 1.000000 0.000000
vt 0.000000 0.000000
vt 0.000000 -5.000000
vt 2.714844 -5.000000
vt 2.714844 0.000000
f 1974/1974/1974 1971/1971/1971 1972/1972/1972
f 1974/1974/1974 1972/1972/1972 1973/1973/1973
v 5.257812 -28.400391 0.000000
v 5.257812 -28.400391 5.000000
v 5.273438 -28.376953 5.000000
v 5.273438 -28.376953 0.000000
vn -0.832050 0.554700 0.000000
vn -0.832050 0.554700 0.000000
vn -0.832050 0.554700 0.000000
vn -0.832050 0.554700 0.000000
vt 0.000000 0.000000
vt 0.000000 -5.000000
vt 0.028168 -5.000000
vt 0.028168 0.000000
f 1978/1978/1978 1975/1975/1975 1976/1976/1976
f 1978/1978/1978 1976/1976/1976 1977/1977/1977
v 5.273438 -28.376953 0.000000
v 5.273438 -28.376953 5.000000
v 5.273438 -26.408203 5.000000
v 5.273438 -26.408203 0.000000
vn -1.000000 0.000000 0.000000
vn -1.000000 0.000000 0.000000
vn -1.000000 0.000000 0.000000
vn -1.000000 0.000000 0.000000
vt 0.000000 0.000000
vt 0.000000 -5.000000
vt 1.968750 -5.000000
vt 1.968750 0.000000
f 1982/1982/1982 1979/1979/1979 1980/1980/1980
f 1982/1982/1982 1980/1980/1980 1981/1981/1981
v 5.273438 -26.408203 0.000000
v 5.273438 -26.408203 5.000000
v 5.281250 -26.392578 5.000000
v 5.281250 -26.392578 0.000000
v 5.277344 -26.400391 2.500000
vn -0.894427 0.447214 0.000000
vn -0.894427 0.447214 0.000000
vn -0.894427 0.447214 0.000000
vn -0.894427 0.447214 0.000000
vn -0.894427 0.447214 0.000000
vt 0.000000 0.000000
vt 0.000000 -5.000000
vt 1.000000 -5.000000
vt 1.000000 0.000000
vt 0.500000 -2.500000
f 1987/1987/1987 1983/1983/1983 1984/1984/1984
f 1987/1987/1987 1984/1984/1984 1985/1985/1985
f 1987/1987/1987 1985/1985/1985 1986/1986/1986
f 1987/1987/1987 1986/1986/1986 1983/1983/1983
v 5.281250 -26.392578 0.000000
v 5.281250 -26.392578 5.000000
v 5.304688 -26.384766 5.000000
v 5.304688 -26.384766 0.000000
v 5.289062 -26.386719 2.500000
vn -0.894427 0.447214 0.000000
vn -0.894427 0.447214 0.000000
vn 0.000000 1.000000 0.000000
vn 0.000000 1.000000 0.000000
vn -0.316228 0.948683 0.000000
vt 0.000000 0.000000
vt 0.000000 -5.000000
vt 1.000000 -5.000000
vt 1.000000 0.000000
vt 0.500000 -2.500000
f 1992/1992/1992 1988/1988/1988 1989/1989/1989
f 1992/1992/1992 1989/1989/1989 1990/1990/1990
f 1992/1992/1992 1990/1990/1990 1991/1991/1991
f 1992/1992/1992 1991/1991/1991 1988/1988/1988
v 5.304688 -26.384766 0.000000
v 5.304688 -26.384766 5.000000
v 6.007812 -26.384766 5.000000
v 6.007812 -26.384766 0.000000
vn -0.000000 1.000000 0.000000
vn -0.000000 1.000000 0.000000
vn -0.000000 1.000000 0.000000
vn -0.000000 1.000000 0.000000
vt 0.000000 0.000000
vt 0.000000 -5.000000
vt 0.703125 -5.000000
vt 0.703125 0.000000
f 1996/1996/1996 1993/1993/1993 1994/1994/1994
f 1996/1996/1996 1994/1994/1994 1995/1995/1995
v 6.007812 -26.384766 0.000000
v 6.007812 -26.384766 5.000000
v 6.019531 -26.392578 5.000000
v 6.019531 -26.392578 0.000000
v 6.014648 -26.386719 2.500000
vn 0.000000 1.000000 0.000000
vn 0.000000 1.000000 0.000000
vn 0.894427 0.447214 -0.000000
vn 0.894427 0.447214 -0.000000
vn 0.554700 0.832050 -0.000000
vt 0.000000 0.000000
vt 0.000000 -5.000000
vt 1.000000 -5.000000
vt 1.000000 0.000000
vt 0.500000 -2.500000
f 2001/2001/2001 1997/1997/1997 1998/1998/1998
f 2001/2001/2001 1998/1998/1998 1999/1999/1999
f 2001/2001/2001 1999/1999/1999 2000/2000/2000
f 2001/2001/2001 2000/2000/2000 1997/1997/1997
v 6.019531 -26.392578 0.000000
v 6.019531 -26.392578 5.000000
v 6.023438 -26.408203 5.000000
v 6.023438 -26.408203 0.000000
v 6.022461 -26.400391 2.500000
vn 0.894427 0.447214 -0.000000
vn 0.894427 0.447214 -0.000000
vn 1.000000 0.000000 -0.000000
vn 1.000000 0.000000 -0.000000
vn 0.970142 0.242536 -0.000000
vt 0.000000 0.000000
vt 0.000000 -5.000000
vt 1.000000 -5.000000
vt 1.000000 0.000000
vt 0.500000 -2.500000
f 2006/2006/2006 2002/2002/2002 2003/2003/2003
f 2006/2006/2006 2003/2003/2003 2004/2004/2004
f 2006/2006/2006 2004/2004/2004 2005/2005/2005
f 2006/2006/2006 2005/2005/2005 2002/2002/2002
v 6.019531 -26.392578 0.000000
v 6.023438 -26.408203 0.000000
v 6.007812 -26.384766 0.000000
v 5.304688 -26.384766 0.000000
v 5.281250 -26.392578 0.000000
v 5.273438 -26.408203 0.000000
v 5.273438 -28.376953 0.000000
v 5.257812 -28.400391 0.000000
v 2.542969 -28.400391 0.000000
v 2.496094 -28.371094 0.000000
v 2.503418 -28.382446 0.000000
v 2.513672 -28.391113 0.000000
v 2.526855 -28.397095 0.000000
v 2.480469 -28.330078 0.000000
v 2.480469 -26.451172 0.000000
v 2.472656 -26.451172 0.000000
v 2.472656 -26.416016 0.000000
v 2.449219 -26.384766 0.000000
v 2.466797 -26.392578 0.000000
v 2.471191 -26.402344 0.000000
v 1.753906 -26.384766 0.000000
v 1.718750 -26.416016 0.000000
v 1.720947 -26.402344 0.000000
v 1.727539 -26.392578 0.000000
v 1.738525 -26.386719 0.000000
v 1.718750 -31.642578 0.000000
v 1.753906 -31.673828 0.000000
v 1.738525 -31.671875 0.000000
v 1.727539 -31.666016 0.000000
v 1.720947 -31.656250 0.000000
v 2.441406 -31.673828 0.000000
v 2.472656 -31.642578 0.000000
v 2.470703 -31.656250 0.000000
v 2.464844 -31.666016 0.000000
v 2.455078 -31.671875 0.000000
v 2.472656 -29.185547 0.000000
v 2.503906 -29.154297 0.000000
v 5.273438 -29.154297 0.000000
v 5.273438 -31.642578 0.000000
v 5.304688 -31.666016 0.000000
v 5.291016 -31.664551 0.000000
v 5.281250 -31.660156 0.000000
v 5.992188 -31.666016 0.000000
v 6.023438 -31.642578 0.000000
v 6.015625 -31.660156 0.000000
v 6.005859 -31.664551 0.000000
vn -0.000000 -0.000000 -1.000000
vn -0.000000 -0.000000 -1.000000
vn -0.000000 -0.000000 -1.000000
vn -0.000000 -0.000000 -1.000000
vn -0.000000 -0.000000 -1.000000
vn -0.000000 -0.000000 -1.000000
vn -0.000000 -0.000000 -1.000000
vn -0.000000 -0.000000 -1.000000
vn -0.000000 -0.000000 -1.000000
vn -0.000000 -0.000000 -1.000000
vn -0.000000 -0.000000 -1.000000
vn -0.000000 -0.000000 -1.000000
vn -0.000000 -0.000000 -1.000000
vn -0.000000 -0.000000 -1.000000
vn -0.000000 -0.000000 -1.000000
vn -0.000000 -0.000000 -1.000000
vn -0.000000 -0.000000 -1.000000
vn -0.000000 -0.000000 -1.000000
vn -0.000000 -0.000000 -1.000000
vn -0.000000 -0.000000 -1.000000
vn -0.000000 -0.000000 -1.000000
vn -0.000000 -0.000000 -1.000000
vn -0.000000 -0.000000 -1.000000
vn -0.000000 -0.000000 -1.000000
vn -0.000000 -0.000000 -1.000000
vn -0.000000 -0.000000 -1.000000
vn -0.000000 -0.000000 -1.000000
vn -0.000000 -0.000000 -1.000000
vn -0.000000 -0.000000 -1.000000
vn -0.000000 -0.000000 -1.000000
vn -0.000000 -0.000000 -1.000000
vn -0.000000 -0.000000 -1.000000
vn -0.000000 -0.000000 -1.000000
vn -0.000000 -0.000000 -1.000000
vn -0.000000 -0.000000 -1.000000
vn -0.000000 -0.000000 -1.000000
vn -0.000000 -0.000000 -1.000000
vn -0.000000 -0.000000 -1.000000
vn -0.000000 -0.000000 -1.000000
vn -0.000000 -0.000000 -1.000000
vn -0.000000 -0.000000 -1.000000
vn -0.000000 -0.000000 -1.000000
vn -0.000000 -0.000000 -1.000000
vn -0.000000 -0.000000 -1.000000
vn -0.000000 -0.000000 -1.000000
vn -0.000000 -0.000000 -1.000000
vt 4.859375 5.281250
vt 4.863281 5.265625
vt 4.847656 5.289062
vt 4.144531 5.289062
vt 4.121094 5.281250
vt 4.113281 5.265625
vt 4.113281 3.296875
vt 4.097656 3.273438
vt 1.382812 3.273438
vt 1.335938 3.302734
vt 1.343262 3.291382
vt 1.353516 3.282715
vt 1.366699 3.276733
vt 1.320312 3.343750
vt 1.320312 5.222656
vt 1.312500 5.222656
vt 1.312500 5.257812
vt 1.289062 5.289062
vt 1.306641 5.281250
vt 1.311035 5.271484
vt 0.593750 5.289062
vt 0.558594 5.257812
vt 0.560791 5.271484
vt 0.567383 5.281250
vt 0.578369 5.287109
vt 0.558594 0.031250
vt 0.593750 0.000000
vt 0.578369 0.001953
vt 0.567383 0.007812
vt 0.560791 0.017578
vt 1.281250 0.000000
vt 1.312500 0.031250
vt 1.310547 0.017578
vt 1.304688 0.007812
vt 1.294922 0.001953
vt 1.312500 2.488281
vt 1.343750 2.519531
vt 4.113281 2.519531
vt 4.113281 0.031250
vt 4.144531 0.007812
vt 4.130859 0.009277
vt 4.121094 0.013672
vt 4.832031 0.007812
vt 4.863281 0.031250
vt 4.855469 0.013672
vt 4.845703 0.009277
f 2034/2034/2034 2035/2035/2035 2036/2036/2036
f 2032/2032/2032 2034/2034/2034 2036/2036/2036
f 2033/2033/2033 2034/2034/2034 2032/2032/2032
f 2039/2039/2039 2040/2040/2040 2041/2041/2041
f 2038/2038/2038 2037/2037/2037 2033/2033/2033
f 2038/2038/2038 2041/2041/2041 2037/2037/2037
f 2038/2038/2038 2033/2033/2033 2032/2032/2032
f 2038/2038/2038 2039/2039/2039 2041/2041/2041
f 2042/2042/2042 2038/2038/2038 2032/2032/2032
f 2045/2045/2045 2047/2047/2047 2048/2048/2048
f 2046/2046/2046 2047/2047/2047 2045/2045/2045
f 2017/2017/2017 2043/2043/2043 2042/2042/2042
f 2018/2018/2018 2043/2043/2043 2017/2017/2017
f 2016/2016/2016 2017/2017/2017 2042/2042/2042
f 2019/2019/2019 2043/2043/2043 2018/2018/2018
f 2015/2015/2015 2043/2043/2043 2019/2019/2019
f 2020/2020/2020 2016/2016/2016 2042/2042/2042
f 2050/2050/2050 2049/2049/2049 2046/2046/2046
f 2050/2050/2050 2051/2051/2051 2052/2052/2052
f 2050/2050/2050 2052/2052/2052 2049/2049/2049
f 2050/2050/2050 2046/2046/2046 2045/2045/2045
f 2028/2028/2028 2042/2042/2042 2032/2032/2032
f 2028/2028/2028 2020/2020/2020 2042/2042/2042
f 2031/2031/2031 2028/2028/2028 2029/2029/2029
f 2031/2031/2031 2029/2029/2029 2030/2030/2030
f 2027/2027/2027 2028/2028/2028 2031/2031/2031
f 2022/2022/2022 2020/2020/2020 2028/2028/2028
f 2022/2022/2022 2028/2028/2028 2027/2027/2027
f 2021/2021/2021 2020/2020/2020 2022/2022/2022
f 2024/2024/2024 2022/2022/2022 2027/2027/2027
f 2024/2024/2024 2023/2023/2023 2022/2022/2022
f 2026/2026/2026 2023/2023/2023 2024/2024/2024
f 2025/2025/2025 2026/2026/2026 2024/2024/2024
f 2044/2044/2044 2050/2050/2050 2045/2045/2045
f 2044/2044/2044 2043/2043/2043 2015/2015/2015
f 2014/2014/2014 2044/2044/2044 2015/2015/2015
f 2013/2013/2013 2044/2044/2044 2014/2014/2014
f 2010/2010/2010 2012/2012/2012 2011/2011/2011
f 2008/2008/2008 2013/2013/2013 2012/2012/2012
f 2008/2008/2008 2044/2044/2044 2013/2013/2013
f 2008/2008/2008 2050/2050/2050 2044/2044/2044
f 2008/2008/2008 2012/2012/2012 2010/2010/2010
f 2009/2009/2009 2008/2008/2008 2010/2010/2010
f 2007/2007/2007 2008/2008/2008 2009/2009/2009
v 6.019531 -26.392578 5.000000
v 6.023438 -26.408203 5.000000
v 6.007812 -26.384766 5.000000
v 5.304688 -26.384766 5.000000
v 5.281250 -26.392578 5.000000
v 5.273438 -26.408203 5.000000
v 5.273438 -28.376953 5.000000
v 5.257812 -28.400391 5.000000
v 2.542969 -28.400391 5.000000
v 2.496094 -28.371094 5.000000
v 2.503418 -28.382446 5.000000
v 2.513672 -28.391113 5.000000
v 2.526855 -28.397095 5.000000
v 2.480469 -28.330078 5.000000
v 2.480469 -26.451172 5.000000
v 2.472656 -26.451172 5.000000
v 2.472656 -26.416016 5.000000
v 2.449219 -26.384766 5.000000
v 2.466797 -26.392578 5.000000
v 2.471191 -26.402344 5.000000
v 1.753906 -26.384766 5.000000
v 1.718750 -26.416016 5.000000
v 1.720947 -26.402344 5.000000
v 1.727539 -26.392578 5.000000
v 1.738525 -26.386719 5.000000
v 1.718750 -31.642578 5.000000
v 1.753906 -31.673828 5.000000
v 1.738525 -31.671875 5.000000
v 1.727539 -31.666016 5.000000
v 1.720947 -31.656250 5.000000
v 2.441406 -31.673828 5.000000
v 2.472656 -31.642578 5.000000
v 2.470703 -31.656250 5.000000
v 2.464844 -31.666016 5.000000
v 2.455078 -31.671875 5.000000
v 2.472656 -29.185547 5.000000
v 2.503906 -29.154297 5.000000
v 5.273438 -29.154297 5.000000
v 5.273438 -31.642578 5.000000
v 5.304688 -31.666016 5.000000
v 5.291016 -31.664551 5.000000
v 5.281250 -31.660156 5.000000
v 5.992188 -31.666016 5.000000
v 6.023438 -31.642578 5.000000
v 6.015625 -31.660156 5.000000
v 6.005859 -31.664551 5.000000
vn 0.000000 0.000000 1.000000
vn 0.000000 0.000000 1.000000
vn 0.000000 0.000000 1.000000
vn 0.000000 0.000000 1.000000
vn 0.000000 0.000000 1.000000
vn 0.000000 0.000000 1.000000
vn 0.000000 0.000000 1.000000
vn 0.000000 0.000000 1.000000
vn 0.000000 0.000000 1.000000
vn 0.000000 0.000000 1.000000
vn 0.000000 0.000000 1.000000
vn 0.000000 0.000000 1.000000
vn 0.000000 0.000000 1.000000
vn 0.000000 0.000000 1.000000
vn 0.000000 0.000000 1.000000
vn 0.000000 0.000000 1.000000
vn 0.000000 0.000000 1.000000
vn 0.000000 0.000000 1.000000
vn 0.000000 0.000000 1.000000
vn 0.000000 0.000000 1.000000
vn 0.000000 0.000000 1.000000
vn 0.000000 0.000000 1.000000
vn 0.000000 0.000000 1.000000
vn 0.000000 0.000000 1.000000
vn 0.000000 0.000000 1.000000
vn 0.000000 0.000000 1.000000
vn 0.000000 0.000000 1.000000
vn 0.000000 0.000000 1.000000
vn 0.000000 0.000000 1.000000
vn 0.000000 0.000000 1.000000
vn 0.000000 0.000000 1.000000
vn 0.000000 0.000000 1.000000
vn 0.000000 0.000000 1.000000
vn 0.000000 0.000000 1.000000
vn 0.000000 0.000000 1.000000
vn 0.000000 0.000000 1.000000
vn 0.000000 0.000000 1.000000
vn 0.000000 0.000000 1.000000
vn 0.000000 0.000000 1.000000
vn 0.000000 0.000000 1.000000
vn 0.000000 0.000000 1.000000
vn 0.000000 0.000000 1.000000
vn 0.000000 0.000000 1.000000
vn 0.000000 0.000000 1.000000
vn 0.000000 0.000000 1.000000
vn 0.000000 0.000000 1.000000
vt 4.859375 5.281250
vt 4.863281 5.265625
vt 4.847656 5.289062
vt 4.144531 5.289062
vt 4.121094 5.281250
vt 4.113281 5.265625
vt 4.113281 3.296875
vt 4.097656 3.273438
vt 1.382812 3.273438
vt 1.335938 3.302734
vt 1.343262 3.291382
vt 1.353516 3.282715
vt 1.366699 3.276733
vt 1.320312 3.343750
vt 1.320312 5.222656
vt 1.312500 5.222656
vt 1.312500 5.257812
vt 1.289062 5.289062
vt 1.306641 5.281250
vt 1.311035 5.271484
vt 0.593750 5.289062
vt 0.558594 5.257812
vt 0.560791 5.271484
vt 0.567383 5.281250
vt 0.578369 5.287109
vt 0.558594 0.031250
vt 0.593750 0.000000
vt 0.578369 0.001953
vt 0.567383 0.007812
vt 0.560791 0.017578
vt 1.281250 0.000000
vt 1.312500 0.031250
vt 1.310547 0.017578
vt 1.304688 0.007812
vt 1.294922 0.001953
vt 1.312500 2.488281
vt 1.343750 2.519531
vt 4.113281 2.519531
vt 4.113281 0.031250
vt 4.144531 0.007812
vt 4.130859 0.009277
vt 4.121094 0.013672
vt 4.832031 0.007812
vt 4.863281 0.031250
vt 4.855469 0.013672
vt 4.845703 0.009277
f 2080/2080/2080 2082/2082/2082 2081/2081/2081
f 2078/2078/2078 2082/2082/2082 2080/2080/2080
f 2079/2079/2079 2078/2078/2078 2080/2080/2080
f 2085/2085/2085 2087/2087/2087 2086/2086/2086
f 2084/2084/2084 2079/2079/2079 2083/2083/2083
f 2084/2084/2084 2083/2083/2083 2087/2087/2087
f 2084/2084/2084 2078/2078/2078 2079/2079/2079
f 2084/2084/2084 2087/2087/2087 2085/2085/2085
f 2088/2088/2088 2078/2078/2078 2084/2084/2084
f 2091/2091/2091 2094/2094/2094 2093/2093/2093
f 2092/2092/2092 2091/2091/2091 2093/2093/2093
f 2063/2063/2063 2088/2088/2088 2089/2089/2089
f 2064/2064/2064 2063/2063/2063 2089/2089/2089
f 2062/2062/2062 2088/2088/2088 2063/2063/2063
f 2065/2065/2065 2064/2064/2064 2089/2089/2089
f 2061/2061/2061 2065/2065/2065 2089/2089/2089
f 2066/2066/2066 2088/2088/2088 2062/2062/2062
f 2096/2096/2096 2092/2092/2092 2095/2095/2095
f 2096/2096/2096 2098/2098/2098 2097/2097/2097
f 2096/2096/2096 2095/2095/2095 2098/2098/2098
f 2096/2096/2096 2091/2091/2091 2092/2092/2092
f 2074/2074/2074 2078/2078/2078 2088/2088/2088
f 2074/2074/2074 2088/2088/2088 2066/2066/2066
f 2077/2077/2077 2075/2075/2075 2074/2074/2074
f 2077/2077/2077 2076/2076/2076 2075/2075/2075
f 2073/2073/2073 2077/2077/2077 2074/2074/2074
f 2068/2068/2068 2074/2074/2074 2066/2066/2066
f 2068/2068/2068 2073/2073/2073 2074/2074/2074
f 2067/2067/2067 2068/2068/2068 2066/2066/2066
f 2070/2070/2070 2073/2073/2073 2068/2068/2068
f 2070/2070/2070 2068/2068/2068 2069/2069/2069
f 2072/2072/2072 2070/2070/2070 2069/2069/2069
f 2071/2071/2071 2070/2070/2070 2072/2072/2072
f 2090/2090/2090 2091/2091/2091 2096/2096/2096
f 2090/2090/2090 2061/2061/2061 2089/2089/2089
f 2060/2060/2060 2061/2061/2061 2090/2090/2090
f 2059/2059/2059 2060/2060/2060 2090/2090/2090
f 2056/2056/2056 2057/2057/2057 2058/2058/2058
f 2054/2054/2054 2058/2058/2058 2059/2059/2059
f 2054/2054/2054 2059/2059/2059 2090/2090/2090
f 2054/2054/2054 2090/2090/2090 2096/2096/2096
f 2054/2054/2054 2056/2056/2056 2058/2058/2058
f 2055/2055/2055 2056/2056/2056 2054/2054/2054
f 2053/2053/2053 2055/2055/2055 2054/2054/2054
v 9.691406 -29.919922 0.000000
v 9.691406 -29.919922 5.000000
v 9.691406 -31.642578 5.000000
v 9.691406 -31.642578 0.000000
vn 1.000000 0.000000 0.000000
vn 1.000000 0.000000 0.000000
vn 1.000000 0.000000 0.000000
vn 1.000000 0.000000 0.000000
vt 0.000000 0.000000
vt 0.000000 -5.000000
vt 1.722656 -5.000000
vt 1.722656 0.000000
f 2102/2102/2102 2099/2099/2099 2100/2100/2100
f 2102/2102/2102 2100/2100/2100 2101/2101/2101
v 9.691406 -31.642578 0.000000
v 9.691406 -31.642578 5.000000
v 9.689209 -31.656250 5.000000
v 9.682617 -31.666016 5.000000
v 9.671631 -31.671875 5.000000
v 9.656250 -31.673828 5.000000
v 9.656250 -31.673828 0.000000
v 9.689209 -31.656250 0.000000
v 9.682617 -31.666016 0.000000
v 9.671631 -31.671875 0.000000
v 9.682617 -31.666016 2.500000
vn 1.000000 0.000000 -0.000000
vn 1.000000 0.000000 -0.000000
vn 0.936329 -0.351123 0.000000
vn 0.664364 -0.747409 0.000000
vn 0.284088 -0.958798 0.000000
vn 0.000000 -1.000000 0.000000
vn 0.000000 -1.000000 0.000000
vn 0.936329 -0.351123 0.000000
vn 0.664364 -0.747409 0.000000
vn 0.284088 -0.958798 0.000000
vn 0.664364 -0.747409 0.000000
vt 0.000000 0.000000
vt 0.000000 -5.000000
vt 0.250000 -5.000000
vt 0.500000 -5.000000
vt 0.750000 -5.000000
vt 1.000000 -5.000000
vt 1.000000 0.000000
vt 0.250000 0.000000
vt 0.500000 0.000000
vt 0.750000 0.000000
vt 0.500000 -2.500000
f 2113/2113/2113 2103/2103/2103 2104/2104/2104
f 2113/2113/2113 2104/2104/2104 2105/2105/2105
f 2113/2113/2113 2105/2105/2105 2106/2106/2106
f 2113/2113/2113 2106/2106/2106 2107/2107/2107
f 2113/2113/2113 2107/2107/2107 2108/2108/2108
f 2113/2113/2113 2108/2108/2108 2109/2109/2109
f 2113/2113/2113 2110/2110/2110 2103/2103/2103
f 2113/2113/2113 2111/2111/2111 2110/2110/2110
f 2113/2113/2113 2112/2112/2112 2111/2111/2111
f 2113/2113/2113 2109/2109/2109 2112/2112/2112
v 9.656250 -31.673828 0.000000
v 9.656250 -31.673828 5.000000
v 8.968750 -31.673828 5.000000
v 8.968750 -31.673828 0.000000
vn 0.000000 -1.000000 0.000000
vn 0.000000 -1.000000 0.000000
vn 0.000000 -1.000000 0.000000
vn 0.000000 -1.000000 0.000000
vt 0.000000 0.000000
vt 0.000000 -5.000000
vt 0.687500 -5.000000
vt 0.687500 0.000000
f 2117/2117/2117 2114/2114/2114 2115/2115/2115
f 2117/2117/2117 2115/2115/2115 2116/2116/2116
v 8.968750 -31.673828 0.000000
v 8.968750 -31.673828 5.000000
v 8.955078 -31.672363 5.000000
v 8.945312 -31.667969 5.000000
v 8.937500 -31.650391 5.000000
v 8.937500 -31.650391 0.000000
v 8.955078 -31.672363 0.000000
v 8.945312 -31.667969 0.000000
v 8.945312 -31.667969 2.500000
vn 0.000000 -1.000000 0.000000
vn 0.000000 -1.000000 0.000000
vn -0.242536 -0.970142 0.000000
vn -0.600000 -0.800000 0.000000
vn -1.000000 0.000000 0.000000
vn -1.000000 0.000000 0.000000
vn -0.242536 -0.970142 0.000000
vn -0.600000 -0.800000 0.000000
vn -0.600000 -0.800000 0.000000
vt 0.000000 0.000000
vt 0.000000 -5.000000
vt 0.250000 -5.000000
vt 0.500000 -5.000000
vt 1.000000 -5.000000
vt 1.000000 0.000000
vt 0.250000 0.000000
vt 0.500000 0.000000
vt 0.500000 -2.500000
f 2126/2126/2126 2118/2118/2118 2119/2119/2119
f 2126/2126/2126 2119/2119/2119 2120/2120/2120
f 2126/2126/2126 2120/2120/2120 2121/2121/2121
f 2126/2126/2126 2121/2121/2121 2122/2122/2122
f 2126/2126/2126 2122/2122/2122 2123/2123/2123
f 2126/2126/2126 2124/2124/2124 2118/2118/2118
f 2126/2126/2126 2125/2125/2125 2124/2124/2124
f 2126/2126/2126 2123/2123/2123 2125/2125/2125
v 8.937500 -31.650391 0.000000
v 8.937500 -31.650391 5.000000
v 8.937500 -31.435547 5.000000
v 8.937500 -31.435547 0.000000
vn -1.000000 0.000000 0.000000
vn -1.000000 0.000000 0.000000
vn -1.000000 0.000000 0.000000
vn -1.000000 0.000000 0.000000
vt 0.000000 0.000000
vt 0.000000 -5.000000
vt 0.214844 -5.000000
vt 0.214844 0.000000
f 2130/2130/2130 2127/2127/2127 2128/2128/2128
f 2130/2130/2130 2128/2128/2128 2129/2129/2129
v 8.937500 -31.435547 0.000000
v 8.937500 -31.435547 5.000000
v 8.861328 -31.488281 5.000000
v 8.861328 -31.488281 0.000000
v 8.898926 -31.462402 2.500000
vn 0.573462 -0.819232 0.000000
vn 0.573462 -0.819232 0.000000
vn 0.564684 -0.825307 0.000000
vn 0.564684 -0.825307 0.000000
vn 0.569210 -0.822192 0.000000
vt 0.000000 0.000000
vt 0.000000 -5.000000
vt 1.000000 -5.000000
vt 1.000000 0.000000
vt 0.500000 -2.500000
f 2135/2135/2135 2131/2131/2131 2132/2132/2132
f 2135/2135/2135 2132/2132/2132 2133/2133/2133
f 2135/2135/2135 2133/2133/2133 2134/2134/2134
f 2135/2135/2135 2134/2134/2134 2131/2131/2131
v 8.861328 -31.488281 0.000000
v 8.861328 -31.488281 5.000000
v 8.802734 -31.527344 5.000000
v 8.802734 -31.527344 0.000000
v 8.828125 -31.510742 2.500000
vn 0.564684 -0.825307 0.000000
vn 0.564684 -0.825307 0.000000
vn 0.536875 -0.843661 0.000000
vn 0.536875 -0.843661 0.000000
vn 0.554700 -0.832050 0.000000
vt 0.000000 0.000000
vt 0.000000 -5.000000
vt 1.000000 -5.000000
vt 1.000000 0.000000
vt 0.500000 -2.500000
f 2140/2140/2140 2136/2136/2136 2137/2137/2137
f 2140/2140/2140 2137/2137/2137 2138/2138/2138
f 2140/2140/2140 2138/2138/2138 2139/2139/2139
f 2140/2140/2140 2139/2139/2139 2136/2136/2136
v 8.802734 -31.527344 0.000000
v 8.802734 -31.527344 5.000000
v 8.738281 -31.576172 5.000000
v 8.738281 -31.576172 0.000000
v 8.775879 -31.546387 2.500000
vn 0.536875 -0.843661 0.000000
vn 0.536875 -0.843661 0.000000
vn 0.633238 -0.773957 0.000000
vn 0.633238 -0.773957 0.000000
vn 0.603858 -0.797092 0.000000
vt 0.000000 0.000000
vt 0.000000 -5.000000
vt 1.000000 -5.000000
vt 1.000000 0.000000
vt 0.500000 -2.500000
f 2145/2145/2145 2141/2141/2141 2142/2142/2142
f 2145/2145/2145 2142/2142/2142 2143/2143/2143
f 2145/2145/2145 2143/2143/2143 2144/2144/2144
f 2145/2145/2145 2144/2144/2144 2141/2141/2141
v 8.738281 -31.576172 0.000000
v 8.738281 -31.576172 5.000000
v 8.497396 -31.684679 5.000000
v 8.238281 -31.749783 5.000000
v 7.960938 -31.771484 5.000000
v 7.960938 -31.771484 0.000000
v 8.497396 -31.684679 0.000000
v 8.238281 -31.749783 0.000000
v 8.370117 -31.722656 2.500000
vn 0.489796 -0.871837 0.000000
vn 0.489796 -0.871837 0.000000
vn 0.328012 -0.944674 0.000000
vn 0.159735 -0.987160 0.000000
vn 0.000000 -1.000000 0.000000
vn 0.000000 -1.000000 0.000000
vn 0.328012 -0.944674 0.000000
vn 0.159735 -0.987160 0.000000
vn 0.243682 -0.969855 0.000000
vt 0.000000 0.000000
vt 0.000000 -5.000000
vt 0.333333 -5.000000
vt 0.666667 -5.000000
vt 1.000000 -5.000000
vt 1.000000 0.000000
vt 0.333333 0.000000
vt 0.666667 0.000000
vt 0.500000 -2.500000
f 2154/2154/2154 2146/2146/2146 2147/2147/2147
f 2154/2154/2154 2147/2147/2147 2148/2148/2148
f 2154/2154/2154 2148/2148/2148 2149/2149/2149
f 2154/2154/2154 2149/2149/2149 2150/2150/2150
f 2154/2154/2154 2150/2150/2150 2151/2151/2151
f 2154/2154/2154 2152/2152/2152 2146/2146/2146
f 2154/2154/2154 2153/2153/2153 2152/2152/2152
f 2154/2154/2154 2151/2151/2151 2153/2153/2153
v 7.960938 -31.771484 0.000000
v 7.960938 -31.771484 5.000000
v 7.717110 -31.752193 5.000000
v 7.578041 -31.720547 5.000000
v 7.449219 -31.673828 5.000000
v 7.449219 -31.673828 0.000000
v 7.717110 -31.752193 0.000000
v 7.578041 -31.720547 0.000000
v 7.688477 -31.747070 2.500000
vn 0.000000 -1.000000 0.000000
vn 0.000000 -1.000000 0.000000
vn -0.164934 -0.986305 0.000000
vn -0.280763 -0.959777 0.000000
vn -0.401661 -0.915788 0.000000
vn -0.401661 -0.915788 0.000000
vn -0.164934 -0.986305 0.000000
vn -0.280763 -0.959777 0.000000
vn -0.187457 -0.982273 0.000000
vt 0.000000 0.000000
vt 0.000000 -5.000000
vt 0.444444 -5.000000
vt 0.722222 -5.000000
vt 1.000000 -5.000000
vt 1.000000 0.000000
vt 0.444444 0.000000
vt 0.722222 0.000000
vt 0.500000 -2.500000
f 2163/2163/2163 2155/2155/2155 2156/2156/2156
f 2163/2163/2163 2156/2156/2156 2157/2157/2157
f 2163/2163/2163 2157/2157/2157 2158/2158/2158
f 2163/2163/2163 2158/2158/2158 2159/2159/2159
f 2163/2163/2163 2159/2159/2159 2160/2160/2160
f 2163/2163/2163 2161/2161/2161 2155/2155/2155
f 2163/2163/2163 2162/2162/2162 2161/2161/2161
f 2163/2163/2163 2160/2160/2160 2162/2162/2162
v 7.449219 -31.673828 0.000000
v 7.449219 -31.673828 5.000000
v 7.279948 -31.556858 5.000000
v 7.131510 -31.419487 5.000000
v 7.003906 -31.261719 5.000000
v 7.003906 -31.261719 0.000000
v 7.279948 -31.556858 0.000000
v 7.131510 -31.419487 0.000000
v 7.203125 -31.490723 2.500000
vn -0.510827 -0.859684 0.000000
vn -0.510827 -0.859684 0.000000
vn -0.624955 -0.780661 0.000000
vn -0.730341 -0.683083 0.000000
vn -0.820127 -0.572182 0.000000
vn -0.820127 -0.572182 0.000000
vn -0.624955 -0.780661 0.000000
vn -0.730341 -0.683083 0.000000
vn -0.679215 -0.733939 0.000000
vt 0.000000 0.000000
vt 0.000000 -5.000000
vt 0.333333 -5.000000
vt 0.666667 -5.000000
vt 1.000000 -5.000000
vt 1.000000 0.000000
vt 0.333333 0.000000
vt 0.666667 0.000000
vt 0.500000 -2.500000
f 2172/2172/2172 2164/2164/2164 2165/2165/2165
f 2172/2172/2172 2165/2165/2165 2166/2166/2166
f 2172/2172/2172 2166/2166/2166 2167/2167/2167
f 2172/2172/2172 2167/2167/2167 2168/2168/2168
f 2172/2172/2172 2168/2168/2168 2169/2169/2169
f 2172/2172/2172 2170/2170/2170 2164/2164/2164
f 2172/2172/2172 2171/2171/2171 2170/2170/2170
f 2172/2172/2172 2169/2169/2169 2171/2171/2171
v 7.003906 -31.261719 0.000000
v 7.003906 -31.261719 5.000000
v 6.905816 -31.088758 5.000000
v 6.845920 -30.905815 5.000000
v 6.824219 -30.712891 5.000000
v 6.824219 -30.712891 0.000000
v 6.905816 -31.088758 0.000000
v 6.845920 -30.905815 0.000000
v 6.871094 -30.998535 2.500000
vn -0.820127 -0.572182 0.000000
vn -0.820127 -0.572182 0.000000
vn -0.913995 -0.405725 0.000000
vn -0.977237 -0.212149 0.000000
vn -0.999913 -0.013157 0.000000
vn -0.999913 -0.013157 0.000000
vn -0.913995 -0.405725 0.000000
vn -0.977237 -0.212149 0.000000
vn -0.950361 -0.311150 0.000000
vt 0.000000 0.000000
vt 0.000000 -5.000000
vt 0.333333 -5.000000
vt 0.666667 -5.000000
vt 1.000000 -5.000000
vt 1.000000 0.000000
vt 0.333333 0.000000
vt 0.666667 0.000000
vt 0.500000 -2.500000
f 2181/2181/2181 2173/2173/2173 2174/2174/2174
f 2181/2181/2181 2174/2174/2174 2175/2175/2175
f 2181/2181/2181 2175/2175/2175 2176/2176/2176
f 2181/2181/2181 2176/2176/2176 2177/2177/2177
f 2181/2181/2181 2177/2177/2177 2178/2178/2178
f 2181/2181/2181 2179/2179/2179 2173/2173/2173
f 2181/2181/2181 2180/2180/2180 2179/2179/2179
f 2181/2181/2181 2178/2178/2178 2180/2180/2180
v 6.824219 -30.712891 0.000000
v 6.824219 -30.712891 5.000000
v 6.842014 -30.529079 5.000000
v 6.895399 -30.352648 5.000000
v 6.984375 -30.183594 5.000000
v 6.984375 -30.183594 0.000000
v 6.842014 -30.529079 0.000000
v 6.895399 -30.352648 0.000000
v 6.864258 -30.439941 2.500000
vn -1.000000 0.000000 0.000000
vn -1.000000 0.000000 0.000000
vn -0.981033 0.193843 0.000000
vn -0.924582 0.380983 0.000000
vn -0.840102 0.542428 0.000000
vn -0.840102 0.542428 0.000000
vn -0.981033 0.193843 0.000000
vn -0.924582 0.380983 0.000000
vn -0.957143 0.289615 0.000000
vt 0.000000 0.000000
vt 0.000000 -5.000000
vt 0.333333 -5.000000
vt 0.666667 -5.000000
vt 1.000000 -5.000000
vt 1.000000 0.000000
vt 0.333333 0.000000
vt 0.666667 0.000000
vt 0.500000 -2.500000
f 2190/2190/2190 2182/2182/2182 2183/2183/2183
f 2190/2190/2190 2183/2183/2183 2184/2184/2184
f 2190/2190/2190 2184/2184/2184 2185/2185/2185
f 2190/2190/2190 2185/2185/2185 2186/2186/2186
f 2190/2190/2190 2186/2186/2186 2187/2187/2187
f 2190/2190/2190 2188/2188/2188 2182/2182/2182
f 2190/2190/2190 2189/2189/2189 2188/2188/2188
f 2190/2190/2190 2187/2187/2187 2189/2189/2189
v 6.984375 -30.183594 0.000000
v 6.984375 -30.183594 5.000000
v 7.101996 -30.029297 5.000000
v 7.241320 -29.897135 5.000000
v 7.402344 -29.787109 5.000000
v 7.402344 -29.787109 0.000000
v 7.101996 -30.029297 0.000000
v 7.241320 -29.897135 0.000000
v 7.168945 -29.960449 2.500000
vn -0.840102 0.542428 0.000000
vn -0.840102 0.542428 0.000000
vn -0.744415 0.667718 0.000000
vn -0.627708 0.778449 0.000000
vn -0.498964 0.866622 0.000000
vn -0.498964 0.866622 0.000000
vn -0.744415 0.667718 0.000000
vn -0.627708 0.778449 0.000000
vn -0.688215 0.725507 0.000000
vt 0.000000 0.000000
vt 0.000000 -5.000000
vt 0.333333 -5.000000
vt 0.666667 -5.000000
vt 1.000000 -5.000000
vt 1.000000 0.000000
vt 0.333333 0.000000
vt 0.666667 0.000000
vt 0.500000 -2.500000
f 2199/2199/2199 2191/2191/2191 2192/2192/2192
f 2199/2199/2199 2192/2192/2192 2193/2193/2193
f 2199/2199/2199 2193/2193/2193 2194/2194/2194
f 2199/2199/2199 2194/2194/2194 2195/2195/2195
f 2199/2199/2199 2195/2195/2195 2196/2196/2196
f 2199/2199/2199 2197/2197/2197 2191/2191/2191
f 2199/2199/2199 2198/2198/2198 2197/2197/2197
f 2199/2199/2199 2196/2196/2196 2198/2198/2198
v 7.402344 -29.787109 0.000000
v 7.402344 -29.787109 5.000000
v 7.691310 -29.633560 5.000000
v 7.883276 -29.561493 5.000000
v 8.083984 -29.507812 5.000000
v 8.083984 -29.507812 0.000000
v 7.691310 -29.633560 0.000000
v 7.883276 -29.561493 0.000000
v 7.729004 -29.617676 2.500000
vn -0.537557 0.843227 0.000000
vn -0.537557 0.843227 0.000000
vn -0.397475 0.917613 0.000000
vn -0.304977 0.952360 0.000000
vn -0.212000 0.977270 0.000000
vn -0.212000 0.977270 0.000000
vn -0.397475 0.917613 0.000000
vn -0.304977 0.952360 0.000000
vn -0.379149 0.925336 0.000000
vt 0.000000 0.000000
vt 0.000000 -5.000000
vt 0.444444 -5.000000
vt 0.722222 -5.000000
vt 1.000000 -5.000000
vt 1.000000 0.000000
vt 0.444444 0.000000
vt 0.722222 0.000000
vt 0.500000 -2.500000
f 2208/2208/2208 2200/2200/2200 2201/2201/2201
f 2208/2208/2208 2201/2201/2201 2202/2202/2202
f 2208/2208/2208 2202/2202/2202 2203/2203/2203
f 2208/2208/2208 2203/2203/2203 2204/2204/2204
f 2208/2208/2208 2204/2204/2204 2205/2205/2205
f 2208/2208/2208 2206/2206/2206 2200/2200/2200
f 2208/2208/2208 2207/2207/2207 2206/2206/2206
f 2208/2208/2208 2205/2205/2205 2207/2207/2207
v 8.083984 -29.507812 0.000000
v 8.083984 -29.507812 5.000000
v 8.921875 -29.400391 5.000000
v 8.921875 -29.400391 0.000000
v 8.478027 -29.440918 2.500000
vn -0.212000 0.977270 0.000000
vn -0.212000 0.977270 0.000000
vn -0.058234 0.998303 0.000000
vn -0.058234 0.998303 0.000000
vn -0.127164 0.991882 0.000000
vt 0.000000 0.000000
vt 0.000000 -5.000000
vt 1.000000 -5.000000
vt 1.000000 0.000000
vt 0.500000 -2.500000
f 2213/2213/2213 2209/2209/2209 2210/2210/2210
f 2213/2213/2213 2210/2210/2210 2211/2211/2211
f 2213/2213/2213 2211/2211/2211 2212/2212/2212
f 2213/2213/2213 2212/2212/2212 2209/2209/2209
v 8.921875 -29.400391 0.000000
v 8.921875 -29.400391 5.000000
v 8.929688 -29.201172 5.000000
v 8.929688 -29.201172 0.000000
v 8.923828 -29.280273 2.500000
vn -1.000000 0.000000 0.000000
vn -1.000000 0.000000 0.000000
vn -0.991228 0.132164 0.000000
vn -0.991228 0.132164 0.000000
vn -0.999232 0.039186 0.000000
vt 0.000000 0.000000
vt 0.000000 -5.000000
vt 1.000000 -5.000000
vt 1.000000 0.000000
vt 0.500000 -2.500000
f 2218/2218/2218 2214/2214/2214 2215/2215/2215
f 2218/2218/2218 2215/2215/2215 2216/2216/2216
f 2218/2218/2218 2216/2216/2216 2217/2217/2217
f 2218/2218/2218 2217/2217/2217 2214/2214/2214
v 8.929688 -29.201172 0.000000
v 8.929688 -29.201172 5.000000
v 8.922743 -29.109592 5.000000
v 8.901910 -29.032768 5.000000
v 8.886285 -28.999891 5.000000
v 8.867188 -28.970703 5.000000
v 8.867188 -28.970703 0.000000
v 8.922743 -29.109592 0.000000
v 8.901910 -29.032768 0.000000
v 8.886285 -28.999891 0.000000
v 8.914062 -29.069336 2.500000
vn -1.000000 0.000000 0.000000
vn -1.000000 0.000000 0.000000
vn -0.986667 -0.162749 0.000000
vn -0.928477 -0.371391 0.000000
vn -0.872714 -0.488232 0.000000
vn -0.795432 -0.606043 0.000000
vn -0.795432 -0.606043 0.000000
vn -0.986667 -0.162749 0.000000
vn -0.928477 -0.371391 0.000000
vn -0.872714 -0.488232 0.000000
vn -0.965140 -0.261733 0.000000
vt 0.000000 0.000000
vt 0.000000 -5.000000
vt 0.333333 -5.000000
vt 0.666667 -5.000000
vt 0.833333 -5.000000
vt 1.000000 -5.000000
vt 1.000000 0.000000
vt 0.333333 0.000000
vt 0.666667 0.000000
vt 0.833333 0.000000
vt 0.500000 -2.500000
f 2229/2229/2229 2219/2219/2219 2220/2220/2220
f 2229/2229/2229 2220/2220/2220 2221/2221/2221
f 2229/2229/2229 2221/2221/2221 2222/2222/2222
f 2229/2229/2229 2222/2222/2222 2223/2223/2223
f 2229/2229/2229 2223/2223/2223 2224/2224/2224
f 2229/2229/2229 2224/2224/2224 2225/2225/2225
f 2229/2229/2229 2226/2226/2226 2219/2219/2219
f 2229/2229/2229 2227/2227/2227 2226/2226/2226
f 2229/2229/2229 2228/2228/2228 2227/2227/2227
f 2229/2229/2229 2225/2225/2225 2228/2228/2228
v 8.867188 -28.970703 0.000000
v 8.867188 -28.970703 5.000000
v 8.787977 -28.878471 5.000000
v 8.690972 -28.799696 5.000000
v 8.576172 -28.734375 5.000000
v 8.576172 -28.734375 0.000000
v 8.787977 -28.878471 0.000000
v 8.690972 -28.799696 0.000000
v 8.741699 -28.837402 2.500000
vn -0.815180 -0.579207 0.000000
vn -0.815180 -0.579207 0.000000
vn -0.696422 -0.717633 0.000000
vn -0.562495 -0.826800 0.000000
vn -0.428086 -0.903738 0.000000
vn -0.428086 -0.903738 0.000000
vn -0.696422 -0.717633 0.000000
vn -0.562495 -0.826800 0.000000
vn -0.630396 -0.776273 0.000000
vt 0.000000 0.000000
vt 0.000000 -5.000000
vt 0.333333 -5.000000
vt 0.666667 -5.000000
vt 1.000000 -5.000000
vt 1.000000 0.000000
vt 0.333333 0.000000
vt 0.666667 0.000000
vt 0.500000 -2.500000
f 2238/2238/2238 2230/2230/2230 2231/2231/2231
f 2238/2238/2238 2231/2231/2231 2232/2232/2232
f 2238/2238/2238 2232/2232/2232 2233/2233/2233
f 2238/2238/2238 2233/2233/2233 2234/2234/2234
f 2238/2238/2238 2234/2234/2234 2235/2235/2235
f 2238/2238/2238 2236/2236/2236 2230/2230/2230
f 2238/2238/2238 2237/2237/2237 2236/2236/2236
f 2238/2238/2238 2235/2235/2235 2237/2237/2237
v 8.576172 -28.734375 0.000000
v 8.576172 -28.734375 5.000000
v 8.450521 -28.685112 5.000000
v 8.320964 -28.654514 5.000000
v 8.187500 -28.642578 5.000000
v 8.187500 -28.642578 0.000000
v 8.450521 -28.685112 0.000000
v 8.320964 -28.654514 0.000000
v 8.386230 -28.667480 2.500000
vn -0.428086 -0.903738 0.000000
vn -0.428086 -0.903738 0.000000
vn -0.298645 -0.954364 0.000000
vn -0.159642 -0.987175 0.000000
vn -0.019227 -0.999815 0.000000
vn -0.019227 -0.999815 0.000000
vn -0.298645 -0.954364 0.000000
vn -0.159642 -0.987175 0.000000
vn -0.229857 -0.973224 0.000000
vt 0.000000 0.000000
vt 0.000000 -5.000000
vt 0.333333 -5.000000
vt 0.666667 -5.000000
vt 1.000000 -5.000000
vt 1.000000 0.000000
vt 0.333333 0.000000
vt 0.666667 0.000000
vt 0.500000 -2.500000
f 2247/2247/2247 2239/2239/2239 2240/2240/2240
f 2247/2247/2247 2240/2240/2240 2241/2241/2241
f 2247/2247/2247 2241/2241/2241 2242/2242/2242
f 2247/2247/2247 2242/2242/2242 2243/2243/2243
f 2247/2247/2247 2243/2243/2243 2244/2244/2244
f 2247/2247/2247 2245/2245/2245 2239/2239/2239
f 2247/2247/2247 2246/2246/2246 2245/2245/2245
f 2247/2247/2247 2244/2244/2244 2246/2246/2246
v 8.187500 -28.642578 0.000000
v 8.187500 -28.642578 5.000000
v 7.890625 -28.681641 5.000000
v 7.890625 -28.681641 0.000000
v 8.042969 -28.652344 2.500000
vn 0.000000 -1.000000 0.000000
vn 0.000000 -1.000000 0.000000
vn 0.242536 -0.970142 0.000000
vn 0.242536 -0.970142 0.000000
vn 0.130455 -0.991454 0.000000
vt 0.000000 0.000000
vt 0.000000 -5.000000
vt 1.000000 -5.000000
vt 1.000000 0.000000
vt 0.500000 -2.500000
f 2252/2252/2252 2248/2248/2248 2249/2249/2249
f 2252/2252/2252 2249/2249/2249 2250/2250/2250
f 2252/2252/2252 2250/2250/2250 2251/2251/2251
f 2252/2252/2252 2251/2251/2251 2248/2248/2248
v 7.890625 -28.681641 0.000000
v 7.890625 -28.681641 5.000000
v 7.625000 -28.775391 5.000000
v 7.625000 -28.775391 0.000000
v 7.755859 -28.722656 2.500000
vn 0.249041 -0.968493 0.000000
vn 0.249041 -0.968493 0.000000
vn 0.413803 -0.910366 0.000000
vn 0.413803 -0.910366 0.000000
vn 0.332820 -0.942990 0.000000
vt 0.000000 0.000000
vt 0.000000 -5.000000
vt 1.000000 -5.000000
vt 1.000000 0.000000
vt 0.500000 -2.500000
f 2257/2257/2257 2253/2253/2253 2254/2254/2254
f 2257/2257/2257 2254/2254/2254 2255/2255/2255
f 2257/2257/2257 2255/2255/2255 2256/2256/2256
f 2257/2257/2257 2256/2256/2256 2253/2253/2253
v 7.625000 -28.775391 0.000000
v 7.625000 -28.775391 5.000000
v 7.337891 -28.919922 5.000000
v 7.337891 -28.919922 0.000000
v 7.488770 -28.840820 2.500000
vn 0.413803 -0.910366 0.000000
vn 0.413803 -0.910366 0.000000
vn 0.477331 -0.878723 0.000000
vn 0.477331 -0.878723 0.000000
vn 0.449642 -0.893209 0.000000
vt 0.000000 0.000000
vt 0.000000 -5.000000
vt 1.000000 -5.000000
vt 1.000000 0.000000
vt 0.500000 -2.500000
f 2262/2262/2262 2258/2258/2258 2259/2259/2259
f 2262/2262/2262 2259/2259/2259 2260/2260/2260
f 2262/2262/2262 2260/2260/2260 2261/2261/2261
f 2262/2262/2262 2261/2261/2261 2258/2258/2258
v 7.337891 -28.919922 0.000000
v 7.337891 -28.919922 5.000000
v 7.000000 -29.099609 5.000000
v 7.000000 -29.099609 0.000000
v 7.174316 -29.007812 2.500000
vn 0.477331 -0.878723 0.000000
vn 0.477331 -0.878723 0.000000
vn 0.462566 -0.886585 0.000000
vn 0.462566 -0.886585 0.000000
vn 0.469528 -0.882917 0.000000
vt 0.000000 0.000000
vt 0.000000 -5.000000
vt 1.000000 -5.000000
vt 1.000000 0.000000
vt 0.500000 -2.500000
f 2267/2267/2267 2263/2263/2263 2264/2264/2264
f 2267/2267/2267 2264/2264/2264 2265/2265/2265
f 2267/2267/2267 2265/2265/2265 2266/2266/2266
f 2267/2267/2267 2266/2266/2266 2263/2263/2263
v 7.000000 -29.099609 0.000000
v 7.000000 -29.099609 5.000000
v 7.328125 -28.267578 5.000000
v 7.328125 -28.267578 0.000000
v 7.136719 -28.717773 2.500000
vn -0.953906 0.300105 0.000000
vn -0.953906 0.300105 0.000000
vn -0.911371 0.411587 0.000000
vn -0.911371 0.411587 0.000000
vn -0.930273 0.366868 0.000000
vt 0.000000 0.000000
vt 0.000000 -5.000000
vt 1.000000 -5.000000
vt 1.000000 0.000000
vt 0.500000 -2.500000
f 2272/2272/2272 2268/2268/2268 2269/2269/2269
f 2272/2272/2272 2269/2269/2269 2270/2270/2270
f 2272/2272/2272 2270/2270/2270 2271/2271/2271
f 2272/2272/2272 2271/2271/2271 2268/2268/2268
v 7.328125 -28.267578 0.000000
v 7.328125 -28.267578 5.000000
v 7.637153 -28.154732 5.000000
v 7.954861 -28.087023 5.000000
v 8.281250 -28.064453 5.000000
v 8.281250 -28.064453 0.000000
v 7.637153 -28.154732 0.000000
v 7.954861 -28.087023 0.000000
v 7.794922 -28.115234 2.500000
vn -0.406138 0.913812 0.000000
vn -0.406138 0.913812 0.000000
vn -0.276830 0.960919 0.000000
vn -0.138805 0.990320 0.000000
vn 0.000000 1.000000 0.000000
vn 0.000000 1.000000 0.000000
vn -0.276830 0.960919 0.000000
vn -0.138805 0.990320 0.000000
vn -0.208434 0.978036 0.000000
vt 0.000000 0.000000
vt 0.000000 -5.000000
vt 0.333333 -5.000000
vt 0.666667 -5.000000
vt 1.000000 -5.000000
vt 1.000000 0.000000
vt 0.333333 0.000000
vt 0.666667 0.000000
vt 0.500000 -2.500000
f 2281/2281/2281 2273/2273/2273 2274/2274/2274
f 2281/2281/2281 2274/2274/2274 2275/2275/2275
f 2281/2281/2281 2275/2275/2275 2276/2276/2276
f 2281/2281/2281 2276/2276/2276 2277/2277/2277
f 2281/2281/2281 2277/2277/2277 2278/2278/2278
f 2281/2281/2281 2279/2279/2279 2273/2273/2273
f 2281/2281/2281 2280/2280/2280 2279/2279/2279
f 2281/2281/2281 2278/2278/2278 2280/2280/2280
v 8.281250 -28.064453 0.000000
v 8.281250 -28.064453 5.000000
v 8.637153 -28.095703 5.000000
v 8.944445 -28.189453 5.000000
v 9.079861 -28.259766 5.000000
v 9.203125 -28.345703 5.000000
v 9.203125 -28.345703 0.000000
v 8.637153 -28.095703 0.000000
v 8.944445 -28.189453 0.000000
v 9.079861 -28.259766 0.000000
v 8.796875 -28.134766 2.500000
vn 0.000000 1.000000 0.000000
vn 0.000000 1.000000 0.000000
vn 0.185220 0.982697 -0.000000
vn 0.404055 0.914735 -0.000000
vn 0.517028 0.855969 -0.000000
vn 0.624695 0.780869 -0.000000
vn 0.624695 0.780869 -0.000000
vn 0.185220 0.982697 -0.000000
vn 0.404055 0.914735 -0.000000
vn 0.517028 0.855969 -0.000000
vn 0.291807 0.956477 -0.000000
vt 0.000000 0.000000
vt 0.000000 -5.000000
vt 0.333333 -5.000000
vt 0.666667 -5.000000
vt 0.833333 -5.000000
vt 1.000000 -5.000000
vt 1.000000 0.000000
vt 0.333333 0.000000
vt 0.666667 0.000000
vt 0.833333 0.000000
vt 0.500000 -2.500000
f 2292/2292/2292 2282/2282/2282 2283/2283/2283
f 2292/2292/2292 2283/2283/2283 2284/2284/2284
f 2292/2292/2292 2284/2284/2284 2285/2285/2285
f 2292/2292/2292 2285/2285/2285 2286/2286/2286
f 2292/2292/2292 2286/2286/2286 2287/2287/2287
f 2292/2292/2292 2287/2287/2287 2288/2288/2288
f 2292/2292/2292 2289/2289/2289 2282/2282/2282
f 2292/2292/2292 2290/2290/2290 2289/2289/2289
f 2292/2292/2292 2291/2291/2291 2290/2290/2290
f 2292/2292/2292 2288/2288/2288 2291/2291/2291
v 9.203125 -28.345703 0.000000
v 9.203125 -28.345703 5.000000
v 9.342014 -28.471138 5.000000
v 9.461805 -28.623482 5.000000
v 9.562500 -28.802734 5.000000
v 9.562500 -28.802734 0.000000
v 9.342014 -28.471138 0.000000
v 9.461805 -28.623482 0.000000
v 9.404297 -28.543945 2.500000
vn 0.602239 0.798316 -0.000000
vn 0.602239 0.798316 -0.000000
vn 0.731815 0.681503 -0.000000
vn 0.832720 0.553694 -0.000000
vn 0.903986 0.427561 -0.000000
vn 0.903986 0.427561 -0.000000
vn 0.731815 0.681503 -0.000000
vn 0.832720 0.553694 -0.000000
vn 0.786085 0.618118 -0.000000
vt 0.000000 0.000000
vt 0.000000 -5.000000
vt 0.333333 -5.000000
vt 0.666667 -5.000000
vt 1.000000 -5.000000
vt 1.000000 0.000000
vt 0.333333 0.000000
vt 0.666667 0.000000
vt 0.500000 -2.500000
f 2301/2301/2301 2293/2293/2293 2294/2294/2294
f 2301/2301/2301 2294/2294/2294 2295/2295/2295
f 2301/2301/2301 2295/2295/2295 2296/2296/2296
f 2301/2301/2301 2296/2296/2296 2297/2297/2297
f 2301/2301/2301 2297/2297/2297 2298/2298/2298
f 2301/2301/2301 2299/2299/2299 2293/2293/2293
f 2301/2301/2301 2300/2300/2300 2299/2299/2299
f 2301/2301/2301 2298/2298/2298 2300/2300/2300
v 9.562500 -28.802734 0.000000
v 9.562500 -28.802734 5.000000
v 9.638454 -28.999783 5.000000
v 9.684028 -29.247179 5.000000
v 9.699219 -29.544922 5.000000
v 9.699219 -29.544922 0.000000
v 9.638454 -28.999783 0.000000
v 9.684028 -29.247179 0.000000
v 9.665039 -29.117188 2.500000
vn 0.883462 0.468503 -0.000000
vn 0.883462 0.468503 -0.000000
vn 0.964590 0.263755 -0.000000
vn 0.993845 0.110779 -0.000000
vn 1.000000 0.000000 -0.000000
vn 1.000000 0.000000 -0.000000
vn 0.964590 0.263755 -0.000000
vn 0.993845 0.110779 -0.000000
vn 0.983453 0.181162 -0.000000
vt 0.000000 0.000000
vt 0.000000 -5.000000
vt 0.333333 -5.000000
vt 0.666667 -5.000000
vt 1.000000 -5.000000
vt 1.000000 0.000000
vt 0.333333 0.000000
vt 0.666667 0.000000
vt 0.500000 -2.500000
f 2310/2310/2310 2302/2302/2302 2303/2303/2303
f 2310/2310/2310 2303/2303/2303 2304/2304/2304
f 2310/2310/2310 2304/2304/2304 2305/2305/2305
f 2310/2310/2310 2305/2305/2305 2306/2306/2306
f 2310/2310/2310 2306/2306/2306 2307/2307/2307
f 2310/2310/2310 2308/2308/2308 2302/2302/2302
f 2310/2310/2310 2309/2309/2309 2308/2308/2308
f 2310/2310/2310 2307/2307/2307 2309/2309/2309
v 9.699219 -29.544922 0.000000
v 9.699219 -29.544922 5.000000
v 9.697266 -29.750000 5.000000
v 9.697266 -29.750000 0.000000
v 9.698730 -29.660645 2.500000
vn 1.000000 0.000000 -0.000000
vn 1.000000 0.000000 -0.000000
vn 0.999671 -0.025633 0.000000
vn 0.999671 -0.025633 0.000000
vn 0.999955 -0.009523 0.000000
vt 0.000000 0.000000
vt 0.000000 -5.000000
vt 1.000000 -5.000000
vt 1.000000 0.000000
vt 0.500000 -2.500000
f 2315/2315/2315 2311/2311/2311 2312/2312/2312
f 2315/2315/2315 2312/2312/2312 2313/2313/2313
f 2315/2315/2315 2313/2313/2313 2314/2314/2314
f 2315/2315/2315 2314/2314/2314 2311/2311/2311
v 9.697266 -29.750000 0.000000
v 9.697266 -29.750000 5.000000
v 9.691406 -29.919922 5.000000
v 9.691406 -29.919922 0.000000
v 9.694824 -29.830566 2.500000
vn 0.999671 -0.025633 0.000000
vn 0.999671 -0.025633 0.000000
vn 0.999133 -0.041631 0.000000
vn 0.999133 -0.041631 0.000000
vn 0.999406 -0.034462 0.000000
vt 0.000000 0.000000
vt 0.000000 -5.000000
vt 1.000000 -5.000000
vt 1.000000 0.000000
vt 0.500000 -2.500000
f 2320/2320/2320 2316/2316/2316 2317/2317/2317
f 2320/2320/2320 2317/2317/2317 2318/2318/2318
f 2320/2320/2320 2318/2318/2318 2319/2319/2319
f 2320/2320/2320 2319/2319/2319 2316/2316/2316
v 8.937500 -30.880859 0.000000
v 8.937500 -30.880859 5.000000
v 8.937500 -29.962891 5.000000
v 8.937500 -29.962891 0.000000
vn -1.000000 0.000000 0.000000
vn -1.000000 0.000000 0.000000
vn -1.000000 0.000000 0.000000
vn -1.000000 0.000000 0.000000
vt 0.000000 0.000000
vt 0.000000 -5.000000
vt 0.917969 -5.000000
vt 0.917969 0.000000
f 2324/2324/2324 2321/2321/2321 2322/2322/2322
f 2324/2324/2324 2322/2322/2322 2323/2323/2323
v 8.937500 -29.962891 0.000000
v 8.937500 -29.962891 5.000000
v 8.500000 -30.029297 5.000000
v 8.500000 -30.029297 0.000000
v 8.701172 -29.999023 2.500000
vn 0.152057 -0.988372 0.000000
vn 0.152057 -0.988372 0.000000
vn 0.147311 -0.989090 0.000000
vn 0.147311 -0.989090 0.000000
vn 0.150067 -0.988676 0.000000
vt 0.000000 0.000000
vt 0.000000 -5.000000
vt 1.000000 -5.000000
vt 1.000000 0.000000
vt 0.500000 -2.500000
f 2329/2329/2329 2325/2325/2325 2326/2326/2326
f 2329/2329/2329 2326/2326/2326 2327/2327/2327
f 2329/2329/2329 2327/2327/2327 2328/2328/2328
f 2329/2329/2329 2328/2328/2328 2325/2325/2325
v 8.500000 -30.029297 0.000000
v 8.500000 -30.029297 5.000000
v 8.126953 -30.111328 5.000000
v 8.126953 -30.111328 0.000000
v 8.314941 -30.063477 2.500000
vn 0.147311 -0.989090 0.000000
vn 0.147311 -0.989090 0.000000
vn 0.277336 -0.960773 0.000000
vn 0.277336 -0.960773 0.000000
vn 0.214764 -0.976666 0.000000
vt 0.000000 0.000000
vt 0.000000 -5.000000
vt 1.000000 -5.000000
vt 1.000000 0.000000
vt 0.500000 -2.500000
f 2334/2334/2334 2330/2330/2330 2331/2331/2331
f 2334/2334/2334 2331/2331/2331 2332/2332/2332
f 2334/2334/2334 2332/2332/2332 2333/2333/2333
f 2334/2334/2334 2333/2333/2333 2330/2330/2330
v 8.126953 -30.111328 0.000000
v 8.126953 -30.111328 5.000000
v 7.950684 -30.175781 5.000000
v 7.800781 -30.259766 5.000000
v 7.800781 -30.259766 0.000000
v 7.950684 -30.175781 0.000000
v 7.950684 -30.175781 2.500000
vn 0.277336 -0.960773 0.000000
vn 0.277336 -0.960773 0.000000
vn 0.414214 -0.910180 0.000000
vn 0.565528 -0.824729 0.000000
vn 0.565528 -0.824729 0.000000
vn 0.414214 -0.910180 0.000000
vn 0.414214 -0.910180 0.000000
vt 0.000000 0.000000
vt 0.000000 -5.000000
vt 0.500000 -5.000000
vt 1.000000 -5.000000
vt 1.000000 0.000000
vt 0.500000 0.000000
vt 0.500000 -2.500000
f 2341/2341/2341 2335/2335/2335 2336/2336/2336
f 2341/2341/2341 2336/2336/2336 2337/2337/2337
f 2341/2341/2341 2337/2337/2337 2338/2338/2338
f 2341/2341/2341 2338/2338/2338 2339/2339/2339
f 2341/2341/2341 2340/2340/2340 2335/2335/2335
f 2341/2341/2341 2339/2339/2339 2340/2340/2340
v 7.800781 -30.259766 0.000000
v 7.800781 -30.259766 5.000000
v 7.706694 -30.337797 5.000000
v 7.642920 -30.424591 5.000000
v 7.602456 -30.516125 5.000000
v 7.580349 -30.605820 5.000000
v 7.570312 -30.705078 5.000000
v 7.570312 -30.705078 0.000000
v 7.706694 -30.337797 0.000000
v 7.642920 -30.424591 0.000000
v 7.602456 -30.516125 0.000000
v 7.580349 -30.605820 0.000000
v 7.633789 -30.441406 2.500000
vn 0.540758 -0.841178 0.000000
vn 0.540758 -0.841178 0.000000
vn 0.731092 -0.682279 0.000000
vn 0.869069 -0.494691 0.000000
vn 0.949225 -0.314597 0.000000
vn 0.985837 -0.167704 0.000000
vn 0.999261 -0.038433 0.000000
vn 0.999261 -0.038433 0.000000
vn 0.731092 -0.682279 0.000000
vn 0.869069 -0.494691 0.000000
vn 0.949225 -0.314597 0.000000
vn 0.985837 -0.167704 0.000000
vn 0.888108 -0.459635 0.000000
vt 0.000000 0.000000
vt 0.000000 -5.000000
vt 0.243000 -5.000000
vt 0.461700 -5.000000
vt 0.658530 -5.000000
vt 0.829265 -5.000000
vt 1.000000 -5.000000
vt 1.000000 0.000000
vt 0.243000 0.000000
vt 0.461700 0.000000
vt 0.658530 0.000000
vt 0.829265 0.000000
vt 0.500000 -2.500000
f 2354/2354/2354 2342/2342/2342 2343/2343/2343
f 2354/2354/2354 2343/2343/2343 2344/2344/2344
f 2354/2354/2354 2344/2344/2344 2345/2345/2345
f 2354/2354/2354 2345/2345/2345 2346/2346/2346
f 2354/2354/2354 2346/2346/2346 2347/2347/2347
f 2354/2354/2354 2347/2347/2347 2348/2348/2348
f 2354/2354/2354 2348/2348/2348 2349/2349/2349
f 2354/2354/2354 2350/2350/2350 2342/2342/2342
f 2354/2354/2354 2351/2351/2351 2350/2350/2350
f 2354/2354/2354 2352/2352/2352 2351/2351/2351
f 2354/2354/2354 2353/2353/2353 2352/2352/2352
f 2354/2354/2354 2349/2349/2349 2353/2353/2353
v 7.570312 -30.705078 0.000000
v 7.570312 -30.705078 5.000000
v 7.579770 -30.791128 5.000000
v 7.604453 -30.859896 5.000000
v 7.639766 -30.914759 5.000000
v 7.680449 -30.956955 5.000000
v 7.730469 -30.994141 5.000000
v 7.730469 -30.994141 0.000000
v 7.579770 -30.791128 0.000000
v 7.604453 -30.859896 0.000000
v 7.639766 -30.914759 0.000000
v 7.680449 -30.956955 0.000000
v 7.610352 -30.871094 2.500000
vn 1.000000 0.000000 -0.000000
vn 1.000000 0.000000 -0.000000
vn 0.973789 0.227455 -0.000000
vn 0.894348 0.447372 -0.000000
vn 0.778712 0.627381 -0.000000
vn 0.658583 0.752508 -0.000000
vn 0.535542 0.844509 -0.000000
vn 0.535542 0.844509 -0.000000
vn 0.973789 0.227455 -0.000000
vn 0.894348 0.447372 -0.000000
vn 0.778712 0.627381 -0.000000
vn 0.658583 0.752508 -0.000000
vn 0.874714 0.484639 -0.000000
vt 0.000000 0.000000
vt 0.000000 -5.000000
vt 0.243000 -5.000000
vt 0.461700 -5.000000
vt 0.658530 -5.000000
vt 0.829265 -5.000000
vt 1.000000 -5.000000
vt 1.000000 0.000000
vt 0.243000 0.000000
vt 0.461700 0.000000
vt 0.658530 0.000000
vt 0.829265 0.000000
vt 0.500000 -2.500000
f 2367/2367/2367 2355/2355/2355 2356/2356/2356
f 2367/2367/2367 2356/2356/2356 2357/2357/2357
f 2367/2367/2367 2357/2357/2357 2358/2358/2358
f 2367/2367/2367 2358/2358/2358 2359/2359/2359
f 2367/2367/2367 2359/2359/2359 2360/2360/2360
f 2367/2367/2367 2360/2360/2360 2361/2361/2361
f 2367/2367/2367 2361/2361/2361 2362/2362/2362
f 2367/2367/2367 2363/2363/2363 2355/2355/2355
f 2367/2367/2367 2364/2364/2364 2363/2363/2363
f 2367/2367/2367 2365/2365/2365 2364/2364/2364
f 2367/2367/2367 2366/2366/2366 2365/2365/2365
f 2367/2367/2367 2362/2362/2362 2366/2366/2366
v 7.730469 -30.994141 0.000000
v 7.730469 -30.994141 5.000000
v 7.845920 -31.052734 5.000000
v 7.973524 -31.087891 5.000000
v 8.113281 -31.099609 5.000000
v 8.113281 -31.099609 0.000000
v 7.845920 -31.052734 0.000000
v 7.973524 -31.087891 0.000000
v 7.908203 -31.073242 2.500000
vn 0.540758 0.841178 -0.000000
vn 0.540758 0.841178 -0.000000
vn 0.359872 0.933002 -0.000000
vn 0.172691 0.984976 -0.000000
vn 0.000000 1.000000 0.000000
vn 0.000000 1.000000 0.000000
vn 0.359872 0.933002 -0.000000
vn 0.172691 0.984976 -0.000000
vn 0.265614 0.964079 -0.000000
vt 0.000000 0.000000
vt 0.000000 -5.000000
vt 0.333333 -5.000000
vt 0.666667 -5.000000
vt 1.000000 -5.000000
vt 1.000000 0.000000
vt 0.333333 0.000000
vt 0.666667 0.000000
vt 0.500000 -2.500000
f 2376/2376/2376 2368/2368/2368 2369/2369/2369
f 2376/2376/2376 2369/2369/2369 2370/2370/2370
f 2376/2376/2376 2370/2370/2370 2371/2371/2371
f 2376/2376/2376 2371/2371/2371 2372/2372/2372
f 2376/2376/2376 2372/2372/2372 2373/2373/2373
f 2376/2376/2376 2374/2374/2374 2368/2368/2368
f 2376/2376/2376 2375/2375/2375 2374/2374/2374
f 2376/2376/2376 2373/2373/2373 2375/2375/2375
v 8.113281 -31.099609 0.000000
v 8.113281 -31.099609 5.000000
v 8.369141 -31.068359 5.000000
v 8.369141 -31.068359 0.000000
v 8.233887 -31.091797 2.500000
vn 0.000000 1.000000 0.000000
vn 0.000000 1.000000 0.000000
vn -0.214096 0.976813 0.000000
vn -0.214096 0.976813 0.000000
vn -0.121236 0.992624 0.000000
vt 0.000000 0.000000
vt 0.000000 -5.000000
vt 1.000000 -5.000000
vt 1.000000 0.000000
vt 0.500000 -2.500000
f 2381/2381/2381 2377/2377/2377 2378/2378/2378
f 2381/2381/2381 2378/2378/2378 2379/2379/2379
f 2381/2381/2381 2379/2379/2379 2380/2380/2380
f 2381/2381/2381 2380/2380/2380 2377/2377/2377
v 8.369141 -31.068359 0.000000
v 8.369141 -31.068359 5.000000
v 8.677734 -30.976562 5.000000
v 8.677734 -30.976562 0.000000
v 8.517578 -31.029785 2.500000
vn -0.214096 0.976813 0.000000
vn -0.214096 0.976813 0.000000
vn -0.342630 0.939470 0.000000
vn -0.342630 0.939470 0.000000
vn -0.285121 0.958492 0.000000
vt 0.000000 0.000000
vt 0.000000 -5.000000
vt 1.000000 -5.000000
vt 1.000000 0.000000
vt 0.500000 -2.500000
f 2386/2386/2386 2382/2382/2382 2383/2383/2383
f 2386/2386/2386 2383/2383/2383 2384/2384/2384
f 2386/2386/2386 2384/2384/2384 2385/2385/2385
f 2386/2386/2386 2385/2385/2385 2382/2382/2382
v 8.677734 -30.976562 0.000000
v 8.677734 -30.976562 5.000000
v 8.937500 -30.880859 5.000000
v 8.937500 -30.880859 0.000000
v 8.825684 -30.922363 2.500000
vn -0.342630 0.939470 0.000000
vn -0.342630 0.939470 0.000000
vn -0.351123 0.936329 0.000000
vn -0.351123 0.936329 0.000000
vn -0.345705 0.938343 0.000000
vt 0.000000 0.000000
vt 0.000000 -5.000000
vt 1.000000 -5.000000
vt 1.000000 0.000000
vt 0.500000 -2.500000
f 2391/2391/2391 2387/2387/2387 2388/2388/2388
f 2391/2391/2391 2388/2388/2388 2389/2389/2389
f 2391/2391/2391 2389/2389/2389 2390/2390/2390
f 2391/2391/2391 2390/2390/2390 2387/2387/2387
v 9.697266 -29.750000 0.000000
v 9.691406 -29.919922 0.000000
v 9.699219 -29.544922 0.000000
v 9.562500 -28.802734 0.000000
v 9.638454 -28.999783 0.000000
v 9.684028 -29.247179 0.000000
v 9.203125 -28.345703 0.000000
v 9.342014 -28.471138 0.000000
v 9.461805 -28.623482 0.000000
v 8.281250 -28.064453 0.000000
v 8.637153 -28.095703 0.000000
v 8.944445 -28.189453 0.000000
v 9.079861 -28.259766 0.000000
v 7.328125 -28.267578 0.000000
v 7.637153 -28.154732 0.000000
v 7.954861 -28.087023 0.000000
v 7.000000 -29.099609 0.000000
v 7.337891 -28.919922 0.000000
v 7.625000 -28.775391 0.000000
v 7.890625 -28.681641 0.000000
v 8.187500 -28.642578 0.000000
v 8.576172 -28.734375 0.000000
v 8.450521 -28.685112 0.000000
v 8.320964 -28.654514 0.000000
v 8.867188 -28.970703 0.000000
v 8.787977 -28.878471 0.000000
v 8.690972 -28.799696 0.000000
v 8.929688 -29.201172 0.000000
v 8.922743 -29.109592 0.000000
v 8.901910 -29.032768 0.000000
v 8.886285 -28.999891 0.000000
v 8.921875 -29.400391 0.000000
v 8.083984 -29.507812 0.000000
v 7.402344 -29.787109 0.000000
v 7.691310 -29.633560 0.000000
v 7.883276 -29.561493 0.000000
v 6.984375 -30.183594 0.000000
v 7.101996 -30.029297 0.000000
v 7.241320 -29.897135 0.000000
v 6.824219 -30.712891 0.000000
v 6.842014 -30.529079 0.000000
v 6.895399 -30.352648 0.000000
v 7.003906 -31.261719 0.000000
v 6.905816 -31.088758 0.000000
v 6.845920 -30.905815 0.000000
v 7.449219 -31.673828 0.000000
v 7.279948 -31.556858 0.000000
v 7.131510 -31.419487 0.000000
v 7.960938 -31.771484 0.000000
v 7.717110 -31.752193 0.000000
v 7.578041 -31.720547 0.000000
v 8.738281 -31.576172 0.000000
v 8.497396 -31.684679 0.000000
v 8.238281 -31.749783 0.000000
v 8.802734 -31.527344 0.000000
v 8.861328 -31.488281 0.000000
v 8.937500 -31.435547 0.000000
v 8.937500 -31.650391 0.000000
v 8.968750 -31.673828 0.000000
v 8.955078 -31.672363 0.000000
v 8.945312 -31.667969 0.000000
v 9.656250 -31.673828 0.000000
v 9.691406 -31.642578 0.000000
v 9.689209 -31.656250 0.000000
v 9.682617 -31.666016 0.000000
v 9.671631 -31.671875 0.000000
v 8.677734 -30.976562 0.000000
v 8.937500 -30.880859 0.000000
v 8.369141 -31.068359 0.000000
v 8.113281 -31.099609 0.000000
v 7.730469 -30.994141 0.000000
v 7.845920 -31.052734 0.000000
v 7.973524 -31.087891 0.000000
v 7.570312 -30.705078 0.000000
v 7.579770 -30.791128 0.000000
v 7.604453 -30.859896 0.000000
v 7.639766 -30.914759 0.000000
v 7.680449 -30.956955 0.000000
v 7.800781 -30.259766 0.000000
v 7.706694 -30.337797 0.000000
v 7.642920 -30.424591 0.000000
v 7.602456 -30.516125 0.000000
v 7.580349 -30.605820 0.000000
v 8.126953 -30.111328 0.000000
v 7.950684 -30.175781 0.000000
v 8.500000 -30.029297 0.000000
v 8.937500 -29.962891 0.000000
vn -0.000000 -0.000000 -1.000000
vn -0.000000 -0.000000 -1.000000
vn -0.000000 -0.000000 -1.000000
vn -0.000000 -0.000000 -1.000000
vn -0.000000 -0.000000 -1.000000
vn -0.000000 -0.000000 -1.000000
vn -0.000000 -0.000000 -1.000000
vn -0.000000 -0.000000 -1.000000
vn -0.000000 -0.000000 -1.000000
vn -0.000000 -0.000000 -1.000000
vn -0.000000 -0.000000 -1.000000
vn -0.000000 -0.000000 -1.000000
vn -0.000000 -0.000000 -1.000000
vn -0.000000 -0.000000 -1.000000
vn -0.000000 -0.000000 -1.000000
vn -0.000000 -0.000000 -1.000000
vn -0.000000 -0.000000 -1.000000
vn -0.000000 -0.000000 -1.000000
vn -0.000000 -0.000000 -1.000000
vn -0.000000 -0.000000 -1.000000
vn -0.000000 -0.000000 -1.000000
vn -0.000000 -0.000000 -1.000000
vn -0.000000 -0.000000 -1.000000
vn -0.000000 -0.000000 -1.000000
vn -0.000000 -0.000000 -1.000000
vn -0.000000 -0.000000 -1.000000
vn -0.000000 -0.000000 -1.000000
vn -0.000000 -0.000000 -1.000000
vn -0.000000 -0.000000 -1.000000
vn -0.000000 -0.000000 -1.000000
vn -0.000000 -0.000000 -1.000000
vn -0.000000 -0.000000 -1.000000
vn -0.000000 -0.000000 -1.000000
vn -0.000000 -0.000000 -1.000000
vn -0.000000 -0.000000 -1.000000
vn -0.000000 -0.000000 -1.000000
vn -0.000000 -0.000000 -1.000000
vn -0.000000 -0.000000 -1.000000
vn -0.000000 -0.000000 -1.000000
vn -0.000000 -0.000000 -1.000000
vn -0.000000 -0.000000 -1.000000
vn -0.000000 -0.000000 -1.000000
vn -0.000000 -0.000000 -1.000000
vn -0.000000 -0.000000 -1.000000
vn -0.000000 -0.000000 -1.000000
vn -0.000000 -0.000000 -1.000000
vn -0.000000 -0.000000 -1.000000
vn -0.000000 -0.000000 -1.000000
vn -0.000000 -0.000000 -1.000000
vn -0.000000 -0.000000 -1.000000
vn -0.000000 -0.000000 -1.000000
vn -0.000000 -0.000000 -1.000000
vn -0.000000 -0.000000 -1.000000
vn -0.000000 -0.000000 -1.000000
vn -0.000000 -0.000000 -1.000000
vn -0.000000 -0.000000 -1.000000
vn -0.000000 -0.000000 -1.000000
vn -0.000000 -0.000000 -1.000000
vn -0.000000 -0.000000 -1.000000
vn -0.000000 -0.000000 -1.000000
vn -0.000000 -0.000000 -1.000000
vn -0.000000 -0.000000 -1.000000
vn -0.000000 -0.000000 -1.000000
vn -0.000000 -0.000000 -1.000000
vn -0.000000 -0.000000 -1.000000
vn -0.000000 -0.000000 -1.000000
vn -0.000000 -0.000000 -1.000000
vn -0.000000 -0.000000 -1.000000
vn -0.000000 -0.000000 -1.000000
vn -0.000000 -0.000000 -1.000000
vn -0.000000 -0.000000 -1.000000
vn -0.000000 -0.000000 -1.000000
vn -0.000000 -0.000000 -1.000000
vn -0.000000 -0.000000 -1.000000
vn -0.000000 -0.000000 -1.000000
vn -0.000000 -0.000000 -1.000000
vn -0.000000 -0.000000 -1.000000
vn -0.000000 -0.000000 -1.000000
vn -0.000000 -0.000000 -1.000000
vn -0.000000 -0.000000 -1.000000
vn -0.000000 -0.000000 -1.000000
vn -0.000000 -0.000000 -1.000000
vn -0.000000 -0.000000 -1.000000
vn -0.000000 -0.000000 -1.000000
vn -0.000000 -0.000000 -1.000000
vn -0.000000 -0.000000 -1.000000
vn -0.000000 -0.000000 -1.000000
vt 3.111328 1.923828
vt 3.105469 1.753906
vt 3.113281 2.128906
vt 2.976562 2.871094
vt 3.052517 2.674045
vt 3.098090 2.426649
vt 2.617188 3.328125
vt 2.756076 3.202691
vt 2.875868 3.050347
vt 1.695312 3.609375
vt 2.051215 3.578125
vt 2.358507 3.484375
vt 2.493924 3.414062
vt 0.742188 3.406250
vt 1.051215 3.519097
vt 1.368924 3.586806
vt 0.414062 2.574219
vt 0.751953 2.753906
vt 1.039062 2.898438
vt 1.304688 2.992188
vt 1.601562 3.031250
vt 1.990234 2.939453
vt 1.864583 2.988715
vt 1.735026 3.019314
vt 2.281250 2.703125
vt 2.202040 2.795356
vt 2.105035 2.874132
vt 2.343750 2.472656
vt 2.336806 2.564236
vt 2.315972 2.641059
vt 2.300347 2.673937
vt 2.335938 2.273438
vt 1.498047 2.166016
vt 0.816406 1.886719
vt 1.105372 2.040268
vt 1.297339 2.112335
vt 0.398438 1.490234
vt 0.516059 1.644531
vt 0.655382 1.776693
vt 0.238281 0.960938
vt 0.256076 1.144748
vt 0.309462 1.321181
vt 0.417969 0.412109
vt 0.319878 0.585069
vt 0.259983 0.768012
vt 0.863281 0.000000
vt 0.694010 0.116970
vt 0.545573 0.254340
vt 1.375000 -0.097656
vt 1.131173 -0.078366
vt 0.992103 -0.046718
vt 2.152344 0.097656
vt 1.911458 -0.010851
vt 1.652344 -0.075955
vt 2.216797 0.146484
vt 2.275391 0.185547
vt 2.351562 0.238281
vt 2.351562 0.023438
vt 2.382812 0.000000
vt 2.369141 0.001465
vt 2.359375 0.005859
vt 3.070312 0.000000
vt 3.105469 0.031250
vt 3.103271 0.017578
vt 3.096680 0.007812
vt 3.085693 0.001953
vt 2.091797 0.697266
vt 2.351562 0.792969
vt 1.783203 0.605469
vt 1.527344 0.574219
vt 1.144531 0.679688
vt 1.259983 0.621094
vt 1.387587 0.585938
vt 0.984375 0.968750
vt 0.993832 0.882700
vt 1.018515 0.813932
vt 1.053829 0.759069
vt 1.094511 0.716873
vt 1.214844 1.414062
vt 1.120756 1.336031
vt 1.056982 1.249237
vt 1.016518 1.157703
vt 0.994412 1.068009
vt 1.541016 1.562500
vt 1.364746 1.498047
vt 1.914062 1.644531
vt 2.351562 1.710938
f 2469/2469/2469 2438/2438/2438 2439/2439/2439
f 2468/2468/2468 2439/2439/2439 2434/2434/2434
f 2468/2468/2468 2469/2469/2469 2439/2439/2439
f 2462/2462/2462 2438/2438/2438 2469/2469/2469
f 2462/2462/2462 2437/2437/2437 2438/2438/2438
f 2467/2467/2467 2468/2468/2468 2434/2434/2434
f 2467/2467/2467 2434/2434/2434 2435/2435/2435
f 2466/2466/2466 2435/2435/2435 2436/2436/2436
f 2466/2466/2466 2467/2467/2467 2435/2435/2435
f 2463/2463/2463 2437/2437/2437 2462/2462/2462
f 2463/2463/2463 2441/2441/2441 2442/2442/2442
f 2463/2463/2463 2442/2442/2442 2437/2437/2437
f 2465/2465/2465 2466/2466/2466 2436/2436/2436
f 2465/2465/2465 2431/2431/2431 2432/2432/2432
f 2465/2465/2465 2436/2436/2436 2431/2431/2431
f 2464/2464/2464 2441/2441/2441 2463/2463/2463
f 2464/2464/2464 2440/2440/2440 2441/2441/2441
f 2474/2474/2474 2465/2465/2465 2432/2432/2432
f 2474/2474/2474 2432/2432/2432 2433/2433/2433
f 2461/2461/2461 2440/2440/2440 2464/2464/2464
f 2461/2461/2461 2445/2445/2445 2440/2440/2440
f 2473/2473/2473 2474/2474/2474 2433/2433/2433
f 2473/2473/2473 2433/2433/2433 2428/2428/2428
f 2472/2472/2472 2428/2428/2428 2429/2429/2429
f 2472/2472/2472 2473/2473/2473 2428/2428/2428
f 2449/2449/2449 2451/2451/2451 2452/2452/2452
f 2450/2450/2450 2451/2451/2451 2449/2449/2449
f 2460/2460/2460 2445/2445/2445 2461/2461/2461
f 2460/2460/2460 2443/2443/2443 2444/2444/2444
f 2460/2460/2460 2444/2444/2444 2445/2445/2445
f 2460/2460/2460 2446/2446/2446 2443/2443/2443
f 2430/2430/2430 2472/2472/2472 2429/2429/2429
f 2471/2471/2471 2472/2472/2472 2430/2430/2430
f 2448/2448/2448 2450/2450/2450 2449/2449/2449
f 2425/2425/2425 2471/2471/2471 2430/2430/2430
f 2425/2425/2425 2470/2470/2470 2471/2471/2471
f 2458/2458/2458 2447/2447/2447 2446/2446/2446
f 2458/2458/2458 2448/2448/2448 2447/2447/2447
f 2458/2458/2458 2446/2446/2446 2460/2460/2460
f 2453/2453/2453 2450/2450/2450 2448/2448/2448
f 2455/2455/2455 2456/2456/2456 2457/2457/2457
f 2454/2454/2454 2457/2457/2457 2453/2453/2453
f 2454/2454/2454 2453/2453/2453 2448/2448/2448
f 2454/2454/2454 2455/2455/2455 2457/2457/2457
f 2459/2459/2459 2448/2448/2448 2458/2458/2458
f 2459/2459/2459 2454/2454/2454 2448/2448/2448
f 2426/2426/2426 2470/2470/2470 2425/2425/2425
f 2426/2426/2426 2476/2476/2476 2470/2470/2470
f 2427/2427/2427 2475/2475/2475 2476/2476/2476
f 2427/2427/2427 2476/2476/2476 2426/2426/2426
f 2424/2424/2424 2477/2477/2477 2475/2475/2475
f 2424/2424/2424 2475/2475/2475 2427/2427/2427
f 2405/2405/2405 2409/2409/2409 2408/2408/2408
f 2405/2405/2405 2410/2410/2410 2409/2409/2409
f 2406/2406/2406 2411/2411/2411 2410/2410/2410
f 2406/2406/2406 2410/2410/2410 2405/2405/2405
f 2423/2423/2423 2478/2478/2478 2477/2477/2477
f 2423/2423/2423 2477/2477/2477 2424/2424/2424
f 2393/2393/2393 2459/2459/2459 2478/2478/2478
f 2393/2393/2393 2454/2454/2454 2459/2459/2459
f 2407/2407/2407 2411/2411/2411 2406/2406/2406
f 2407/2407/2407 2412/2412/2412 2411/2411/2411
f 2392/2392/2392 2393/2393/2393 2478/2478/2478
f 2392/2392/2392 2478/2478/2478 2423/2423/2423
f 2394/2394/2394 2392/2392/2392 2423/2423/2423
f 2401/2401/2401 2412/2412/2412 2407/2407/2407
f 2401/2401/2401 2415/2415/2415 2412/2412/2412
f 2397/2397/2397 2423/2423/2423 2419/2419/2419
f 2397/2397/2397 2394/2394/2394 2423/2423/2423
f 2402/2402/2402 2415/2415/2415 2401/2401/2401
f 2402/2402/2402 2413/2413/2413 2414/2414/2414
f 2402/2402/2402 2414/2414/2414 2415/2415/2415
f 2396/2396/2396 2419/2419/2419 2420/2420/2420
f 2396/2396/2396 2397/2397/2397 2419/2419/2419
f 2403/2403/2403 2418/2418/2418 2413/2413/2413
f 2403/2403/2403 2413/2413/2413 2402/2402/2402
f 2395/2395/2395 2420/2420/2420 2421/2421/2421
f 2395/2395/2395 2396/2396/2396 2420/2420/2420
f 2404/2404/2404 2418/2418/2418 2403/2403/2403
f 2400/2400/2400 2421/2421/2421 2422/2422/2422
f 2400/2400/2400 2422/2422/2422 2416/2416/2416
f 2400/2400/2400 2395/2395/2395 2421/2421/2421
f 2398/2398/2398 2417/2417/2417 2418/2418/2418
f 2398/2398/2398 2418/2418/2418 2404/2404/2404
f 2399/2399/2399 2416/2416/2416 2417/2417/2417
f 2399/2399/2399 2400/2400/2400 2416/2416/2416
f 2399/2399/2399 2417/2417/2417 2398/2398/2398
v 9.697266 -29.750000 5.000000
v 9.691406 -29.919922 5.000000
v 9.699219 -29.544922 5.000000
v 9.562500 -28.802734 5.000000
v 9.638454 -28.999783 5.000000
v 9.684028 -29.247179 5.000000
v 9.203125 -28.345703 5.000000
v 9.342014 -28.471138 5.000000
v 9.461805 -28.623482 5.000000
v 8.281250 -28.064453 5.000000
v 8.637153 -28.095703 5.000000
v 8.944445 -28.189453 5.000000
v 9.079861 -28.259766 5.000000
v 7.328125 -28.267578 5.000000
v 7.637153 -28.154732 5.000000
v 7.954861 -28.087023 5.000000
v 7.000000 -29.099609 5.000000
v 7.337891 -28.919922 5.000000
v 7.625000 -28.775391 5.000000
v 7.890625 -28.681641 5.000000
v 8.187500 -28.642578 5.000000
v 8.576172 -28.734375 5.000000
v 8.450521 -28.685112 5.000000
v 8.320964 -28.654514 5.000000
v 8.867188 -28.970703 5.000000
v 8.787977 -28.878471 5.000000
v 8.690972 -28.799696 5.000000
v 8.929688 -29.201172 5.000000
v 8.922743 -29.109592 5.000000
v 8.901910 -29.032768 5.000000
v 8.886285 -28.999891 5.000000
v 8.921875 -29.400391 5.000000
v 8.083984 -29.507812 5.000000
v 7.402344 -29.787109 5.000000
v 7.691310 -29.633560 5.000000
v 7.883276 -29.561493 5.000000
v 6.984375 -30.183594 5.000000
v 7.101996 -30.029297 5.000000
v 7.241320 -29.897135 5.000000
v 6.824219 -30.712891 5.000000
v 6.842014 -30.529079 5.000000
v 6.895399 -30.352648 5.000000
v 7.003906 -31.261719 5.000000
v 6.905816 -31.088758 5.000000
v 6.845920 -30.905815 5.000000
v 7.449219 -31.673828 5.000000
v 7.279948 -31.556858 5.000000
v 7.131510 -31.419487 5.000000
v 7.960938 -31.771484 5.000000
v 7.717110 -31.752193 5.000000
v 7.578041 -31.720547 5.000000
v 8.738281 -31.576172 5.000000
v 8.497396 -31.684679 5.000000
v 8.238281 -31.749783 5.000000
v 8.802734 -31.527344 5.000000
v 8.861328 -31.488281 5.000000
v 8.937500 -31.435547 5.000000
v 8.937500 -31.650391 5.000000
v 8.968750 -31.673828 5.000000
v 8.955078 -31.672363 5.000000
v 8.945312 -31.667969 5.000000
v 9.656250 -31.673828 5.000000
v 9.691406 -31.642578 5.000000
v 9.689209 -31.656250 5.000000
v 9.682617 -31.666016 5.000000
v 9.671631 -31.671875 5.000000
v 8.677734 -30.976562 5.000000
v 8.937500 -30.880859 5.000000
v 8.369141 -31.068359 5.000000
v 8.113281 -31.099609 5.000000
v 7.730469 -30.994141 5.000000
v 7.845920 -31.052734 5.000000
v 7.973524 -31.087891 5.000000
v 7.570312 -30.705078 5.000000
v 7.579770 -30.791128 5.000000
v 7.604453 -30.859896 5.000000
v 7.639766 -30.914759 5.000000
v 7.680449 -30.956955 5.000000
v 7.800781 -30.259766 5.000000
v 7.706694 -30.337797 5.000000
v 7.642920 -30.424591 5.000000
v 7.602456 -30.516125 5.000000
v 7.580349 -30.605820 5.000000
v 8.126953 -30.111328 5.000000
v 7.950684 -30.175781 5.000000
v 8.500000 -30.029297 5.000000
v 8.937500 -29.962891 5.000000
vn 0.000000 0.000000 1.000000
vn 0.000000 0.000000 1.000000
vn 0.000000 0.000000 1.000000
vn 0.000000 0.000000 1.000000
vn 0.000000 0.000000 1.000000
vn 0.000000 0.000000 1.000000
vn 0.000000 0.000000 1.000000
vn 0.000000 0.000000 1.000000
vn 0.000000 0.000000 1.000000
vn 0.000000 0.000000 1.000000
vn 0.000000 0.000000 1.000000
vn 0.000000 0.000000 1.000000
vn 0.000000 0.000000 1.000000
vn 0.000000 0.000000 1.000000
vn 0.000000 0.000000 1.000000
vn 0.000000 0.000000 1.000000
vn 0.000000 0.000000 1.000000
vn 0.000000 0.000000 1.000000
vn 0.000000 0.000000 1.000000
vn 0.000000 0.000000 1.000000
vn 0.000000 0.000000 1.000000
vn 0.000000 0.000000 1.000000
vn 0.000000 0.000000 1.000000
vn 0.000000 0.000000 1.000000
vn 0.000000 0.000000 1.000000
vn 0.000000 0.000000 1.000000
vn 0.000000 0.000000 1.000000
vn 0.000000 0.000000 1.000000
vn 0.000000 0.000000 1.000000
vn 0.000000 0.000000 1.000000
vn 0.000000 0.000000 1.000000
vn 0.000000 0.000000 1.000000
vn 0.000000 0.000000 1.000000
vn 0.000000 0.000000 1.000000
vn 0.000000 0.000000 1.000000
vn 0.000000 0.000000 1.000000
vn 0.000000 0.000000 1.000000
vn 0.000000 0.000000 1.000000
vn 0.000000 0.000000 1.000000
vn 0.000000 0.000000 1.000000
vn 0.000000 0.000000 1.000000
vn 0.000000 0.000000 1.000000
vn 0.000000 0.000000 1.000000
vn 0.000000 0.000000 1.000000
vn 0.000000 0.000000 1.000000
vn 0.000000 0.000000 1.000000
vn 0.000000 0.000000 1.000000
vn 0.000000 0.000000 1.000000
vn 0.000000 0.000000 1.000000
vn 0.000000 0.000000 1.000000
vn 0.000000 0.000000 1.000000
vn 0.000000 0.000000 1.000000
vn 0.000000 0.000000 1.000000
vn 0.000000 0.000000 1.000000
vn 0.000000 0.000000 1.000000
vn 0.000000 0.000000 1.000000
vn 0.000000 0.000000 1.000000
vn 0.000000 0.000000 1.000000
vn 0.000000 0.000000 1.000000
vn 0.000000 0.000000 1.000000
vn 0.000000 0.000000 1.000000
vn 0.000000 0.000000 1.000000
vn 0.000000 0.000000 1.000000
vn 0.000000 0.000000 1.000000
vn 0.000000 0.000000 1.000000
vn 0.000000 0.000000 1.000000
vn 0.000000 0.000000 1.000000
vn 0.000000 0.000000 1.000000
vn 0.000000 0.000000 1.000000
vn 0.000000 0.000000 1.000000
vn 0.000000 0.000000 1.000000
vn 0.000000 0.000000 1.000000
vn 0.000000 0.000000 1.000000
vn 0.000000 0.000000 1.000000
vn 0.000000 0.000000 1.000000
vn 0.000000 0.000000 1.000000
vn 0.000000 0.000000 1.000000
vn 0.000000 0.000000 1.000000
vn 0.000000 0.000000 1.000000
vn 0.000000 0.000000 1.000000
vn 0.000000 0.000000 1.000000
vn 0.000000 0.000000 1.000000
vn 0.000000 0.000000 1.000000
vn 0.000000 0.000000 1.000000
vn 0.000000 0.000000 1.000000
vn 0.000000 0.000000 1.000000
vn 0.000000 0.000000 1.000000
vt 3.111328 1.923828
vt 3.105469 1.753906
vt 3.113281 2.128906
vt 2.976562 2.871094
vt 3.052517 2.674045
vt 3.098090 2.426649
vt 2.617188 3.328125
vt 2.756076 3.202691
vt 2.875868 3.050347
vt 1.695312 3.609375
vt 2.051215 3.578125
vt 2.358507 3.484375
vt 2.493924 3.414062
vt 0.742188 3.406250
vt 1.051215 3.519097
vt 1.368924 3.586806
vt 0.414062 2.574219
vt 0.751953 2.753906
vt 1.039062 2.898438
vt 1.304688 2.992188
vt 1.601562 3.031250
vt 1.990234 2.939453
vt 1.864583 2.988715
vt 1.735026 3.019314
vt 2.281250 2.703125
vt 2.202040 2.795356
vt 2.105035 2.874132
vt 2.343750 2.472656
vt 2.336806 2.564236
vt 2.315972 2.641059
vt 2.300347 2.673937
vt 2.335938 2.273438
vt 1.498047 2.166016
vt 0.816406 1.886719
vt 1.105372 2.040268
vt 1.297339 2.112335
vt 0.398438 1.490234
vt 0.516059 1.644531
vt 0.655382 1.776693
vt 0.238281 0.960938
vt 0.256076 1.144748
vt 0.309462 1.321181
vt 0.417969 0.412109
vt 0.319878 0.585069
vt 0.259983 0.768012
vt 0.863281 0.000000
vt 0.694010 0.116970
vt 0.545573 0.254340
vt 1.375000 -0.097656
vt 1.131173 -0.078366
vt 0.992103 -0.046718
vt 2.152344 0.097656
vt 1.911458 -0.010851
vt 1.652344 -0.075955
vt 2.216797 0.146484
vt 2.275391 0.185547
vt 2.351562 0.238281
vt 2.351562 0.023438
vt 2.382812 0.000000
vt 2.369141 0.001465
vt 2.359375 0.005859
vt 3.070312 0.000000
vt 3.105469 0.031250
vt 3.103271 0.017578
vt 3.096680 0.007812
vt 3.085693 0.001953
vt 2.091797 0.697266
vt 2.351562 0.792969
vt 1.783203 0.605469
vt 1.527344 0.574219
vt 1.144531 0.679688
vt 1.259983 0.621094
vt 1.387587 0.585938
vt 0.984375 0.968750
vt 0.993832 0.882700
vt 1.018515 0.813932
vt 1.053829 0.759069
vt 1.094511 0.716873
vt 1.214844 1.414062
vt 1.120756 1.336031
vt 1.056982 1.249237
vt 1.016518 1.157703
vt 0.994412 1.068009
vt 1.541016 1.562500
vt 1.364746 1.498047
vt 1.914062 1.644531
vt 2.351562 1.710938
f 2556/2556/2556 2526/2526/2526 2525/2525/2525
f 2555/2555/2555 2521/2521/2521 2526/2526/2526
f 2555/2555/2555 2526/2526/2526 2556/2556/2556
f 2549/2549/2549 2556/2556/2556 2525/2525/2525
f 2549/2549/2549 2525/2525/2525 2524/2524/2524
f 2554/2554/2554 2521/2521/2521 2555/2555/2555
f 2554/2554/2554 2522/2522/2522 2521/2521/2521
f 2553/2553/2553 2523/2523/2523 2522/2522/2522
f 2553/2553/2553 2522/2522/2522 2554/2554/2554
f 2550/2550/2550 2549/2549/2549 2524/2524/2524
f 2550/2550/2550 2529/2529/2529 2528/2528/2528
f 2550/2550/2550 2524/2524/2524 2529/2529/2529
f 2552/2552/2552 2523/2523/2523 2553/2553/2553
f 2552/2552/2552 2519/2519/2519 2518/2518/2518
f 2552/2552/2552 2518/2518/2518 2523/2523/2523
f 2551/2551/2551 2550/2550/2550 2528/2528/2528
f 2551/2551/2551 2528/2528/2528 2527/2527/2527
f 2561/2561/2561 2519/2519/2519 2552/2552/2552
f 2561/2561/2561 2520/2520/2520 2519/2519/2519
f 2548/2548/2548 2551/2551/2551 2527/2527/2527
f 2548/2548/2548 2527/2527/2527 2532/2532/2532
f 2560/2560/2560 2520/2520/2520 2561/2561/2561
f 2560/2560/2560 2515/2515/2515 2520/2520/2520
f 2559/2559/2559 2516/2516/2516 2515/2515/2515
f 2559/2559/2559 2515/2515/2515 2560/2560/2560
f 2536/2536/2536 2539/2539/2539 2538/2538/2538
f 2537/2537/2537 2536/2536/2536 2538/2538/2538
f 2547/2547/2547 2548/2548/2548 2532/2532/2532
f 2547/2547/2547 2531/2531/2531 2530/2530/2530
f 2547/2547/2547 2532/2532/2532 2531/2531/2531
f 2547/2547/2547 2530/2530/2530 2533/2533/2533
f 2517/2517/2517 2516/2516/2516 2559/2559/2559
f 2558/2558/2558 2517/2517/2517 2559/2559/2559
f 2535/2535/2535 2536/2536/2536 2537/2537/2537
f 2512/2512/2512 2517/2517/2517 2558/2558/2558
f 2512/2512/2512 2558/2558/2558 2557/2557/2557
f 2545/2545/2545 2533/2533/2533 2534/2534/2534
f 2545/2545/2545 2534/2534/2534 2535/2535/2535
f 2545/2545/2545 2547/2547/2547 2533/2533/2533
f 2540/2540/2540 2535/2535/2535 2537/2537/2537
f 2542/2542/2542 2544/2544/2544 2543/2543/2543
f 2541/2541/2541 2540/2540/2540 2544/2544/2544
f 2541/2541/2541 2535/2535/2535 2540/2540/2540
f 2541/2541/2541 2544/2544/2544 2542/2542/2542
f 2546/2546/2546 2545/2545/2545 2535/2535/2535
f 2546/2546/2546 2535/2535/2535 2541/2541/2541
f 2513/2513/2513 2512/2512/2512 2557/2557/2557
f 2513/2513/2513 2557/2557/2557 2563/2563/2563
f 2514/2514/2514 2563/2563/2563 2562/2562/2562
f 2514/2514/2514 2513/2513/2513 2563/2563/2563
f 2511/2511/2511 2562/2562/2562 2564/2564/2564
f 2511/2511/2511 2514/2514/2514 2562/2562/2562
f 2492/2492/2492 2495/2495/2495 2496/2496/2496
f 2492/2492/2492 2496/2496/2496 2497/2497/2497
f 2493/2493/2493 2497/2497/2497 2498/2498/2498
f 2493/2493/2493 2492/2492/2492 2497/2497/2497
f 2510/2510/2510 2564/2564/2564 2565/2565/2565
f 2510/2510/2510 2511/2511/2511 2564/2564/2564
f 2480/2480/2480 2565/2565/2565 2546/2546/2546
f 2480/2480/2480 2546/2546/2546 2541/2541/2541
f 2494/2494/2494 2493/2493/2493 2498/2498/2498
f 2494/2494/2494 2498/2498/2498 2499/2499/2499
f 2479/2479/2479 2565/2565/2565 2480/2480/2480
f 2479/2479/2479 2510/2510/2510 2565/2565/2565
f 2481/2481/2481 2510/2510/2510 2479/2479/2479
f 2488/2488/2488 2494/2494/2494 2499/2499/2499
f 2488/2488/2488 2499/2499/2499 2502/2502/2502
f 2484/2484/2484 2506/2506/2506 2510/2510/2510
f 2484/2484/2484 2510/2510/2510 2481/2481/2481
f 2489/2489/2489 2488/2488/2488 2502/2502/2502
f 2489/2489/2489 2501/2501/2501 2500/2500/2500
f 2489/2489/2489 2502/2502/2502 2501/2501/2501
f 2483/2483/2483 2507/2507/2507 2506/2506/2506
f 2483/2483/2483 2506/2506/2506 2484/2484/2484
f 2490/2490/2490 2500/2500/2500 2505/2505/2505
f 2490/2490/2490 2489/2489/2489 2500/2500/2500
f 2482/2482/2482 2508/2508/2508 2507/2507/2507
f 2482/2482/2482 2507/2507/2507 2483/2483/2483
f 2491/2491/2491 2490/2490/2490 2505/2505/2505
f 2487/2487/2487 2509/2509/2509 2508/2508/2508
f 2487/2487/2487 2503/2503/2503 2509/2509/2509
f 2487/2487/2487 2508/2508/2508 2482/2482/2482
f 2485/2485/2485 2505/2505/2505 2504/2504/2504
f 2485/2485/2485 2491/2491/2491 2505/2505/2505
f 2486/2486/2486 2504/2504/2504 2503/2503/2503
f 2486/2486/2486 2503/2503/2503 2487/2487/2487
f 2486/2486/2486 2485/2485/2485 2504/2504/2504
v 12.820312 -31.568359 0.000000
v 12.820312 -31.568359 5.000000
v 12.535590 -31.670357 5.000000
v 12.217882 -31.731554 5.000000
v 11.867188 -31.751953 5.000000
v 11.867188 -31.751953 0.000000
v 12.535590 -31.670357 0.000000
v 12.217882 -31.731554 0.000000
v 12.380859 -31.706055 2.500000
vn 0.415133 -0.909761 0.000000
vn 0.415133 -0.909761 0.000000
vn 0.261469 -0.965212 0.000000
vn 0.121178 -0.992631 0.000000
vn 0.000000 -1.000000 0.000000
vn 0.000000 -1.000000 0.000000
vn 0.261469 -0.965212 0.000000
vn 0.121178 -0.992631 0.000000
vn 0.189146 -0.981949 0.000000
vt 0.000000 0.000000
vt 0.000000 -5.000000
vt 0.333333 -5.000000
vt 0.666667 -5.000000
vt 1.000000 -5.000000
vt 1.000000 0.000000
vt 0.333333 0.000000
vt 0.666667 0.000000
vt 0.500000 -2.500000
f 2574/2574/2574 2566/2566/2566 2567/2567/2567
f 2574/2574/2574 2567/2567/2567 2568/2568/2568
f 2574/2574/2574 2568/2568/2568 2569/2569/2569
f 2574/2574/2574 2569/2569/2569 2570/2570/2570
f 2574/2574/2574 2570/2570/2570 2571/2571/2571
f 2574/2574/2574 2572/2572/2572 2566/2566/2566
f 2574/2574/2574 2573/2573/2573 2572/2572/2572
f 2574/2574/2574 2571/2571/2571 2573/2573/2573
v 11.867188 -31.751953 0.000000
v 11.867188 -31.751953 5.000000
v 11.393229 -31.719400 5.000000
v 10.960938 -31.621744 5.000000
v 10.570312 -31.458984 5.000000
v 10.570312 -31.458984 0.000000
v 11.393229 -31.719400 0.000000
v 10.960938 -31.621744 0.000000
v 11.171875 -31.678711 2.500000
vn 0.000000 -1.000000 0.000000
vn 0.000000 -1.000000 0.000000
vn -0.142218 -0.989835 0.000000
vn -0.301709 -0.953400 0.000000
vn -0.467029 -0.884242 0.000000
vn -0.467029 -0.884242 0.000000
vn -0.142218 -0.989835 0.000000
vn -0.301709 -0.953400 0.000000
vn -0.220351 -0.975421 0.000000
vt 0.000000 0.000000
vt 0.000000 -5.000000
vt 0.333333 -5.000000
vt 0.666667 -5.000000
vt 1.000000 -5.000000
vt 1.000000 0.000000
vt 0.333333 0.000000
vt 0.666667 0.000000
vt 0.500000 -2.500000
f 2583/2583/2583 2575/2575/2575 2576/2576/2576
f 2583/2583/2583 2576/2576/2576 2577/2577/2577
f 2583/2583/2583 2577/2577/2577 2578/2578/2578
f 2583/2583/2583 2578/2578/2578 2579/2579/2579
f 2583/2583/2583 2579/2579/2579 2580/2580/2580
f 2583/2583/2583 2581/2581/2581 2575/2575/2575
f 2583/2583/2583 2582/2582/2582 2581/2581/2581
f 2583/2583/2583 2580/2580/2580 2582/2582/2582
v 10.570312 -31.458984 0.000000
v 10.570312 -31.458984 5.000000
v 10.546875 -31.427734 5.000000
v 10.546875 -31.427734 0.000000
vn -0.800000 -0.600000 0.000000
vn -0.800000 -0.600000 0.000000
vn -0.800000 -0.600000 0.000000
vn -0.800000 -0.600000 0.000000
vt 0.000000 0.000000
vt 0.000000 -5.000000
vt 0.039062 -5.000000
vt 0.039062 0.000000
f 2587/2587/2587 2584/2584/2584 2585/2585/2585
f 2587/2587/2587 2585/2585/2585 2586/2586/2586
v 10.546875 -31.427734 0.000000
v 10.546875 -31.427734 5.000000
v 10.546875 -30.673828 5.000000
v 10.546875 -30.673828 0.000000
vn -1.000000 0.000000 0.000000
vn -1.000000 0.000000 0.000000
vn -1.000000 0.000000 0.000000
vn -1.000000 0.000000 0.000000
vt 0.000000 0.000000
vt 0.000000 -5.000000
vt 0.753906 -5.000000
vt 0.753906 0.000000
f 2591/2591/2591 2588/2588/2588 2589/2589/2589
f 2591/2591/2591 2589/2589/2589 2590/2590/2590
v 10.546875 -30.673828 0.000000
v 10.546875 -30.673828 5.000000
v 10.798828 -30.771484 5.000000
v 10.798828 -30.771484 0.000000
v 10.648926 -30.711914 2.500000
vn 0.330350 0.943858 -0.000000
vn 0.330350 0.943858 -0.000000
vn 0.374980 0.927033 -0.000000
vn 0.374980 0.927033 -0.000000
vn 0.361400 0.932411 -0.000000
vt 0.000000 0.000000
vt 0.000000 -5.000000
vt 1.000000 -5.000000
vt 1.000000 0.000000
vt 0.500000 -2.500000
f 2596/2596/2596 2592/2592/2592 2593/2593/2593
f 2596/2596/2596 2593/2593/2593 2594/2594/2594
f 2596/2596/2596 2594/2594/2594 2595/2595/2595
f 2596/2596/2596 2595/2595/2595 2592/2592/2592
v 10.798828 -30.771484 0.000000
v 10.798828 -30.771484 5.000000
v 11.058594 -30.873047 5.000000
v 11.058594 -30.873047 0.000000
v 10.950684 -30.832031 2.500000
vn 0.374980 0.927033 -0.000000
vn 0.374980 0.927033 -0.000000
vn 0.341743 0.939793 -0.000000
vn 0.341743 0.939793 -0.000000
vn 0.364135 0.931346 -0.000000
vt 0.000000 0.000000
vt 0.000000 -5.000000
vt 1.000000 -5.000000
vt 1.000000 0.000000
vt 0.500000 -2.500000
f 2601/2601/2601 2597/2597/2597 2598/2598/2598
f 2601/2601/2601 2598/2598/2598 2599/2599/2599
f 2601/2601/2601 2599/2599/2599 2600/2600/2600
f 2601/2601/2601 2600/2600/2600 2597/2597/2597
v 11.058594 -30.873047 0.000000
v 11.058594 -30.873047 5.000000
v 11.468316 -31.010778 5.000000
v 11.724392 -31.056894 5.000000
v 11.980469 -31.072266 5.000000
v 11.980469 -31.072266 0.000000
v 11.468316 -31.010778 0.000000
v 11.724392 -31.056894 0.000000
v 11.519531 -31.022461 2.500000
vn 0.396734 0.917934 -0.000000
vn 0.396734 0.917934 -0.000000
vn 0.233477 0.972362 -0.000000
vn 0.119201 0.992870 -0.000000
vn 0.000000 1.000000 0.000000
vn 0.000000 1.000000 0.000000
vn 0.233477 0.972362 -0.000000
vn 0.119201 0.992870 -0.000000
vn 0.211226 0.977437 -0.000000
vt 0.000000 0.000000
vt 0.000000 -5.000000
vt 0.444444 -5.000000
vt 0.722222 -5.000000
vt 1.000000 -5.000000
vt 1.000000 0.000000
vt 0.444444 0.000000
vt 0.722222 0.000000
vt 0.500000 -2.500000
f 2610/2610/2610 2602/2602/2602 2603/2603/2603
f 2610/2610/2610 2603/2603/2603 2604/2604/2604
f 2610/2610/2610 2604/2604/2604 2605/2605/2605
f 2610/2610/2610 2605/2605/2605 2606/2606/2606
f 2610/2610/2610 2606/2606/2606 2607/2607/2607
f 2610/2610/2610 2608/2608/2608 2602/2602/2602
f 2610/2610/2610 2609/2609/2609 2608/2608/2608
f 2610/2610/2610 2607/2607/2607 2609/2609/2609
v 11.980469 -31.072266 0.000000
v 11.980469 -31.072266 5.000000
v 12.195312 -31.056641 5.000000
v 12.195312 -31.056641 0.000000
v 12.071289 -31.068359 2.500000
vn 0.000000 1.000000 0.000000
vn 0.000000 1.000000 0.000000
vn -0.110432 0.993884 0.000000
vn -0.110432 0.993884 0.000000
vn -0.072536 0.997366 0.000000
vt 0.000000 0.000000
vt 0.000000 -5.000000
vt 1.000000 -5.000000
vt 1.000000 0.000000
vt 0.500000 -2.500000
f 2615/2615/2615 2611/2611/2611 2612/2612/2612
f 2615/2615/2615 2612/2612/2612 2613/2613/2613
f 2615/2615/2615 2613/2613/2613 2614/2614/2614
f 2615/2615/2615 2614/2614/2614 2611/2611/2611
v 12.195312 -31.056641 0.000000
v 12.195312 -31.056641 5.000000
v 12.344351 -31.024103 5.000000
v 12.445449 -30.974787 5.000000
v 12.523399 -30.910797 5.000000
v 12.572717 -30.850168 5.000000
v 12.613281 -30.779297 5.000000
v 12.613281 -30.779297 0.000000
v 12.344351 -31.024103 0.000000
v 12.445449 -30.974787 0.000000
v 12.523399 -30.910797 0.000000
v 12.572717 -30.850168 0.000000
v 12.450195 -30.971680 2.500000
vn -0.103340 0.994646 0.000000
vn -0.103340 0.994646 0.000000
vn -0.334804 0.942288 0.000000
vn -0.542343 0.840157 0.000000
vn -0.718743 0.695276 0.000000
vn -0.825576 0.564290 0.000000
vn -0.902861 0.429934 0.000000
vn -0.902861 0.429934 0.000000
vn -0.334804 0.942288 0.000000
vn -0.542343 0.840157 0.000000
vn -0.718743 0.695276 0.000000
vn -0.825576 0.564290 0.000000
vn -0.552902 0.833246 0.000000
vt 0.000000 0.000000
vt 0.000000 -5.000000
vt 0.270000 -5.000000
vt 0.488700 -5.000000
vt 0.691200 -5.000000
vt 0.845600 -5.000000
vt 1.000000 -5.000000
vt 1.000000 0.000000
vt 0.270000 0.000000
vt 0.488700 0.000000
vt 0.691200 0.000000
vt 0.845600 0.000000
vt 0.500000 -2.500000
f 2628/2628/2628 2616/2616/2616 2617/2617/2617
f 2628/2628/2628 2617/2617/2617 2618/2618/2618
f 2628/2628/2628 2618/2618/2618 2619/2619/2619
f 2628/2628/2628 2619/2619/2619 2620/2620/2620
f 2628/2628/2628 2620/2620/2620 2621/2621/2621
f 2628/2628/2628 2621/2621/2621 2622/2622/2622
f 2628/2628/2628 2622/2622/2622 2623/2623/2623
f 2628/2628/2628 2624/2624/2624 2616/2616/2616
f 2628/2628/2628 2625/2625/2625 2624/2624/2624
f 2628/2628/2628 2626/2626/2626 2625/2625/2625
f 2628/2628/2628 2627/2627/2627 2626/2626/2626
f 2628/2628/2628 2623/2623/2623 2627/2627/2627
v 12.613281 -30.779297 0.000000
v 12.613281 -30.779297 5.000000
v 12.621962 -30.751953 5.000000
v 12.627171 -30.716797 5.000000
v 12.628906 -30.673828 5.000000
v 12.628906 -30.673828 0.000000
v 12.621962 -30.751953 0.000000
v 12.627171 -30.716797 0.000000
v 12.625000 -30.735352 2.500000
vn -0.913812 0.406138 0.000000
vn -0.913812 0.406138 0.000000
vn -0.976187 0.216930 0.000000
vn -0.996073 0.088540 0.000000
vn -1.000000 0.000000 0.000000
vn -1.000000 0.000000 0.000000
vn -0.976187 0.216930 0.000000
vn -0.996073 0.088540 0.000000
vn -0.989203 0.146549 0.000000
vt 0.000000 0.000000
vt 0.000000 -5.000000
vt 0.333333 -5.000000
vt 0.666667 -5.000000
vt 1.000000 -5.000000
vt 1.000000 0.000000
vt 0.333333 0.000000
vt 0.666667 0.000000
vt 0.500000 -2.500000
f 2637/2637/2637 2629/2629/2629 2630/2630/2630
f 2637/2637/2637 2630/2630/2630 2631/2631/2631
f 2637/2637/2637 2631/2631/2631 2632/2632/2632
f 2637/2637/2637 2632/2632/2632 2633/2633/2633
f 2637/2637/2637 2633/2633/2633 2634/2634/2634
f 2637/2637/2637 2635/2635/2635 2629/2629/2629
f 2637/2637/2637 2636/2636/2636 2635/2635/2635
f 2637/2637/2637 2634/2634/2634 2636/2636/2636
v 12.628906 -30.673828 0.000000
v 12.628906 -30.673828 5.000000
v 12.620660 -30.594400 5.000000
v 12.601890 -30.539610 5.000000
v 12.581208 -30.504805 5.000000
v 12.554688 -30.474609 5.000000
v 12.554688 -30.474609 0.000000
v 12.620660 -30.594400 0.000000
v 12.601890 -30.539610 0.000000
v 12.581208 -30.504805 0.000000
v 12.610352 -30.559570 2.500000
vn -1.000000 0.000000 0.000000
vn -1.000000 0.000000 0.000000
vn -0.975360 -0.220617 0.000000
vn -0.902002 -0.431731 0.000000
vn -0.809156 -0.587594 0.000000
vn -0.687745 -0.725953 0.000000
vn -0.687745 -0.725953 0.000000
vn -0.975360 -0.220617 0.000000
vn -0.902002 -0.431731 0.000000
vn -0.809156 -0.587594 0.000000
vn -0.937082 -0.349109 0.000000
vt 0.000000 0.000000
vt 0.000000 -5.000000
vt 0.333333 -5.000000
vt 0.603333 -5.000000
vt 0.801667 -5.000000
vt 1.000000 -5.000000
vt 1.000000 0.000000
vt 0.333333 0.000000
vt 0.603333 0.000000
vt 0.801667 0.000000
vt 0.500000 -2.500000
f 2648/2648/2648 2638/2638/2638 2639/2639/2639
f 2648/2648/2648 2639/2639/2639 2640/2640/2640
f 2648/2648/2648 2640/2640/2640 2641/2641/2641
f 2648/2648/2648 2641/2641/2641 2642/2642/2642
f 2648/2648/2648 2642/2642/2642 2643/2643/2643
f 2648/2648/2648 2643/2643/2643 2644/2644/2644
f 2648/2648/2648 2645/2645/2645 2638/2638/2638
f 2648/2648/2648 2646/2646/2646 2645/2645/2645
f 2648/2648/2648 2647/2647/2647 2646/2646/2646
f 2648/2648/2648 2644/2644/2644 2647/2647/2647
v 12.554688 -30.474609 0.000000
v 12.554688 -30.474609 5.000000
v 12.463542 -30.385201 5.000000
v 12.361979 -30.314888 5.000000
v 12.250000 -30.263672 5.000000
v 12.250000 -30.263672 0.000000
v 12.463542 -30.385201 0.000000
v 12.361979 -30.314888 0.000000
v 12.414062 -30.347656 2.500000
vn -0.755033 -0.655687 0.000000
vn -0.755033 -0.655687 0.000000
vn -0.638135 -0.769924 0.000000
vn -0.494616 -0.869111 0.000000
vn -0.335010 -0.942215 0.000000
vn -0.335010 -0.942215 0.000000
vn -0.638135 -0.769924 0.000000
vn -0.494616 -0.869111 0.000000
vn -0.569210 -0.822192 0.000000
vt 0.000000 0.000000
vt 0.000000 -5.000000
vt 0.333333 -5.000000
vt 0.666667 -5.000000
vt 1.000000 -5.000000
vt 1.000000 0.000000
vt 0.333333 0.000000
vt 0.666667 0.000000
vt 0.500000 -2.500000
f 2657/2657/2657 2649/2649/2649 2650/2650/2650
f 2657/2657/2657 2650/2650/2650 2651/2651/2651
f 2657/2657/2657 2651/2651/2651 2652/2652/2652
f 2657/2657/2657 2652/2652/2652 2653/2653/2653
f 2657/2657/2657 2653/2653/2653 2654/2654/2654
f 2657/2657/2657 2655/2655/2655 2649/2649/2649
f 2657/2657/2657 2656/2656/2656 2655/2655/2655
f 2657/2657/2657 2654/2654/2654 2656/2656/2656
v 12.250000 -30.263672 0.000000
v 12.250000 -30.263672 5.000000
v 11.802734 -30.160156 5.000000
v 11.802734 -30.160156 0.000000
v 12.050293 -30.206543 2.500000
vn -0.335010 -0.942215 0.000000
vn -0.335010 -0.942215 0.000000
vn -0.149384 -0.988779 0.000000
vn -0.149384 -0.988779 0.000000
vn -0.225481 -0.974248 0.000000
vt 0.000000 0.000000
vt 0.000000 -5.000000
vt 1.000000 -5.000000
vt 1.000000 0.000000
vt 0.500000 -2.500000
f 2662/2662/2662 2658/2658/2658 2659/2659/2659
f 2662/2662/2662 2659/2659/2659 2660/2660/2660
f 2662/2662/2662 2660/2660/2660 2661/2661/2661
f 2662/2662/2662 2661/2661/2661 2658/2658/2658
v 11.802734 -30.160156 0.000000
v 11.802734 -30.160156 5.000000
v 11.394531 -30.080078 5.000000
v 11.394531 -30.080078 0.000000
v 11.564941 -30.119629 2.500000
vn -0.149384 -0.988779 0.000000
vn -0.149384 -0.988779 0.000000
vn -0.274721 -0.961524 0.000000
vn -0.274721 -0.961524 0.000000
vn -0.192503 -0.981296 0.000000
vt 0.000000 0.000000
vt 0.000000 -5.000000
vt 1.000000 -5.000000
vt 1.000000 0.000000
vt 0.500000 -2.500000
f 2667/2667/2667 2663/2663/2663 2664/2664/2664
f 2667/2667/2667 2664/2664/2664 2665/2665/2665
f 2667/2667/2667 2665/2665/2665 2666/2666/2666
f 2667/2667/2667 2666/2666/2666 2663/2663/2663
v 11.394531 -30.080078 0.000000
v 11.394531 -30.080078 5.000000
v 11.136815 -29.982857 5.000000
v 10.989065 -29.904459 5.000000
v 10.851562 -29.812500 5.000000
v 10.851562 -29.812500 0.000000
v 11.136815 -29.982857 0.000000
v 10.989065 -29.904459 0.000000
v 11.106445 -29.968262 2.500000
vn -0.282832 -0.959169 0.000000
vn -0.282832 -0.959169 0.000000
vn -0.424214 -0.905562 0.000000
vn -0.512734 -0.858548 0.000000
vn -0.597895 -0.801574 0.000000
vn -0.597895 -0.801574 0.000000
vn -0.424214 -0.905562 0.000000
vn -0.512734 -0.858548 0.000000
vn -0.442044 -0.896994 0.000000
vt 0.000000 0.000000
vt 0.000000 -5.000000
vt 0.444444 -5.000000
vt 0.722222 -5.000000
vt 1.000000 -5.000000
vt 1.000000 0.000000
vt 0.444444 0.000000
vt 0.722222 0.000000
vt 0.500000 -2.500000
f 2676/2676/2676 2668/2668/2668 2669/2669/2669
f 2676/2676/2676 2669/2669/2669 2670/2670/2670
f 2676/2676/2676 2670/2670/2670 2671/2671/2671
f 2676/2676/2676 2671/2671/2671 2672/2672/2672
f 2676/2676/2676 2672/2672/2672 2673/2673/2673
f 2676/2676/2676 2674/2674/2674 2668/2668/2668
f 2676/2676/2676 2675/2675/2675 2674/2674/2674
f 2676/2676/2676 2673/2673/2673 2675/2675/2675
v 10.851562 -29.812500 0.000000
v 10.851562 -29.812500 5.000000
v 10.710070 -29.685112 5.000000
v 10.603298 -29.539930 5.000000
v 10.531250 -29.376953 5.000000
v 10.531250 -29.376953 0.000000
v 10.710070 -29.685112 0.000000
v 10.603298 -29.539930 0.000000
v 10.652344 -29.614746 2.500000
vn -0.597895 -0.801574 0.000000
vn -0.597895 -0.801574 0.000000
vn -0.739301 -0.673376 0.000000
vn -0.864925 -0.501900 0.000000
vn -0.952926 -0.303204 0.000000
vn -0.952926 -0.303204 0.000000
vn -0.739301 -0.673376 0.000000
vn -0.864925 -0.501900 0.000000
vn -0.805600 -0.592459 0.000000
vt 0.000000 0.000000
vt 0.000000 -5.000000
vt 0.333333 -5.000000
vt 0.666667 -5.000000
vt 1.000000 -5.000000
vt 1.000000 0.000000
vt 0.333333 0.000000
vt 0.666667 0.000000
vt 0.500000 -2.500000
f 2685/2685/2685 2677/2677/2677 2678/2678/2678
f 2685/2685/2685 2678/2678/2678 2679/2679/2679
f 2685/2685/2685 2679/2679/2679 2680/2680/2680
f 2685/2685/2685 2680/2680/2680 2681/2681/2681
f 2685/2685/2685 2681/2681/2681 2682/2682/2682
f 2685/2685/2685 2683/2683/2683 2677/2677/2677
f 2685/2685/2685 2684/2684/2684 2683/2683/2683
f 2685/2685/2685 2682/2682/2682 2684/2684/2684
v 10.531250 -29.376953 0.000000
v 10.531250 -29.376953 5.000000
v 10.501953 -29.235352 5.000000
v 10.492188 -29.099609 5.000000
v 10.492188 -29.099609 0.000000
v 10.501953 -29.235352 0.000000
v 10.501953 -29.235352 2.500000
vn -0.965363 -0.260909 0.000000
vn -0.965363 -0.260909 0.000000
vn -0.990227 -0.139469 0.000000
vn -1.000000 0.000000 0.000000
vn -1.000000 0.000000 0.000000
vn -0.990227 -0.139469 0.000000
vn -0.990227 -0.139469 0.000000
vt 0.000000 0.000000
vt 0.000000 -5.000000
vt 0.500000 -5.000000
vt 1.000000 -5.000000
vt 1.000000 0.000000
vt 0.500000 0.000000
vt 0.500000 -2.500000
f 2692/2692/2692 2686/2686/2686 2687/2687/2687
f 2692/2692/2692 2687/2687/2687 2688/2688/2688
f 2692/2692/2692 2688/2688/2688 2689/2689/2689
f 2692/2692/2692 2689/2689/2689 2690/2690/2690
f 2692/2692/2692 2691/2691/2691 2686/2686/2686
f 2692/2692/2692 2690/2690/2690 2691/2691/2691
v 10.492188 -29.099609 0.000000
v 10.492188 -29.099609 5.000000
v 10.503255 -28.948784 5.000000
v 10.536458 -28.803602 5.000000
v 10.591797 -28.664062 5.000000
v 10.591797 -28.664062 0.000000
v 10.503255 -28.948784 0.000000
v 10.536458 -28.803602 0.000000
v 10.517090 -28.875488 2.500000
vn -1.000000 0.000000 0.000000
vn -1.000000 0.000000 0.000000
vn -0.989000 0.147915 0.000000
vn -0.954893 0.296949 0.000000
vn -0.899508 0.436904 0.000000
vn -0.899508 0.436904 0.000000
vn -0.989000 0.147915 0.000000
vn -0.954893 0.296949 0.000000
vn -0.974831 0.222943 0.000000
vt 0.000000 0.000000
vt 0.000000 -5.000000
vt 0.333333 -5.000000
vt 0.666667 -5.000000
vt 1.000000 -5.000000
vt 1.000000 0.000000
vt 0.333333 0.000000
vt 0.666667 0.000000
vt 0.500000 -2.500000
f 2701/2701/2701 2693/2693/2693 2694/2694/2694
f 2701/2701/2701 2694/2694/2694 2695/2695/2695
f 2701/2701/2701 2695/2695/2695 2696/2696/2696
f 2701/2701/2701 2696/2696/2696 2697/2697/2697
f 2701/2701/2701 2697/2697/2697 2698/2698/2698
f 2701/2701/2701 2699/2699/2699 2693/2693/2693
f 2701/2701/2701 2700/2700/2700 2699/2699/2699
f 2701/2701/2701 2698/2698/2698 2700/2700/2700
v 10.591797 -28.664062 0.000000
v 10.591797 -28.664062 5.000000
v 10.666667 -28.535807 5.000000
v 10.758464 -28.424479 5.000000
v 10.867188 -28.330078 5.000000
v 10.867188 -28.330078 0.000000
v 10.666667 -28.535807 0.000000
v 10.758464 -28.424479 0.000000
v 10.710449 -28.478027 2.500000
vn -0.899508 0.436904 0.000000
vn -0.899508 0.436904 0.000000
vn -0.820905 0.571064 0.000000
vn -0.716113 0.697984 0.000000
vn -0.591364 0.806405 0.000000
vn -0.591364 0.806405 0.000000
vn -0.820905 0.571064 0.000000
vn -0.716113 0.697984 0.000000
vn -0.771539 0.636182 0.000000
vt 0.000000 0.000000
vt 0.000000 -5.000000
vt 0.333333 -5.000000
vt 0.666667 -5.000000
vt 1.000000 -5.000000
vt 1.000000 0.000000
vt 0.333333 0.000000
vt 0.666667 0.000000
vt 0.500000 -2.500000
f 2710/2710/2710 2702/2702/2702 2703/2703/2703
f 2710/2710/2710 2703/2703/2703 2704/2704/2704
f 2710/2710/2710 2704/2704/2704 2705/2705/2705
f 2710/2710/2710 2705/2705/2705 2706/2706/2706
f 2710/2710/2710 2706/2706/2706 2707/2707/2707
f 2710/2710/2710 2708/2708/2708 2702/2702/2702
f 2710/2710/2710 2709/2709/2709 2708/2708/2708
f 2710/2710/2710 2707/2707/2707 2709/2709/2709
v 10.867188 -28.330078 0.000000
v 10.867188 -28.330078 5.000000
v 11.054688 -28.215881 5.000000
v 11.185981 -28.159004 5.000000
v 11.328125 -28.113281 5.000000
v 11.328125 -28.113281 0.000000
v 11.054688 -28.215881 0.000000
v 11.185981 -28.159004 0.000000
v 11.080078 -28.203613 2.500000
vn -0.594843 0.803842 0.000000
vn -0.594843 0.803842 0.000000
vn -0.444466 0.895796 0.000000
vn -0.351304 0.936261 0.000000
vn -0.262517 0.964927 0.000000
vn -0.262517 0.964927 0.000000
vn -0.444466 0.895796 0.000000
vn -0.351304 0.936261 0.000000
vn -0.425612 0.904906 0.000000
vt 0.000000 0.000000
vt 0.000000 -5.000000
vt 0.444444 -5.000000
vt 0.722222 -5.000000
vt 1.000000 -5.000000
vt 1.000000 0.000000
vt 0.444444 0.000000
vt 0.722222 0.000000
vt 0.500000 -2.500000
f 2719/2719/2719 2711/2711/2711 2712/2712/2712
f 2719/2719/2719 2712/2712/2712 2713/2713/2713
f 2719/2719/2719 2713/2713/2713 2714/2714/2714
f 2719/2719/2719 2714/2714/2714 2715/2715/2715
f 2719/2719/2719 2715/2715/2715 2716/2716/2716
f 2719/2719/2719 2717/2717/2717 2711/2711/2711
f 2719/2719/2719 2718/2718/2718 2717/2717/2717
f 2719/2719/2719 2716/2716/2716 2718/2718/2718
v 11.328125 -28.113281 0.000000
v 11.328125 -28.113281 5.000000
v 11.595703 -28.059082 5.000000
v 11.867188 -28.041016 5.000000
v 11.867188 -28.041016 0.000000
v 11.595703 -28.059082 0.000000
v 11.595703 -28.059082 2.500000
vn -0.262517 0.964927 0.000000
vn -0.262517 0.964927 0.000000
vn -0.132869 0.991134 0.000000
vn 0.000000 1.000000 0.000000
vn 0.000000 1.000000 0.000000
vn -0.132869 0.991134 0.000000
vn -0.132869 0.991134 0.000000
vt 0.000000 0.000000
vt 0.000000 -5.000000
vt 0.500000 -5.000000
vt 1.000000 -5.000000
vt 1.000000 0.000000
vt 0.500000 0.000000
vt 0.500000 -2.500000
f 2726/2726/2726 2720/2720/2720 2721/2721/2721
f 2726/2726/2726 2721/2721/2721 2722/2722/2722
f 2726/2726/2726 2722/2722/2722 2723/2723/2723
f 2726/2726/2726 2723/2723/2723 2724/2724/2724
f 2726/2726/2726 2725/2725/2725 2720/2720/2720
f 2726/2726/2726 2724/2724/2724 2725/2725/2725
v 11.867188 -28.041016 0.000000
v 11.867188 -28.041016 5.000000
v 12.263454 -28.071398 5.000000
v 12.639757 -28.162544 5.000000
v 12.996094 -28.314453 5.000000
v 12.996094 -28.314453 0.000000
v 12.263454 -28.071398 0.000000
v 12.639757 -28.162544 0.000000
v 12.454102 -28.109375 2.500000
vn 0.000000 1.000000 0.000000
vn 0.000000 1.000000 0.000000
vn 0.155393 0.987853 -0.000000
vn 0.314878 0.949132 -0.000000
vn 0.465746 0.884918 -0.000000
vn 0.465746 0.884918 -0.000000
vn 0.155393 0.987853 -0.000000
vn 0.314878 0.949132 -0.000000
vn 0.235408 0.971897 -0.000000
vt 0.000000 0.000000
vt 0.000000 -5.000000
vt 0.333333 -5.000000
vt 0.666667 -5.000000
vt 1.000000 -5.000000
vt 1.000000 0.000000
vt 0.333333 0.000000
vt 0.666667 0.000000
vt 0.500000 -2.500000
f 2735/2735/2735 2727/2727/2727 2728/2728/2728
f 2735/2735/2735 2728/2728/2728 2729/2729/2729
f 2735/2735/2735 2729/2729/2729 2730/2730/2730
f 2735/2735/2735 2730/2730/2730 2731/2731/2731
f 2735/2735/2735 2731/2731/2731 2732/2732/2732
f 2735/2735/2735 2733/2733/2733 2727/2727/2727
f 2735/2735/2735 2734/2734/2734 2733/2733/2733
f 2735/2735/2735 2732/2732/2732 2734/2734/2734
v 12.996094 -28.314453 0.000000
v 12.996094 -28.314453 5.000000
v 12.996094 -29.072266 5.000000
v 12.996094 -29.072266 0.000000
vn 1.000000 0.000000 0.000000
vn 1.000000 0.000000 0.000000
vn 1.000000 0.000000 0.000000
vn 1.000000 0.000000 0.000000
vt 0.000000 0.000000
vt 0.000000 -5.000000
vt 0.757812 -5.000000
vt 0.757812 0.000000
f 2739/2739/2739 2736/2736/2736 2737/2737/2737
f 2739/2739/2739 2737/2737/2737 2738/2738/2738
v 12.996094 -29.072266 0.000000
v 12.996094 -29.072266 5.000000
v 12.769531 -28.978516 5.000000
v 12.769531 -28.978516 0.000000
v 12.904297 -29.035156 2.500000
vn -0.362446 -0.932005 0.000000
vn -0.362446 -0.932005 0.000000
vn -0.391141 -0.920331 0.000000
vn -0.391141 -0.920331 0.000000
vn -0.382352 -0.924017 0.000000
vt 0.000000 0.000000
vt 0.000000 -5.000000
vt 1.000000 -5.000000
vt 1.000000 0.000000
vt 0.500000 -2.500000
f 2744/2744/2744 2740/2740/2740 2741/2741/2741
f 2744/2744/2744 2741/2741/2741 2742/2742/2742
f 2744/2744/2744 2742/2742/2742 2743/2743/2743
f 2744/2744/2744 2743/2743/2743 2740/2740/2740
v 12.769531 -28.978516 0.000000
v 12.769531 -28.978516 5.000000
v 12.531250 -28.880859 5.000000
v 12.531250 -28.880859 0.000000
v 12.631836 -28.920898 2.500000
vn -0.391141 -0.920331 0.000000
vn -0.391141 -0.920331 0.000000
vn -0.355995 -0.934488 0.000000
vn -0.355995 -0.934488 0.000000
vn -0.379223 -0.925305 0.000000
vt 0.000000 0.000000
vt 0.000000 -5.000000
vt 1.000000 -5.000000
vt 1.000000 0.000000
vt 0.500000 -2.500000
f 2749/2749/2749 2745/2745/2745 2746/2746/2746
f 2749/2749/2749 2746/2746/2746 2747/2747/2747
f 2749/2749/2749 2747/2747/2747 2748/2748/2748
f 2749/2749/2749 2748/2748/2748 2745/2745/2745
v 12.531250 -28.880859 0.000000
v 12.531250 -28.880859 5.000000
v 12.140625 -28.757812 5.000000
v 12.140625 -28.757812 0.000000
v 12.328125 -28.811035 2.500000
vn -0.347314 -0.937749 0.000000
vn -0.347314 -0.937749 0.000000
vn -0.242536 -0.970142 0.000000
vn -0.242536 -0.970142 0.000000
vn -0.300447 -0.953799 0.000000
vt 0.000000 0.000000
vt 0.000000 -5.000000
vt 1.000000 -5.000000
vt 1.000000 0.000000
vt 0.500000 -2.500000
f 2754/2754/2754 2750/2750/2750 2751/2751/2751
f 2754/2754/2754 2751/2751/2751 2752/2752/2752
f 2754/2754/2754 2752/2752/2752 2753/2753/2753
f 2754/2754/2754 2753/2753/2753 2750/2750/2750
v 12.140625 -28.757812 0.000000
v 12.140625 -28.757812 5.000000
v 11.796875 -28.712891 5.000000
v 11.796875 -28.712891 0.000000
v 11.964844 -28.724121 2.500000
vn -0.242536 -0.970142 0.000000
vn -0.242536 -0.970142 0.000000
vn 0.000000 -1.000000 0.000000
vn 0.000000 -1.000000 0.000000
vn -0.129580 -0.991569 0.000000
vt 0.000000 0.000000
vt 0.000000 -5.000000
vt 1.000000 -5.000000
vt 1.000000 0.000000
vt 0.500000 -2.500000
f 2759/2759/2759 2755/2755/2755 2756/2756/2756
f 2759/2759/2759 2756/2756/2756 2757/2757/2757
f 2759/2759/2759 2757/2757/2757 2758/2758/2758
f 2759/2759/2759 2758/2758/2758 2755/2755/2755
v 11.796875 -28.712891 0.000000
v 11.796875 -28.712891 5.000000
v 11.654948 -28.722874 5.000000
v 11.526042 -28.752821 5.000000
v 11.410156 -28.802734 5.000000
v 11.410156 -28.802734 0.000000
v 11.654948 -28.722874 0.000000
v 11.526042 -28.752821 0.000000
v 11.588867 -28.735352 2.500000
vn 0.000000 -1.000000 0.000000
vn 0.000000 -1.000000 0.000000
vn 0.145859 -0.989305 0.000000
vn 0.310153 -0.950687 0.000000
vn 0.480315 -0.877096 0.000000
vn 0.480315 -0.877096 0.000000
vn 0.145859 -0.989305 0.000000
vn 0.310153 -0.950687 0.000000
vn 0.226296 -0.974059 0.000000
vt 0.000000 0.000000
vt 0.000000 -5.000000
vt 0.333333 -5.000000
vt 0.666667 -5.000000
vt 1.000000 -5.000000
vt 1.000000 0.000000
vt 0.333333 0.000000
vt 0.666667 0.000000
vt 0.500000 -2.500000
f 2768/2768/2768 2760/2760/2760 2761/2761/2761
f 2768/2768/2768 2761/2761/2761 2762/2762/2762
f 2768/2768/2768 2762/2762/2762 2763/2763/2763
f 2768/2768/2768 2763/2763/2763 2764/2764/2764
f 2768/2768/2768 2764/2764/2764 2765/2765/2765
f 2768/2768/2768 2766/2766/2766 2760/2760/2760
f 2768/2768/2768 2767/2767/2767 2766/2766/2766
f 2768/2768/2768 2765/2765/2765 2767/2767/2767
v 11.410156 -28.802734 0.000000
v 11.410156 -28.802734 5.000000
v 11.345727 -28.849802 5.000000
v 11.310553 -28.884705 5.000000
v 11.279297 -28.923828 5.000000
v 11.279297 -28.923828 0.000000
v 11.345727 -28.849802 0.000000
v 11.310553 -28.884705 0.000000
v 11.338379 -28.856445 2.500000
vn 0.514496 -0.857493 0.000000
vn 0.514496 -0.857493 0.000000
vn 0.661944 -0.749554 0.000000
vn 0.744258 -0.667893 0.000000
vn 0.815180 -0.579207 0.000000
vn 0.815180 -0.579207 0.000000
vn 0.661944 -0.749554 0.000000
vn 0.744258 -0.667893 0.000000
vn 0.679190 -0.733963 0.000000
vt 0.000000 0.000000
vt 0.000000 -5.000000
vt 0.444444 -5.000000
vt 0.722222 -5.000000
vt 1.000000 -5.000000
vt 1.000000 0.000000
vt 0.444444 0.000000
vt 0.722222 0.000000
vt 0.500000 -2.500000
f 2777/2777/2777 2769/2769/2769 2770/2770/2770
f 2777/2777/2777 2770/2770/2770 2771/2771/2771
f 2777/2777/2777 2771/2771/2771 2772/2772/2772
f 2777/2777/2777 2772/2772/2772 2773/2773/2773
f 2777/2777/2777 2773/2773/2773 2774/2774/2774
f 2777/2777/2777 2775/2775/2775 2769/2769/2769
f 2777/2777/2777 2776/2776/2776 2775/2775/2775
f 2777/2777/2777 2774/2774/2774 2776/2776/2776
v 11.279297 -28.923828 0.000000
v 11.279297 -28.923828 5.000000
v 11.250000 -28.972439 5.000000
v 11.232422 -29.019314 5.000000
v 11.226562 -29.064453 5.000000
v 11.226562 -29.064453 0.000000
v 11.250000 -28.972439 0.000000
v 11.232422 -29.019314 0.000000
v 11.239746 -28.996094 2.500000
vn 0.815180 -0.579207 0.000000
vn 0.815180 -0.579207 0.000000
vn 0.897668 -0.440673 0.000000
vn 0.969057 -0.246835 0.000000
vn 1.000000 0.000000 -0.000000
vn 1.000000 0.000000 -0.000000
vn 0.897668 -0.440673 0.000000
vn 0.969057 -0.246835 0.000000
vn 0.936329 -0.351123 0.000000
vt 0.000000 0.000000
vt 0.000000 -5.000000
vt 0.333333 -5.000000
vt 0.666667 -5.000000
vt 1.000000 -5.000000
vt 1.000000 0.000000
vt 0.333333 0.000000
vt 0.666667 0.000000
vt 0.500000 -2.500000
f 2786/2786/2786 2778/2778/2778 2779/2779/2779
f 2786/2786/2786 2779/2779/2779 2780/2780/2780
f 2786/2786/2786 2780/2780/2780 2781/2781/2781
f 2786/2786/2786 2781/2781/2781 2782/2782/2782
f 2786/2786/2786 2782/2782/2782 2783/2783/2783
f 2786/2786/2786 2784/2784/2784 2778/2778/2778
f 2786/2786/2786 2785/2785/2785 2784/2784/2784
f 2786/2786/2786 2783/2783/2783 2785/2785/2785
v 11.226562 -29.064453 0.000000
v 11.226562 -29.064453 5.000000
v 11.230469 -29.105686 5.000000
v 11.240664 -29.137600 5.000000
v 11.250010 -29.154680 5.000000
v 11.261719 -29.169922 5.000000
v 11.261719 -29.169922 0.000000
v 11.230469 -29.105686 0.000000
v 11.240664 -29.137600 0.000000
v 11.250010 -29.154680 0.000000
v 11.235352 -29.124023 2.500000
vn 1.000000 0.000000 -0.000000
vn 1.000000 0.000000 -0.000000
vn 0.979715 0.200396 -0.000000
vn 0.910697 0.413075 -0.000000
vn 0.837906 0.545815 -0.000000
vn 0.743294 0.668965 -0.000000
vn 0.743294 0.668965 -0.000000
vn 0.979715 0.200396 -0.000000
vn 0.910697 0.413075 -0.000000
vn 0.837906 0.545815 -0.000000
vn 0.948683 0.316228 -0.000000
vt 0.000000 0.000000
vt 0.000000 -5.000000
vt 0.333333 -5.000000
vt 0.633333 -5.000000
vt 0.816667 -5.000000
vt 1.000000 -5.000000
vt 1.000000 0.000000
vt 0.333333 0.000000
vt 0.633333 0.000000
vt 0.816667 0.000000
vt 0.500000 -2.500000
f 2797/2797/2797 2787/2787/2787 2788/2788/2788
f 2797/2797/2797 2788/2788/2788 2789/2789/2789
f 2797/2797/2797 2789/2789/2789 2790/2790/2790
f 2797/2797/2797 2790/2790/2790 2791/2791/2791
f 2797/2797/2797 2791/2791/2791 2792/2792/2792
f 2797/2797/2797 2792/2792/2792 2793/2793/2793
f 2797/2797/2797 2794/2794/2794 2787/2787/2787
f 2797/2797/2797 2795/2795/2795 2794/2794/2794
f 2797/2797/2797 2796/2796/2796 2795/2795/2795
f 2797/2797/2797 2793/2793/2793 2796/2796/2796
v 11.261719 -29.169922 0.000000
v 11.261719 -29.169922 5.000000
v 11.355062 -29.270805 5.000000
v 11.475623 -29.353235 5.000000
v 11.632746 -29.420336 5.000000
v 11.820312 -29.466797 5.000000
v 11.820312 -29.466797 0.000000
v 11.355062 -29.270805 0.000000
v 11.475623 -29.353235 0.000000
v 11.632746 -29.420336 0.000000
v 11.483398 -29.357422 2.500000
vn 0.809942 0.586510 -0.000000
vn 0.809942 0.586510 -0.000000
vn 0.650723 0.759316 -0.000000
vn 0.478953 0.877841 -0.000000
vn 0.312916 0.949781 -0.000000
vn 0.175453 0.984488 -0.000000
vn 0.175453 0.984488 -0.000000
vn 0.650723 0.759316 -0.000000
vn 0.478953 0.877841 -0.000000
vn 0.312916 0.949781 -0.000000
vn 0.469306 0.883036 -0.000000
vt 0.000000 0.000000
vt 0.000000 -5.000000
vt 0.243000 -5.000000
vt 0.486000 -5.000000
vt 0.743000 -5.000000
vt 1.000000 -5.000000
vt 1.000000 0.000000
vt 0.243000 0.000000
vt 0.486000 0.000000
vt 0.743000 0.000000
vt 0.500000 -2.500000
f 2808/2808/2808 2798/2798/2798 2799/2799/2799
f 2808/2808/2808 2799/2799/2799 2800/2800/2800
f 2808/2808/2808 2800/2800/2800 2801/2801/2801
f 2808/2808/2808 2801/2801/2801 2802/2802/2802
f 2808/2808/2808 2802/2802/2802 2803/2803/2803
f 2808/2808/2808 2803/2803/2803 2804/2804/2804
f 2808/2808/2808 2805/2805/2805 2798/2798/2798
f 2808/2808/2808 2806/2806/2806 2805/2805/2805
f 2808/2808/2808 2807/2807/2807 2806/2806/2806
f 2808/2808/2808 2804/2804/2804 2807/2807/2807
v 11.820312 -29.466797 0.000000
v 11.820312 -29.466797 5.000000
v 11.962891 -29.488281 5.000000
v 11.962891 -29.488281 0.000000
v 11.887207 -29.478027 2.500000
vn 0.184289 0.982872 -0.000000
vn 0.184289 0.982872 -0.000000
vn 0.121054 0.992646 -0.000000
vn 0.121054 0.992646 -0.000000
vn 0.149003 0.988837 -0.000000
vt 0.000000 0.000000
vt 0.000000 -5.000000
vt 1.000000 -5.000000
vt 1.000000 0.000000
vt 0.500000 -2.500000
f 2813/2813/2813 2809/2809/2809 2810/2810/2810
f 2813/2813/2813 2810/2810/2810 2811/2811/2811
f 2813/2813/2813 2811/2811/2811 2812/2812/2812
f 2813/2813/2813 2812/2812/2812 2809/2809/2809
v 11.962891 -29.488281 0.000000
v 11.962891 -29.488281 5.000000
v 12.148438 -29.513672 5.000000
v 12.148438 -29.513672 0.000000
v 12.049316 -29.499512 2.500000
vn 0.121054 0.992646 -0.000000
vn 0.121054 0.992646 -0.000000
vn 0.146549 0.989203 -0.000000
vn 0.146549 0.989203 -0.000000
vn 0.135579 0.990767 -0.000000
vt 0.000000 0.000000
vt 0.000000 -5.000000
vt 1.000000 -5.000000
vt 1.000000 0.000000
vt 0.500000 -2.500000
f 2818/2818/2818 2814/2814/2814 2815/2815/2815
f 2818/2818/2818 2815/2815/2815 2816/2816/2816
f 2818/2818/2818 2816/2816/2816 2817/2817/2817
f 2818/2818/2818 2817/2817/2817 2814/2814/2814
v 12.148438 -29.513672 0.000000
v 12.148438 -29.513672 5.000000
v 12.468750 -29.568359 5.000000
v 12.468750 -29.568359 0.000000
v 12.337891 -29.542969 2.500000
vn 0.141421 0.989949 -0.000000
vn 0.141421 0.989949 -0.000000
vn 0.224860 0.974391 -0.000000
vn 0.224860 0.974391 -0.000000
vn 0.168296 0.985736 -0.000000
vt 0.000000 0.000000
vt 0.000000 -5.000000
vt 1.000000 -5.000000
vt 1.000000 0.000000
vt 0.500000 -2.500000
f 2823/2823/2823 2819/2819/2819 2820/2820/2820
f 2823/2823/2823 2820/2820/2820 2821/2821/2821
f 2823/2823/2823 2821/2821/2821 2822/2822/2822
f 2823/2823/2823 2822/2822/2822 2819/2819/2819
v 12.468750 -29.568359 0.000000
v 12.468750 -29.568359 5.000000
v 12.687066 -29.648220 5.000000
v 12.888889 -29.757595 5.000000
v 13.074219 -29.896484 5.000000
v 13.074219 -29.896484 0.000000
v 12.687066 -29.648220 0.000000
v 12.888889 -29.757595 0.000000
v 12.790039 -29.699219 2.500000
vn 0.276180 0.961106 -0.000000
vn 0.276180 0.961106 -0.000000
vn 0.410678 0.911780 -0.000000
vn 0.539803 0.841791 -0.000000
vn 0.655353 0.755322 -0.000000
vn 0.655353 0.755322 -0.000000
vn 0.410678 0.911780 -0.000000
vn 0.539803 0.841791 -0.000000
vn 0.476466 0.879193 -0.000000
vt 0.000000 0.000000
vt 0.000000 -5.000000
vt 0.333333 -5.000000
vt 0.666667 -5.000000
vt 1.000000 -5.000000
vt 1.000000 0.000000
vt 0.333333 0.000000
vt 0.666667 0.000000
vt 0.500000 -2.500000
f 2832/2832/2832 2824/2824/2824 2825/2825/2825
f 2832/2832/2832 2825/2825/2825 2826/2826/2826
f 2832/2832/2832 2826/2826/2826 2827/2827/2827
f 2832/2832/2832 2827/2827/2827 2828/2828/2828
f 2832/2832/2832 2828/2828/2828 2829/2829/2829
f 2832/2832/2832 2830/2830/2830 2824/2824/2824
f 2832/2832/2832 2831/2831/2831 2830/2830/2830
f 2832/2832/2832 2829/2829/2829 2831/2831/2831
v 13.074219 -29.896484 0.000000
v 13.074219 -29.896484 5.000000
v 13.226129 -30.059679 5.000000
v 13.319800 -30.222881 5.000000
v 13.356968 -30.330233 5.000000
v 13.378906 -30.443359 5.000000
v 13.378906 -30.443359 0.000000
v 13.226129 -30.059679 0.000000
v 13.319800 -30.222881 0.000000
v 13.356968 -30.330233 0.000000
v 13.283203 -30.148438 2.500000
vn 0.655353 0.755322 -0.000000
vn 0.655353 0.755322 -0.000000
vn 0.806276 0.591539 -0.000000
vn 0.919102 0.394021 -0.000000
vn 0.965894 0.258938 -0.000000
vn 0.992465 0.122527 -0.000000
vn 0.992465 0.122527 -0.000000
vn 0.806276 0.591539 -0.000000
vn 0.919102 0.394021 -0.000000
vn 0.965894 0.258938 -0.000000
vn 0.873568 0.486702 -0.000000
vt 0.000000 0.000000
vt 0.000000 -5.000000
vt 0.333333 -5.000000
vt 0.633333 -5.000000
vt 0.816667 -5.000000
vt 1.000000 -5.000000
vt 1.000000 0.000000
vt 0.333333 0.000000
vt 0.633333 0.000000
vt 0.816667 0.000000
vt 0.500000 -2.500000
f 2843/2843/2843 2833/2833/2833 2834/2834/2834
f 2843/2843/2843 2834/2834/2834 2835/2835/2835
f 2843/2843/2843 2835/2835/2835 2836/2836/2836
f 2843/2843/2843 2836/2836/2836 2837/2837/2837
f 2843/2843/2843 2837/2837/2837 2838/2838/2838
f 2843/2843/2843 2838/2838/2838 2839/2839/2839
f 2843/2843/2843 2840/2840/2840 2833/2833/2833
f 2843/2843/2843 2841/2841/2841 2840/2840/2840
f 2843/2843/2843 2842/2842/2842 2841/2841/2841
f 2843/2843/2843 2839/2839/2839 2842/2842/2842
v 13.378906 -30.443359 0.000000
v 13.378906 -30.443359 5.000000
v 13.328632 -30.912109 5.000000
v 13.228617 -31.182928 5.000000
v 13.104452 -31.362940 5.000000
v 12.974871 -31.479624 5.000000
v 12.820312 -31.568359 5.000000
v 12.820312 -31.568359 0.000000
v 13.328632 -30.912109 0.000000
v 13.228617 -31.182928 0.000000
v 13.104452 -31.362940 0.000000
v 12.974871 -31.479624 0.000000
v 13.239258 -31.162109 2.500000
vn 1.000000 0.000000 -0.000000
vn 1.000000 0.000000 -0.000000
vn 0.971554 -0.236816 0.000000
vn 0.885023 -0.465547 0.000000
vn 0.744707 -0.667391 0.000000
vn 0.585880 -0.810398 0.000000
vn 0.408506 -0.912756 0.000000
vn 0.408506 -0.912756 0.000000
vn 0.971554 -0.236816 0.000000
vn 0.885023 -0.465547 0.000000
vn 0.744707 -0.667391 0.000000
vn 0.585880 -0.810398 0.000000
vn 0.895668 -0.444724 0.000000
vt 0.000000 0.000000
vt 0.000000 -5.000000
vt 0.300000 -5.000000
vt 0.518700 -5.000000
vt 0.700950 -5.000000
vt 0.850475 -5.000000
vt 1.000000 -5.000000
vt 1.000000 0.000000
vt 0.300000 0.000000
vt 0.518700 0.000000
vt 0.700950 0.000000
vt 0.850475 0.000000
vt 0.500000 -2.500000
f 2856/2856/2856 2844/2844/2844 2845/2845/2845
f 2856/2856/2856 2845/2845/2845 2846/2846/2846
f 2856/2856/2856 2846/2846/2846 2847/2847/2847
f 2856/2856/2856 2847/2847/2847 2848/2848/2848
f 2856/2856/2856 2848/2848/2848 2849/2849/2849
f 2856/2856/2856 2849/2849/2849 2850/2850/2850
f 2856/2856/2856 2850/2850/2850 2851/2851/2851
f 2856/2856/2856 2852/2852/2852 2844/2844/2844
f 2856/2856/2856 2853/2853/2853 2852/2852/2852
f 2856/2856/2856 2854/2854/2854 2853/2853/2853
f 2856/2856/2856 2855/2855/2855 2854/2854/2854
f 2856/2856/2856 2851/2851/2851 2855/2855/2855
v 13.378906 -30.443359 0.000000
v 13.328632 -30.912109 0.000000
v 13.228617 -31.182928 0.000000
v 13.104452 -31.362940 0.000000
v 12.974871 -31.479624 0.000000
v 12.820312 -31.568359 0.000000
v 13.074219 -29.896484 0.000000
v 13.226129 -30.059679 0.000000
v 13.319800 -30.222881 0.000000
v 13.356968 -30.330233 0.000000
v 12.468750 -29.568359 0.000000
v 12.687066 -29.648220 0.000000
v 12.888889 -29.757595 0.000000
v 12.148438 -29.513672 0.000000
v 11.962891 -29.488281 0.000000
v 11.820312 -29.466797 0.000000
v 11.261719 -29.169922 0.000000
v 11.355062 -29.270805 0.000000
v 11.475623 -29.353235 0.000000
v 11.632746 -29.420336 0.000000
v 11.226562 -29.064453 0.000000
v 11.230469 -29.105686 0.000000
v 11.240664 -29.137600 0.000000
v 11.250010 -29.154680 0.000000
v 11.279297 -28.923828 0.000000
v 11.250000 -28.972439 0.000000
v 11.232422 -29.019314 0.000000
v 11.410156 -28.802734 0.000000
v 11.345727 -28.849802 0.000000
v 11.310553 -28.884705 0.000000
v 11.796875 -28.712891 0.000000
v 11.654948 -28.722874 0.000000
v 11.526042 -28.752821 0.000000
v 12.140625 -28.757812 0.000000
v 12.531250 -28.880859 0.000000
v 12.769531 -28.978516 0.000000
v 12.996094 -29.072266 0.000000
v 12.996094 -28.314453 0.000000
v 11.867188 -28.041016 0.000000
v 12.263454 -28.071398 0.000000
v 12.639757 -28.162544 0.000000
v 11.328125 -28.113281 0.000000
v 11.595703 -28.059082 0.000000
v 10.867188 -28.330078 0.000000
v 11.054688 -28.215881 0.000000
v 11.185981 -28.159004 0.000000
v 10.591797 -28.664062 0.000000
v 10.666667 -28.535807 0.000000
v 10.758464 -28.424479 0.000000
v 10.492188 -29.099609 0.000000
v 10.503255 -28.948784 0.000000
v 10.536458 -28.803602 0.000000
v 10.531250 -29.376953 0.000000
v 10.501953 -29.235352 0.000000
v 10.851562 -29.812500 0.000000
v 10.710070 -29.685112 0.000000
v 10.603298 -29.539930 0.000000
v 11.394531 -30.080078 0.000000
v 11.136815 -29.982857 0.000000
v 10.989065 -29.904459 0.000000
v 11.802734 -30.160156 0.000000
v 12.250000 -30.263672 0.000000
v 12.554688 -30.474609 0.000000
v 12.463542 -30.385201 0.000000
v 12.361979 -30.314888 0.000000
v 12.628906 -30.673828 0.000000
v 12.620660 -30.594400 0.000000
v 12.601890 -30.539610 0.000000
v 12.581208 -30.504805 0.000000
v 12.613281 -30.779297 0.000000
v 12.621962 -30.751953 0.000000
v 12.627171 -30.716797 0.000000
v 12.195312 -31.056641 0.000000
v 12.344351 -31.024103 0.000000
v 12.445449 -30.974787 0.000000
v 12.523399 -30.910797 0.000000
v 12.572717 -30.850168 0.000000
v 11.980469 -31.072266 0.000000
v 11.058594 -30.873047 0.000000
v 11.468316 -31.010778 0.000000
v 11.724392 -31.056894 0.000000
v 10.798828 -30.771484 0.000000
v 10.546875 -30.673828 0.000000
v 10.546875 -31.427734 0.000000
v 10.570312 -31.458984 0.000000
v 11.867188 -31.751953 0.000000
v 11.393229 -31.719400 0.000000
v 10.960938 -31.621744 0.000000
v 12.535590 -31.670357 0.000000
v 12.217882 -31.731554 0.000000
vn -0.000000 -0.000000 -1.000000
vn -0.000000 -0.000000 -1.000000
vn -0.000000 -0.000000 -1.000000
vn -0.000000 -0.000000 -1.000000
vn -0.000000 -0.000000 -1.000000
vn -0.000000 -0.000000 -1.000000
vn -0.000000 -0.000000 -1.000000
vn -0.000000 -0.000000 -1.000000
vn -0.000000 -0.000000 -1.000000
vn -0.000000 -0.000000 -1.000000
vn -0.000000 -0.000000 -1.000000
vn -0.000000 -0.000000 -1.000000
vn -0.000000 -0.000000 -1.000000
vn -0.000000 -0.000000 -1.000000
vn -0.000000 -0.000000 -1.000000
vn -0.000000 -0.000000 -1.000000
vn -0.000000 -0.000000 -1.000000
vn -0.000000 -0.000000 -1.000000
vn -0.000000 -0.000000 -1.000000
vn -0.000000 -0.000000 -1.000000
vn -0.000000 -0.000000 -1.000000
vn -0.000000 -0.000000 -1.000000
vn -0.000000 -0.000000 -1.000000
vn -0.000000 -0.000000 -1.000000
vn -0.000000 -0.000000 -1.000000
vn -0.000000 -0.000000 -1.000000
vn -0.000000 -0.000000 -1.000000
vn -0.000000 -0.000000 -1.000000
vn -0.000000 -0.000000 -1.000000
vn -0.000000 -0.000000 -1.000000
vn -0.000000 -0.000000 -1.000000
vn -0.000000 -0.000000 -1.000000
vn -0.000000 -0.000000 -1.000000
vn -0.000000 -0.000000 -1.000000
vn -0.000000 -0.000000 -1.000000
vn -0.000000 -0.000000 -1.000000
vn -0.000000 -0.000000 -1.000000
vn -0.000000 -0.000000 -1.000000
vn -0.000000 -0.000000 -1.000000
vn -0.000000 -0.000000 -1.000000
vn -0.000000 -0.000000 -1.000000
vn -0.000000 -0.000000 -1.000000
vn -0.000000 -0.000000 -1.000000
vn -0.000000 -0.000000 -1.000000
vn -0.000000 -0.000000 -1.000000
vn -0.000000 -0.000000 -1.000000
vn -0.000000 -0.000000 -1.000000
vn -0.000000 -0.000000 -1.000000
vn -0.000000 -0.000000 -1.000000
vn -0.000000 -0.000000 -1.000000
vn -0.000000 -0.000000 -1.000000
vn -0.000000 -0.000000 -1.000000
vn -0.000000 -0.000000 -1.000000
vn -0.000000 -0.000000 -1.000000
vn -0.000000 -0.000000 -1.000000
vn -0.000000 -0.000000 -1.000000
vn -0.000000 -0.000000 -1.000000
vn -0.000000 -0.000000 -1.000000
vn -0.000000 -0.000000 -1.000000
vn -0.000000 -0.000000 -1.000000
vn -0.000000 -0.000000 -1.000000
vn -0.000000 -0.000000 -1.000000
vn -0.000000 -0.000000 -1.000000
vn -0.000000 -0.000000 -1.000000
vn -0.000000 -0.000000 -1.000000
vn -0.000000 -0.000000 -1.000000
vn -0.000000 -0.000000 -1.000000
vn -0.000000 -0.000000 -1.000000
vn -0.000000 -0.000000 -1.000000
vn -0.000000 -0.000000 -1.000000
vn -0.000000 -0.000000 -1.000000
vn -0.000000 -0.000000 -1.000000
vn -0.000000 -0.000000 -1.000000
vn -0.000000 -0.000000 -1.000000
vn -0.000000 -0.000000 -1.000000
vn -0.000000 -0.000000 -1.000000
vn -0.000000 -0.000000 -1.000000
vn -0.000000 -0.000000 -1.000000
vn -0.000000 -0.000000 -1.000000
vn -0.000000 -0.000000 -1.000000
vn -0.000000 -0.000000 -1.000000
vn -0.000000 -0.000000 -1.000000
vn -0.000000 -0.000000 -1.000000
vn -0.000000 -0.000000 -1.000000
vn -0.000000 -0.000000 -1.000000
vn -0.000000 -0.000000 -1.000000
vn -0.000000 -0.000000 -1.000000
vn -0.000000 -0.000000 -1.000000
vn -0.000000 -0.000000 -1.000000
vn -0.000000 -0.000000 -1.000000
vt 3.207031 1.230469
vt 3.156758 0.761719
vt 3.056742 0.490900
vt 2.932577 0.310888
vt 2.802996 0.194205
vt 2.648438 0.105469
vt 2.902344 1.777344
vt 3.054254 1.614149
vt 3.147925 1.450946
vt 3.185093 1.343596
vt 2.296875 2.105469
vt 2.515191 2.025608
vt 2.717014 1.916233
vt 1.976562 2.160156
vt 1.791016 2.185547
vt 1.648438 2.207031
vt 1.089844 2.503906
vt 1.183187 2.403023
vt 1.303748 2.320593
vt 1.460871 2.253492
vt 1.054688 2.609375
vt 1.058594 2.568142
vt 1.068789 2.536228
vt 1.078135 2.519148
vt 1.107422 2.750000
vt 1.078125 2.701389
vt 1.060547 2.654514
vt 1.238281 2.871094
vt 1.173852 2.824026
vt 1.138678 2.789123
vt 1.625000 2.960938
vt 1.483073 2.950955
vt 1.354167 2.921007
vt 1.968750 2.916016
vt 2.359375 2.792969
vt 2.597656 2.695312
vt 2.824219 2.601562
vt 2.824219 3.359375
vt 1.695312 3.632812
vt 2.091580 3.602431
vt 2.467882 3.511285
vt 1.156250 3.560547
vt 1.423828 3.614746
vt 0.695312 3.343750
vt 0.882812 3.457947
vt 1.014106 3.514823
vt 0.419922 3.009766
vt 0.494792 3.138021
vt 0.586589 3.249349
vt 0.320312 2.574219
vt 0.331380 2.725043
vt 0.364583 2.870226
vt 0.359375 2.296875
vt 0.330078 2.438477
vt 0.679688 1.861328
vt 0.538194 1.988715
vt 0.431424 2.133898
vt 1.222656 1.593750
vt 0.964940 1.690972
vt 0.817190 1.769369
vt 1.630859 1.513672
vt 2.078125 1.410156
vt 2.382812 1.199219
vt 2.291667 1.288628
vt 2.190104 1.358941
vt 2.457031 1.000000
vt 2.448785 1.079427
vt 2.430015 1.134218
vt 2.409333 1.169023
vt 2.441406 0.894531
vt 2.450087 0.921875
vt 2.455295 0.957031
vt 2.023438 0.617188
vt 2.172475 0.649725
vt 2.273574 0.699042
vt 2.351524 0.763031
vt 2.400842 0.823659
vt 1.808594 0.601562
vt 0.886719 0.800781
vt 1.296441 0.663050
vt 1.552517 0.616934
vt 0.626953 0.902344
vt 0.375000 1.000000
vt 0.375000 0.246094
vt 0.398438 0.214844
vt 1.695312 -0.078125
vt 1.221354 -0.045573
vt 0.789062 0.052083
vt 2.363715 0.003472
vt 2.046007 -0.057726
f 2938/2938/2938 2940/2940/2940 2939/2939/2939
f 2935/2935/2935 2941/2941/2941 2940/2940/2940
f 2935/2935/2935 2944/2944/2944 2941/2941/2941
f 2935/2935/2935 2940/2940/2940 2938/2938/2938
f 2936/2936/2936 2944/2944/2944 2935/2935/2935
f 2936/2936/2936 2943/2943/2943 2944/2944/2944
f 2937/2937/2937 2943/2943/2943 2936/2936/2936
f 2937/2937/2937 2942/2942/2942 2943/2943/2943
f 2934/2934/2934 2942/2942/2942 2937/2937/2937
f 2934/2934/2934 2946/2946/2946 2942/2942/2942
f 2929/2929/2929 2946/2946/2946 2934/2934/2934
f 2929/2929/2929 2945/2945/2945 2946/2946/2946
f 2930/2930/2930 2945/2945/2945 2929/2929/2929
f 2931/2931/2931 2945/2945/2945 2930/2930/2930
f 2931/2931/2931 2862/2862/2862 2945/2945/2945
f 2932/2932/2932 2861/2861/2861 2862/2862/2862
f 2932/2932/2932 2862/2862/2862 2931/2931/2931
f 2860/2860/2860 2932/2932/2932 2933/2933/2933
f 2860/2860/2860 2861/2861/2861 2932/2932/2932
f 2859/2859/2859 2860/2860/2860 2933/2933/2933
f 2859/2859/2859 2933/2933/2933 2926/2926/2926
f 2874/2874/2874 2916/2916/2916 2911/2911/2911
f 2873/2873/2873 2874/2874/2874 2911/2911/2911
f 2873/2873/2873 2911/2911/2911 2912/2912/2912
f 2880/2880/2880 2912/2912/2912 2913/2913/2913
f 2880/2880/2880 2873/2873/2873 2912/2912/2912
f 2879/2879/2879 2913/2913/2913 2909/2909/2909
f 2879/2879/2879 2880/2880/2880 2913/2913/2913
f 2875/2875/2875 2916/2916/2916 2874/2874/2874
f 2875/2875/2875 2914/2914/2914 2915/2915/2915
f 2875/2875/2875 2915/2915/2915 2916/2916/2916
f 2878/2878/2878 2909/2909/2909 2910/2910/2910
f 2878/2878/2878 2910/2910/2910 2906/2906/2906
f 2878/2878/2878 2879/2879/2879 2909/2909/2909
f 2877/2877/2877 2906/2906/2906 2907/2907/2907
f 2877/2877/2877 2878/2878/2878 2906/2906/2906
f 2876/2876/2876 2914/2914/2914 2875/2875/2875
f 2883/2883/2883 2907/2907/2907 2908/2908/2908
f 2883/2883/2883 2877/2877/2877 2907/2907/2907
f 2882/2882/2882 2903/2903/2903 2904/2904/2904
f 2882/2882/2882 2908/2908/2908 2903/2903/2903
f 2882/2882/2882 2883/2883/2883 2908/2908/2908
f 2872/2872/2872 2917/2917/2917 2914/2914/2914
f 2872/2872/2872 2914/2914/2914 2876/2876/2876
f 2881/2881/2881 2904/2904/2904 2905/2905/2905
f 2881/2881/2881 2882/2882/2882 2904/2904/2904
f 2858/2858/2858 2926/2926/2926 2927/2927/2927
f 2858/2858/2858 2927/2927/2927 2928/2928/2928
f 2858/2858/2858 2928/2928/2928 2922/2922/2922
f 2858/2858/2858 2859/2859/2859 2926/2926/2926
f 2886/2886/2886 2881/2881/2881 2905/2905/2905
f 2871/2871/2871 2917/2917/2917 2872/2872/2872
f 2900/2900/2900 2886/2886/2886 2905/2905/2905
f 2900/2900/2900 2885/2885/2885 2886/2886/2886
f 2870/2870/2870 2917/2917/2917 2871/2871/2871
f 2870/2870/2870 2918/2918/2918 2917/2917/2917
f 2901/2901/2901 2885/2885/2885 2900/2900/2900
f 2901/2901/2901 2884/2884/2884 2885/2885/2885
f 2867/2867/2867 2918/2918/2918 2870/2870/2870
f 2857/2857/2857 2858/2858/2858 2922/2922/2922
f 2857/2857/2857 2922/2922/2922 2923/2923/2923
f 2866/2866/2866 2923/2923/2923 2924/2924/2924
f 2866/2866/2866 2857/2857/2857 2923/2923/2923
f 2902/2902/2902 2884/2884/2884 2901/2901/2901
f 2902/2902/2902 2889/2889/2889 2884/2884/2884
f 2868/2868/2868 2918/2918/2918 2867/2867/2867
f 2868/2868/2868 2921/2921/2921 2918/2918/2918
f 2865/2865/2865 2866/2866/2866 2924/2924/2924
f 2869/2869/2869 2921/2921/2921 2868/2868/2868
f 2869/2869/2869 2920/2920/2920 2921/2921/2921
f 2864/2864/2864 2865/2865/2865 2924/2924/2924
f 2864/2864/2864 2924/2924/2924 2925/2925/2925
f 2863/2863/2863 2920/2920/2920 2869/2869/2869
f 2863/2863/2863 2864/2864/2864 2925/2925/2925
f 2863/2863/2863 2919/2919/2919 2920/2920/2920
f 2863/2863/2863 2925/2925/2925 2919/2919/2919
f 2898/2898/2898 2888/2888/2888 2889/2889/2889
f 2898/2898/2898 2889/2889/2889 2902/2902/2902
f 2899/2899/2899 2887/2887/2887 2888/2888/2888
f 2899/2899/2899 2888/2888/2888 2898/2898/2898
f 2895/2895/2895 2890/2890/2890 2887/2887/2887
f 2895/2895/2895 2887/2887/2887 2899/2899/2899
f 2896/2896/2896 2890/2890/2890 2895/2895/2895
f 2897/2897/2897 2891/2891/2891 2890/2890/2890
f 2897/2897/2897 2890/2890/2890 2896/2896/2896
f 2894/2894/2894 2892/2892/2892 2891/2891/2891
f 2894/2894/2894 2893/2893/2893 2892/2892/2892
f 2894/2894/2894 2891/2891/2891 2897/2897/2897
v 13.378906 -30.443359 5.000000
v 13.328632 -30.912109 5.000000
v 13.228617 -31.182928 5.000000
v 13.104452 -31.362940 5.000000
v 12.974871 -31.479624 5.000000
v 12.820312 -31.568359 5.000000
v 13.074219 -29.896484 5.000000
v 13.226129 -30.059679 5.000000
v 13.319800 -30.222881 5.000000
v 13.356968 -30.330233 5.000000
v 12.468750 -29.568359 5.000000
v 12.687066 -29.648220 5.000000
v 12.888889 -29.757595 5.000000
v 12.148438 -29.513672 5.000000
v 11.962891 -29.488281 5.000000
v 11.820312 -29.466797 5.000000
v 11.261719 -29.169922 5.000000
v 11.355062 -29.270805 5.000000
v 11.475623 -29.353235 5.000000
v 11.632746 -29.420336 5.000000
v 11.226562 -29.064453 5.000000
v 11.230469 -29.105686 5.000000
v 11.240664 -29.137600 5.000000
v 11.250010 -29.154680 5.000000
v 11.279297 -28.923828 5.000000
v 11.250000 -28.972439 5.000000
v 11.232422 -29.019314 5.000000
v 11.410156 -28.802734 5.000000
v 11.345727 -28.849802 5.000000
v 11.310553 -28.884705 5.000000
v 11.796875 -28.712891 5.000000
v 11.654948 -28.722874 5.000000
v 11.526042 -28.752821 5.000000
v 12.140625 -28.757812 5.000000
v 12.531250 -28.880859 5.000000
v 12.769531 -28.978516 5.000000
v 12.996094 -29.072266 5.000000
v 12.996094 -28.314453 5.000000
v 11.867188 -28.041016 5.000000
v 12.263454 -28.071398 5.000000
v 12.639757 -28.162544 5.000000
v 11.328125 -28.113281 5.000000
v 11.595703 -28.059082 5.000000
v 10.867188 -28.330078 5.000000
v 11.054688 -28.215881 5.000000
v 11.185981 -28.159004 5.000000
v 10.591797 -28.664062 5.000000
v 10.666667 -28.535807 5.000000
v 10.758464 -28.424479 5.000000
v 10.492188 -29.099609 5.000000
v 10.503255 -28.948784 5.000000
v 10.536458 -28.803602 5.000000
v 10.531250 -29.376953 5.000000
v 10.501953 -29.235352 5.000000
v 10.851562 -29.812500 5.000000
v 10.710070 -29.685112 5.000000
v 10.603298 -29.539930 5.000000
v 11.394531 -30.080078 5.000000
v 11.136815 -29.982857 5.000000
v 10.989065 -29.904459 5.000000
v 11.802734 -30.160156 5.000000
v 12.250000 -30.263672 5.000000
v 12.554688 -30.474609 5.000000
v 12.463542 -30.385201 5.000000
v 12.361979 -30.314888 5.000000
v 12.628906 -30.673828 5.000000
v 12.620660 -30.594400 5.000000
v 12.601890 -30.539610 5.000000
v 12.581208 -30.504805 5.000000
v 12.613281 -30.779297 5.000000
v 12.621962 -30.751953 5.000000
v 12.627171 -30.716797 5.000000
v 12.195312 -31.056641 5.000000
v 12.344351 -31.024103 5.000000
v 12.445449 -30.974787 5.000000
v 12.523399 -30.910797 5.000000
v 12.572717 -30.850168 5.000000
v 11.980469 -31.072266 5.000000
v 11.058594 -30.873047 5.000000
v 11.468316 -31.010778 5.000000
v 11.724392 -31.056894 5.000000
v 10.798828 -30.771484 5.000000
v 10.546875 -30.673828 5.000000
v 10.546875 -31.427734 5.000000
v 10.570312 -31.458984 5.000000
v 11.867188 -31.751953 5.000000
v 11.393229 -31.719400 5.000000
v 10.960938 -31.621744 5.000000
v 12.535590 -31.670357 5.000000
v 12.217882 -31.731554 5.000000
vn 0.000000 0.000000 1.000000
vn 0.000000 0.000000 1.000000
vn 0.000000 0.000000 1.000000
vn 0.000000 0.000000 1.000000
vn 0.000000 0.000000 1.000000
vn 0.000000 0.000000 1.000000
vn 0.000000 0.000000 1.000000
vn 0.000000 0.000000 1.000000
vn 0.000000 0.000000 1.000000
vn 0.000000 0.000000 1.000000
vn 0.000000 0.000000 1.000000
vn 0.000000 0.000000 1.000000
vn 0.000000 0.000000 1.000000
vn 0.000000 0.000000 1.000000
vn 0.000000 0.000000 1.000000
vn 0.000000 0.000000 1.000000
vn 0.000000 0.000000 1.000000
vn 0.000000 0.000000 1.000000
vn 0.000000 0.000000 1.000000
vn 0.000000 0.000000 1.000000
vn 0.000000 0.000000 1.000000
vn 0.000000 0.000000 1.000000
vn 0.000000 0.000000 1.000000
vn 0.000000 0.000000 1.000000
vn 0.000000 0.000000 1.000000
vn 0.000000 0.000000 1.000000
vn 0.000000 0.000000 1.000000
vn 0.000000 0.000000 1.000000
vn 0.000000 0.000000 1.000000
vn 0.000000 0.000000 1.000000
vn 0.000000 0.000000 1.000000
vn 0.000000 0.000000 1.000000
vn 0.000000 0.000000 1.000000
vn 0.000000 0.000000 1.000000
vn 0.000000 0.000000 1.000000
vn 0.000000 0.000000 1.000000
vn 0.000000 0.000000 1.000000
vn 0.000000 0.000000 1.000000
vn 0.000000 0.000000 1.000000
vn 0.000000 0.000000 1.000000
vn 0.000000 0.000000 1.000000
vn 0.000000 0.000000 1.000000
vn 0.000000 0.000000 1.000000
vn 0.000000 0.000000 1.000000
vn 0.000000 0.000000 1.000000
vn 0.000000 0.000000 1.000000
vn 0.000000 0.000000 1.000000
vn 0.000000 0.000000 1.000000
vn 0.000000 0.000000 1.000000
vn 0.000000 0.000000 1.000000
vn 0.000000 0.000000 1.000000
vn 0.000000 0.000000 1.000000
vn 0.000000 0.000000 1.000000
vn 0.000000 0.000000 1.000000
vn 0.000000 0.000000 1.000000
vn 0.000000 0.000000 1.000000
vn 0.000000 0.000000 1.000000
vn 0.000000 0.000000 1.000000
vn 0.000000 0.000000 1.000000
vn 0.000000 0.000000 1.000000
vn 0.000000 0.000000 1.000000
vn 0.000000 0.000000 1.000000
vn 0.000000 0.000000 1.000000
vn 0.000000 0.000000 1.000000
vn 0.000000 0.000000 1.000000
vn 0.000000 0.000000 1.000000
vn 0.000000 0.000000 1.000000
vn 0.000000 0.000000 1.000000
vn 0.000000 0.000000 1.000000
vn 0.000000 0.000000 1.000000
vn 0.000000 0.000000 1.000000
vn 0.000000 0.000000 1.000000
vn 0.000000 0.000000 1.000000
vn 0.000000 0.000000 1.000000
vn 0.000000 0.000000 1.000000
vn 0.000000 0.000000 1.000000
vn 0.000000 0.000000 1.000000
vn 0.000000 0.000000 1.000000
vn 0.000000 0.000000 1.000000
vn 0.000000 0.000000 1.000000
vn 0.000000 0.000000 1.000000
vn 0.000000 0.000000 1.000000
vn 0.000000 0.000000 1.000000
vn 0.000000 0.000000 1.000000
vn 0.000000 0.000000 1.000000
vn 0.000000 0.000000 1.000000
vn 0.000000 0.000000 1.000000
vn 0.000000 0.000000 1.000000
vn 0.000000 0.000000 1.000000
vn 0.000000 0.000000 1.000000
vt 3.207031 1.230469
vt 3.156758 0.761719
vt 3.056742 0.490900
vt 2.932577 0.310888
vt 2.802996 0.194205
vt 2.648438 0.105469
vt 2.902344 1.777344
vt 3.054254 1.614149
vt 3.147925 1.450946
vt 3.185093 1.343596
vt 2.296875 2.105469
vt 2.515191 2.025608
vt 2.717014 1.916233
vt 1.976562 2.160156
vt 1.791016 2.185547
vt 1.648438 2.207031
vt 1.089844 2.503906
vt 1.183187 2.403023
vt 1.303748 2.320593
vt 1.460871 2.253492
vt 1.054688 2.609375
vt 1.058594 2.568142
vt 1.068789 2.536228
vt 1.078135 2.519148
vt 1.107422 2.750000
vt 1.078125 2.701389
vt 1.060547 2.654514
vt 1.238281 2.871094
vt 1.173852 2.824026
vt 1.138678 2.789123
vt 1.625000 2.960938
vt 1.483073 2.950955
vt 1.354167 2.921007
vt 1.968750 2.916016
vt 2.359375 2.792969
vt 2.597656 2.695312
vt 2.824219 2.601562
vt 2.824219 3.359375
vt 1.695312 3.632812
vt 2.091580 3.602431
vt 2.467882 3.511285
vt 1.156250 3.560547
vt 1.423828 3.614746
vt 0.695312 3.343750
vt 0.882812 3.457947
vt 1.014106 3.514823
vt 0.419922 3.009766
vt 0.494792 3.138021
vt 0.586589 3.249349
vt 0.320312 2.574219
vt 0.331380 2.725043
vt 0.364583 2.870226
vt 0.359375 2.296875
vt 0.330078 2.438477
vt 0.679688 1.861328
vt 0.538194 1.988715
vt 0.431424 2.133898
vt 1.222656 1.593750
vt 0.964940 1.690972
vt 0.817190 1.769369
vt 1.630859 1.513672
vt 2.078125 1.410156
vt 2.382812 1.199219
vt 2.291667 1.288628
vt 2.190104 1.358941
vt 2.457031 1.000000
vt 2.448785 1.079427
vt 2.430015 1.134218
vt 2.409333 1.169023
vt 2.441406 0.894531
vt 2.450087 0.921875
vt 2.455295 0.957031
vt 2.023438 0.617188
vt 2.172475 0.649725
vt 2.273574 0.699042
vt 2.351524 0.763031
vt 2.400842 0.823659
vt 1.808594 0.601562
vt 0.886719 0.800781
vt 1.296441 0.663050
vt 1.552517 0.616934
vt 0.626953 0.902344
vt 0.375000 1.000000
vt 0.375000 0.246094
vt 0.398438 0.214844
vt 1.695312 -0.078125
vt 1.221354 -0.045573
vt 0.789062 0.052083
vt 2.363715 0.003472
vt 2.046007 -0.057726
f 3028/3028/3028 3029/3029/3029 3030/3030/3030
f 3025/3025/3025 3030/3030/3030 3031/3031/3031
f 3025/3025/3025 3031/3031/3031 3034/3034/3034
f 3025/3025/3025 3028/3028/3028 3030/3030/3030
f 3026/3026/3026 3025/3025/3025 3034/3034/3034
f 3026/3026/3026 3034/3034/3034 3033/3033/3033
f 3027/3027/3027 3026/3026/3026 3033/3033/3033
f 3027/3027/3027 3033/3033/3033 3032/3032/3032
f 3024/3024/3024 3027/3027/3027 3032/3032/3032
f 3024/3024/3024 3032/3032/3032 3036/3036/3036
f 3019/3019/3019 3024/3024/3024 3036/3036/3036
f 3019/3019/3019 3036/3036/3036 3035/3035/3035
f 3020/3020/3020 3019/3019/3019 3035/3035/3035
f 3021/3021/3021 3020/3020/3020 3035/3035/3035
f 3021/3021/3021 3035/3035/3035 2952/2952/2952
f 3022/3022/3022 2952/2952/2952 2951/2951/2951
f 3022/3022/3022 3021/3021/3021 2952/2952/2952
f 2950/2950/2950 3023/3023/3023 3022/3022/3022
f 2950/2950/2950 3022/3022/3022 2951/2951/2951
f 2949/2949/2949 3023/3023/3023 2950/2950/2950
f 2949/2949/2949 3016/3016/3016 3023/3023/3023
f 2964/2964/2964 3001/3001/3001 3006/3006/3006
f 2963/2963/2963 3001/3001/3001 2964/2964/2964
f 2963/2963/2963 3002/3002/3002 3001/3001/3001
f 2970/2970/2970 3003/3003/3003 3002/3002/3002
f 2970/2970/2970 3002/3002/3002 2963/2963/2963
f 2969/2969/2969 2999/2999/2999 3003/3003/3003
f 2969/2969/2969 3003/3003/3003 2970/2970/2970
f 2965/2965/2965 2964/2964/2964 3006/3006/3006
f 2965/2965/2965 3005/3005/3005 3004/3004/3004
f 2965/2965/2965 3006/3006/3006 3005/3005/3005
f 2968/2968/2968 3000/3000/3000 2999/2999/2999
f 2968/2968/2968 2996/2996/2996 3000/3000/3000
f 2968/2968/2968 2999/2999/2999 2969/2969/2969
f 2967/2967/2967 2997/2997/2997 2996/2996/2996
f 2967/2967/2967 2996/2996/2996 2968/2968/2968
f 2966/2966/2966 2965/2965/2965 3004/3004/3004
f 2973/2973/2973 2998/2998/2998 2997/2997/2997
f 2973/2973/2973 2997/2997/2997 2967/2967/2967
f 2972/2972/2972 2994/2994/2994 2993/2993/2993
f 2972/2972/2972 2993/2993/2993 2998/2998/2998
f 2972/2972/2972 2998/2998/2998 2973/2973/2973
f 2962/2962/2962 3004/3004/3004 3007/3007/3007
f 2962/2962/2962 2966/2966/2966 3004/3004/3004
f 2971/2971/2971 2995/2995/2995 2994/2994/2994
f 2971/2971/2971 2994/2994/2994 2972/2972/2972
f 2948/2948/2948 3017/3017/3017 3016/3016/3016
f 2948/2948/2948 3018/3018/3018 3017/3017/3017
f 2948/2948/2948 3012/3012/3012 3018/3018/3018
f 2948/2948/2948 3016/3016/3016 2949/2949/2949
f 2976/2976/2976 2995/2995/2995 2971/2971/2971
f 2961/2961/2961 2962/2962/2962 3007/3007/3007
f 2990/2990/2990 2995/2995/2995 2976/2976/2976
f 2990/2990/2990 2976/2976/2976 2975/2975/2975
f 2960/2960/2960 2961/2961/2961 3007/3007/3007
f 2960/2960/2960 3007/3007/3007 3008/3008/3008
f 2991/2991/2991 2990/2990/2990 2975/2975/2975
f 2991/2991/2991 2975/2975/2975 2974/2974/2974
f 2957/2957/2957 2960/2960/2960 3008/3008/3008
f 2947/2947/2947 3012/3012/3012 2948/2948/2948
f 2947/2947/2947 3013/3013/3013 3012/3012/3012
f 2956/2956/2956 3014/3014/3014 3013/3013/3013
f 2956/2956/2956 3013/3013/3013 2947/2947/2947
f 2992/2992/2992 2991/2991/2991 2974/2974/2974
f 2992/2992/2992 2974/2974/2974 2979/2979/2979
f 2958/2958/2958 2957/2957/2957 3008/3008/3008
f 2958/2958/2958 3008/3008/3008 3011/3011/3011
f 2955/2955/2955 3014/3014/3014 2956/2956/2956
f 2959/2959/2959 2958/2958/2958 3011/3011/3011
f 2959/2959/2959 3011/3011/3011 3010/3010/3010
f 2954/2954/2954 3014/3014/3014 2955/2955/2955
f 2954/2954/2954 3015/3015/3015 3014/3014/3014
f 2953/2953/2953 2959/2959/2959 3010/3010/3010
f 2953/2953/2953 3015/3015/3015 2954/2954/2954
f 2953/2953/2953 3010/3010/3010 3009/3009/3009
f 2953/2953/2953 3009/3009/3009 3015/3015/3015
f 2988/2988/2988 2979/2979/2979 2978/2978/2978
f 2988/2988/2988 2992/2992/2992 2979/2979/2979
f 2989/2989/2989 2978/2978/2978 2977/2977/2977
f 2989/2989/2989 2988/2988/2988 2978/2978/2978
f 2985/2985/2985 2977/2977/2977 2980/2980/2980
f 2985/2985/2985 2989/2989/2989 2977/2977/2977
f 2986/2986/2986 2985/2985/2985 2980/2980/2980
f 2987/2987/2987 2980/2980/2980 2981/2981/2981
f 2987/2987/2987 2986/2986/2986 2980/2980/2980
f 2984/2984/2984 2981/2981/2981 2982/2982/2982
f 2984/2984/2984 2982/2982/2982 2983/2983/2983
f 2984/2984/2984 2987/2987/2987 2981/2981/2981
v 17.601562 -31.642578 0.000000
v 17.601562 -31.642578 5.000000
v 17.578125 -31.673828 5.000000
v 17.578125 -31.673828 0.000000
vn 0.800000 -0.600000 0.000000
vn 0.800000 -0.600000 0.000000
vn 0.800000 -0.600000 0.000000
vn 0.800000 -0.600000 0.000000
vt 0.000000 0.000000
vt 0.000000 -5.000000
vt 0.039062 -5.000000
vt 0.039062 0.000000
f 3040/3040/3040 3037/3037/3037 3038/3038/3038
f 3040/3040/3040 3038/3038/3038 3039/3039/3039
v 17.578125 -31.673828 0.000000
v 17.578125 -31.673828 5.000000
v 16.609375 -31.673828 5.000000
v 16.609375 -31.673828 0.000000
vn 0.000000 -1.000000 0.000000
vn 0.000000 -1.000000 0.000000
vn 0.000000 -1.000000 0.000000
vn 0.000000 -1.000000 0.000000
vt 0.000000 0.000000
vt 0.000000 -5.000000
vt 0.968750 -5.000000
vt 0.968750 0.000000
f 3044/3044/3044 3041/3041/3041 3042/3042/3042
f 3044/3044/3044 3042/3042/3042 3043/3043/3043
v 16.609375 -31.673828 0.000000
v 16.609375 -31.673828 5.000000
v 16.062500 -31.154297 5.000000
v 16.062500 -31.154297 0.000000
v 16.357422 -31.446289 2.500000
vn -0.646522 -0.762896 0.000000
vn -0.646522 -0.762896 0.000000
vn -0.715677 -0.698432 0.000000
vn -0.715677 -0.698432 0.000000
vn -0.688749 -0.724999 0.000000
vt 0.000000 0.000000
vt 0.000000 -5.000000
vt 1.000000 -5.000000
vt 1.000000 0.000000
vt 0.500000 -2.500000
f 3049/3049/3049 3045/3045/3045 3046/3046/3046
f 3049/3049/3049 3046/3046/3046 3047/3047/3047
f 3049/3049/3049 3047/3047/3047 3048/3048/3048
f 3049/3049/3049 3048/3048/3048 3045/3045/3045
v 16.062500 -31.154297 0.000000
v 16.062500 -31.154297 5.000000
v 15.521484 -30.603516 5.000000
v 15.521484 -30.603516 0.000000
v 15.769043 -30.854492 2.500000
vn -0.715677 -0.698432 0.000000
vn -0.715677 -0.698432 0.000000
vn -0.710161 -0.704039 0.000000
vn -0.710161 -0.704039 0.000000
vn -0.713403 -0.700754 0.000000
vt 0.000000 0.000000
vt 0.000000 -5.000000
vt 1.000000 -5.000000
vt 1.000000 0.000000
vt 0.500000 -2.500000
f 3054/3054/3054 3050/3050/3050 3051/3051/3051
f 3054/3054/3054 3051/3051/3051 3052/3052/3052
f 3054/3054/3054 3052/3052/3052 3053/3053/3053
f 3054/3054/3054 3053/3053/3053 3050/3050/3050
v 15.521484 -30.603516 0.000000
v 15.521484 -30.603516 5.000000
v 15.050781 -30.177734 5.000000
v 15.050781 -30.177734 0.000000
v 15.291504 -30.383789 2.500000
vn -0.710161 -0.704039 0.000000
vn -0.710161 -0.704039 0.000000
vn -0.629198 -0.777245 0.000000
vn -0.629198 -0.777245 0.000000
vn -0.670833 -0.741609 0.000000
vt 0.000000 0.000000
vt 0.000000 -5.000000
vt 1.000000 -5.000000
vt 1.000000 0.000000
vt 0.500000 -2.500000
f 3059/3059/3059 3055/3055/3055 3056/3056/3056
f 3059/3059/3059 3056/3056/3056 3057/3057/3057
f 3059/3059/3059 3057/3057/3057 3058/3058/3058
f 3059/3059/3059 3058/3058/3058 3055/3055/3055
v 15.050781 -30.177734 0.000000
v 15.050781 -30.177734 5.000000
v 15.037109 -30.178711 5.000000
v 15.027344 -30.181641 5.000000
v 15.019531 -30.193359 5.000000
v 15.019531 -30.193359 0.000000
v 15.037109 -30.178711 0.000000
v 15.027344 -30.181641 0.000000
v 15.027344 -30.181641 2.500000
v 15.021484 -30.186523 3.750000
v 15.021484 -30.186523 1.250000
vn 0.000000 -1.000000 0.000000
vn 0.000000 -1.000000 0.000000
vn 0.164399 -0.986394 0.000000
vn 0.447214 -0.894427 0.000000
vn 1.000000 0.000000 -0.000000
vn 1.000000 0.000000 -0.000000
vn 0.164399 -0.986394 0.000000
vn 0.447214 -0.894427 0.000000
vn 0.447214 -0.894427 0.000000
vn 0.832050 -0.554700 0.000000
vn 0.832050 -0.554700 0.000000
vt 0.000000 0.000000
vt 0.000000 -5.000000
vt 0.250000 -5.000000
vt 0.500000 -5.000000
vt 1.000000 -5.000000
vt 1.000000 0.000000
vt 0.250000 0.000000
vt 0.500000 0.000000
vt 0.500000 -2.500000
vt 0.750000 -3.750000
vt 0.750000 -1.250000
f 3068/3068/3068 3060/3060/3060 3061/3061/3061
f 3069/3069/3069 3061/3061/3061 3062/3062/3062
f 3069/3069/3069 3062/3062/3062 3063/3063/3063
f 3069/3069/3069 3063/3063/3063 3064/3064/3064
f 3069/3069/3069 3064/3064/3064 3065/3065/3065
f 3069/3069/3069 3068/3068/3068 3061/3061/3061
f 3070/3070/3070 3066/3066/3066 3060/3060/3060
f 3070/3070/3070 3067/3067/3067 3066/3066/3066
f 3070/3070/3070 3065/3065/3065 3067/3067/3067
f 3070/3070/3070 3068/3068/3068 3069/3069/3069
f 3070/3070/3070 3060/3060/3060 3068/3068/3068
f 3070/3070/3070 3069/3069/3069 3065/3065/3065
v 15.019531 -30.193359 0.000000
v 15.019531 -30.193359 5.000000
v 15.019531 -31.642578 5.000000
v 15.019531 -31.642578 0.000000
vn 1.000000 0.000000 0.000000
vn 1.000000 0.000000 0.000000
vn 1.000000 0.000000 0.000000
vn 1.000000 0.000000 0.000000
vt 0.000000 0.000000
vt 0.000000 -5.000000
vt 1.449219 -5.000000
vt 1.449219 0.000000
f 3074/3074/3074 3071/3071/3071 3072/3072/3072
f 3074/3074/3074 3072/3072/3072 3073/3073/3073
v 15.019531 -31.642578 0.000000
v 15.019531 -31.642578 5.000000
v 14.980469 -31.673828 5.000000
v 14.980469 -31.673828 0.000000
vn 0.624695 -0.780869 0.000000
vn 0.624695 -0.780869 0.000000
vn 0.624695 -0.780869 0.000000
vn 0.624695 -0.780869 0.000000
vt 0.000000 0.000000
vt 0.000000 -5.000000
vt 0.050024 -5.000000
vt 0.050024 0.000000
f 3078/3078/3078 3075/3075/3075 3076/3076/3076
f 3078/3078/3078 3076/3076/3076 3077/3077/3077
v 14.980469 -31.673828 0.000000
v 14.980469 -31.673828 5.000000
v 14.265625 -31.673828 5.000000
v 14.265625 -31.673828 0.000000
vn 0.000000 -1.000000 0.000000
vn 0.000000 -1.000000 0.000000
vn 0.000000 -1.000000 0.000000
vn 0.000000 -1.000000 0.000000
vt 0.000000 0.000000
vt 0.000000 -5.000000
vt 0.714844 -5.000000
vt 0.714844 0.000000
f 3082/3082/3082 3079/3079/3079 3080/3080/3080
f 3082/3082/3082 3080/3080/3080 3081/3081/3081
v 14.265625 -31.673828 0.000000
v 14.265625 -31.673828 5.000000
v 14.265625 -26.416016 5.000000
v 14.265625 -26.416016 0.000000
vn -1.000000 0.000000 0.000000
vn -1.000000 0.000000 0.000000
vn -1.000000 0.000000 0.000000
vn -1.000000 0.000000 0.000000
vt 0.000000 0.000000
vt 0.000000 -5.000000
vt 5.257812 -5.000000
vt 5.257812 0.000000
f 3086/3086/3086 3083/3083/3083 3084/3084/3084
f 3086/3086/3086 3084/3084/3084 3085/3085/3085
v 14.265625 -26.416016 0.000000
v 14.265625 -26.416016 5.000000
v 14.292969 -26.392578 5.000000
v 14.292969 -26.392578 0.000000
vn -0.650791 0.759257 0.000000
vn -0.650791 0.759257 0.000000
vn -0.650791 0.759257 0.000000
vn -0.650791 0.759257 0.000000
vt 0.000000 0.000000
vt 0.000000 -5.000000
vt 0.036014 -5.000000
vt 0.036014 0.000000
f 3090/3090/3090 3087/3087/3087 3088/3088/3088
f 3090/3090/3090 3088/3088/3088 3089/3089/3089
v 14.292969 -26.392578 0.000000
v 14.292969 -26.392578 5.000000
v 14.996094 -26.392578 5.000000
v 14.996094 -26.392578 0.000000
vn -0.000000 1.000000 0.000000
vn -0.000000 1.000000 0.000000
vn -0.000000 1.000000 0.000000
vn -0.000000 1.000000 0.000000
vt 0.000000 0.000000
vt 0.000000 -5.000000
vt 0.703125 -5.000000
vt 0.703125 0.000000
f 3094/3094/3094 3091/3091/3091 3092/3092/3092
f 3094/3094/3094 3092/3092/3092 3093/3093/3093
v 14.996094 -26.392578 0.000000
v 14.996094 -26.392578 5.000000
v 15.019531 -26.416016 5.000000
v 15.019531 -26.416016 0.000000
vn 0.707107 0.707107 0.000000
vn 0.707107 0.707107 0.000000
vn 0.707107 0.707107 0.000000
vn 0.707107 0.707107 0.000000
vt 0.000000 0.000000
vt 0.000000 -5.000000
vt 0.033146 -5.000000
vt 0.033146 0.000000
f 3098/3098/3098 3095/3095/3095 3096/3096/3096
f 3098/3098/3098 3096/3096/3096 3097/3097/3097
v 15.019531 -26.416016 0.000000
v 15.019531 -26.416016 5.000000
v 15.019531 -29.306641 5.000000
v 15.019531 -29.306641 0.000000
vn 1.000000 0.000000 0.000000
vn 1.000000 0.000000 0.000000
vn 1.000000 0.000000 0.000000
vn 1.000000 0.000000 0.000000
vt 0.000000 0.000000
vt 0.000000 -5.000000
vt 2.890625 -5.000000
vt 2.890625 0.000000
f 3102/3102/3102 3099/3099/3099 3100/3100/3100
f 3102/3102/3102 3100/3100/3100 3101/3101/3101
v 15.019531 -29.306641 0.000000
v 15.019531 -29.306641 5.000000
v 15.023438 -29.353516 5.000000
v 15.035156 -29.369141 5.000000
v 15.035156 -29.369141 0.000000
v 15.023438 -29.353516 0.000000
v 15.023438 -29.353516 2.500000
v 15.028320 -29.365234 3.750000
v 15.028320 -29.365234 1.250000
vn 1.000000 0.000000 -0.000000
vn 1.000000 0.000000 -0.000000
vn 0.970142 0.242536 -0.000000
vn 0.000000 1.000000 0.000000
vn 0.000000 1.000000 0.000000
vn 0.970142 0.242536 -0.000000
vn 0.970142 0.242536 -0.000000
vn 0.800000 0.600000 -0.000000
vn 0.800000 0.600000 -0.000000
vt 0.000000 0.000000
vt 0.000000 -5.000000
vt 0.500000 -5.000000
vt 1.000000 -5.000000
vt 1.000000 0.000000
vt 0.500000 0.000000
vt 0.500000 -2.500000
vt 0.750000 -3.750000
vt 0.750000 -1.250000
f 3109/3109/3109 3103/3103/3103 3104/3104/3104
f 3110/3110/3110 3104/3104/3104 3105/3105/3105
f 3110/3110/3110 3105/3105/3105 3106/3106/3106
f 3110/3110/3110 3109/3109/3109 3104/3104/3104
f 3111/3111/3111 3106/3106/3106 3107/3107/3107
f 3111/3111/3111 3108/3108/3108 3103/3103/3103
f 3111/3111/3111 3107/3107/3107 3108/3108/3108
f 3111/3111/3111 3109/3109/3109 3110/3110/3110
f 3111/3111/3111 3110/3110/3110 3106/3106/3106
f 3111/3111/3111 3103/3103/3103 3109/3109/3109
v 15.035156 -29.369141 0.000000
v 15.035156 -29.369141 5.000000
v 15.045898 -29.361328 5.000000
v 15.062500 -29.345703 5.000000
v 15.062500 -29.345703 0.000000
v 15.045898 -29.361328 0.000000
v 15.045898 -29.361328 2.500000
vn -0.447214 0.894427 0.000000
vn -0.447214 0.894427 0.000000
vn -0.650791 0.759257 0.000000
vn -0.707107 0.707107 0.000000
vn -0.707107 0.707107 0.000000
vn -0.650791 0.759257 0.000000
vn -0.650791 0.759257 0.000000
vt 0.000000 0.000000
vt 0.000000 -5.000000
vt 0.500000 -5.000000
vt 1.000000 -5.000000
vt 1.000000 0.000000
vt 0.500000 0.000000
vt 0.500000 -2.500000
f 3118/3118/3118 3112/3112/3112 3113/3113/3113
f 3118/3118/3118 3113/3113/3113 3114/3114/3114
f 3118/3118/3118 3114/3114/3114 3115/3115/3115
f 3118/3118/3118 3115/3115/3115 3116/3116/3116
f 3118/3118/3118 3117/3117/3117 3112/3112/3112
f 3118/3118/3118 3116/3116/3116 3117/3117/3117
v 15.062500 -29.345703 0.000000
v 15.062500 -29.345703 5.000000
v 15.079102 -29.330078 5.000000
v 15.089844 -29.322266 5.000000
v 15.089844 -29.322266 0.000000
v 15.079102 -29.330078 0.000000
v 15.079102 -29.330078 2.500000
vn -0.707107 0.707107 0.000000
vn -0.707107 0.707107 0.000000
vn -0.650791 0.759257 0.000000
vn -0.447214 0.894427 0.000000
vn -0.447214 0.894427 0.000000
vn -0.650791 0.759257 0.000000
vn -0.650791 0.759257 0.000000
vt 0.000000 0.000000
vt 0.000000 -5.000000
vt 0.500000 -5.000000
vt 1.000000 -5.000000
vt 1.000000 0.000000
vt 0.500000 0.000000
vt 0.500000 -2.500000
f 3125/3125/3125 3119/3119/3119 3120/3120/3120
f 3125/3125/3125 3120/3120/3120 3121/3121/3121
f 3125/3125/3125 3121/3121/3121 3122/3122/3122
f 3125/3125/3125 3122/3122/3122 3123/3123/3123
f 3125/3125/3125 3124/3124/3124 3119/3119/3119
f 3125/3125/3125 3123/3123/3123 3124/3124/3124
v 15.089844 -29.322266 0.000000
v 15.089844 -29.322266 5.000000
v 15.666016 -28.798828 5.000000
v 15.666016 -28.798828 0.000000
v 15.290527 -29.140625 2.500000
vn -0.667545 0.744569 0.000000
vn -0.667545 0.744569 0.000000
vn -0.673604 0.739093 0.000000
vn -0.673604 0.739093 0.000000
vn -0.672423 0.740167 0.000000
vt 0.000000 0.000000
vt 0.000000 -5.000000
vt 1.000000 -5.000000
vt 1.000000 0.000000
vt 0.500000 -2.500000
f 3130/3130/3130 3126/3126/3126 3127/3127/3127
f 3130/3130/3130 3127/3127/3127 3128/3128/3128
f 3130/3130/3130 3128/3128/3128 3129/3129/3129
f 3130/3130/3130 3129/3129/3129 3126/3126/3126
v 15.666016 -28.798828 0.000000
v 15.666016 -28.798828 5.000000
v 16.449219 -28.130859 5.000000
v 16.449219 -28.130859 0.000000
v 16.093262 -28.420898 2.500000
vn -0.673604 0.739093 0.000000
vn -0.673604 0.739093 0.000000
vn -0.609243 0.792983 0.000000
vn -0.609243 0.792983 0.000000
vn -0.648914 0.760862 0.000000
vt 0.000000 0.000000
vt 0.000000 -5.000000
vt 1.000000 -5.000000
vt 1.000000 0.000000
vt 0.500000 -2.500000
f 3135/3135/3135 3131/3131/3131 3132/3132/3132
f 3135/3135/3135 3132/3132/3132 3133/3133/3133
f 3135/3135/3135 3133/3133/3133 3134/3134/3134
f 3135/3135/3135 3134/3134/3134 3131/3131/3131
v 16.449219 -28.130859 0.000000
v 16.449219 -28.130859 5.000000
v 17.378906 -28.130859 5.000000
v 17.378906 -28.130859 0.000000
vn -0.000000 1.000000 0.000000
vn -0.000000 1.000000 0.000000
vn -0.000000 1.000000 0.000000
vn -0.000000 1.000000 0.000000
vt 0.000000 0.000000
vt 0.000000 -5.000000
vt 0.929688 -5.000000
vt 0.929688 0.000000
f 3139/3139/3139 3136/3136/3136 3137/3137/3137
f 3139/3139/3139 3137/3137/3137 3138/3138/3138
v 17.378906 -28.130859 0.000000
v 17.378906 -28.130859 5.000000
v 17.378906 -28.201172 5.000000
v 17.378906 -28.201172 0.000000
vn 1.000000 0.000000 0.000000
vn 1.000000 0.000000 0.000000
vn 1.000000 0.000000 0.000000
vn 1.000000 0.000000 0.000000
vt 0.000000 0.000000
vt 0.000000 -5.000000
vt 0.070312 -5.000000
vt 0.070312 0.000000
f 3143/3143/3143 3140/3140/3140 3141/3141/3141
f 3143/3143/3143 3141/3141/3141 3142/3142/3142
v 17.378906 -28.201172 0.000000
v 17.378906 -28.201172 5.000000
v 16.498047 -28.988281 5.000000
v 16.498047 -28.988281 0.000000
v 16.945801 -28.591309 2.500000
vn 0.672335 -0.740247 0.000000
vn 0.672335 -0.740247 0.000000
vn 0.660555 -0.750777 0.000000
vn 0.660555 -0.750777 0.000000
vn 0.666311 -0.745674 0.000000
vt 0.000000 0.000000
vt 0.000000 -5.000000
vt 1.000000 -5.000000
vt 1.000000 0.000000
vt 0.500000 -2.500000
f 3148/3148/3148 3144/3144/3144 3145/3145/3145
f 3148/3148/3148 3145/3145/3145 3146/3146/3146
f 3148/3148/3148 3146/3146/3146 3147/3147/3147
f 3148/3148/3148 3147/3147/3147 3144/3144/3144
v 16.498047 -28.988281 0.000000
v 16.498047 -28.988281 5.000000
v 15.636719 -29.728516 5.000000
v 15.636719 -29.728516 0.000000
v 16.055176 -29.373535 2.500000
vn 0.660555 -0.750777 0.000000
vn 0.660555 -0.750777 0.000000
vn 0.641634 -0.767011 0.000000
vn 0.641634 -0.767011 0.000000
vn 0.651782 -0.758406 0.000000
vt 0.000000 0.000000
vt 0.000000 -5.000000
vt 1.000000 -5.000000
vt 1.000000 0.000000
vt 0.500000 -2.500000
f 3153/3153/3153 3149/3149/3149 3150/3150/3150
f 3153/3153/3153 3150/3150/3150 3151/3151/3151
f 3153/3153/3153 3151/3151/3151 3152/3152/3152
f 3153/3153/3153 3152/3152/3152 3149/3149/3149
v 15.636719 -29.728516 0.000000
v 15.636719 -29.728516 5.000000
v 15.636719 -29.771484 5.000000
v 15.636719 -29.771484 0.000000
vn 1.000000 0.000000 0.000000
vn 1.000000 0.000000 0.000000
vn 1.000000 0.000000 0.000000
vn 1.000000 0.000000 0.000000
vt 0.000000 0.000000
vt 0.000000 -5.000000
vt 0.042969 -5.000000
vt 0.042969 0.000000
f 3157/3157/3157 3154/3154/3154 3155/3155/3155
f 3157/3157/3157 3155/3155/3155 3156/3156/3156
v 15.636719 -29.771484 0.000000
v 15.636719 -29.771484 5.000000
v 16.513672 -30.580078 5.000000
v 16.513672 -30.580078 0.000000
v 15.920410 -30.034180 2.500000
vn 0.684675 0.728848 -0.000000
vn 0.684675 0.728848 -0.000000
vn 0.676682 0.736276 -0.000000
vn 0.676682 0.736276 -0.000000
vn 0.677872 0.735180 -0.000000
vt 0.000000 0.000000
vt 0.000000 -5.000000
vt 1.000000 -5.000000
vt 1.000000 0.000000
vt 0.500000 -2.500000
f 3162/3162/3162 3158/3158/3158 3159/3159/3159
f 3162/3162/3162 3159/3159/3159 3160/3160/3160
f 3162/3162/3162 3160/3160/3160 3161/3161/3161
f 3162/3162/3162 3161/3161/3161 3158/3158/3158
v 16.513672 -30.580078 0.000000
v 16.513672 -30.580078 5.000000
v 17.601562 -31.642578 5.000000
v 17.601562 -31.642578 0.000000
v 17.159668 -31.189453 2.500000
vn 0.676682 0.736276 -0.000000
vn 0.676682 0.736276 -0.000000
vn 0.740987 0.671519 -0.000000
vn 0.740987 0.671519 -0.000000
vn 0.698709 0.715406 -0.000000
vt 0.000000 0.000000
vt 0.000000 -5.000000
vt 1.000000 -5.000000
vt 1.000000 0.000000
vt 0.500000 -2.500000
f 3167/3167/3167 3163/3163/3163 3164/3164/3164
f 3167/3167/3167 3164/3164/3164 3165/3165/3165
f 3167/3167/3167 3165/3165/3165 3166/3166/3166
f 3167/3167/3167 3166/3166/3166 3163/3163/3163
v 16.513672 -30.580078 0.000000
v 17.601562 -31.642578 0.000000
v 15.636719 -29.771484 0.000000
v 15.636719 -29.728516 0.000000
v 16.498047 -28.988281 0.000000
v 17.378906 -28.201172 0.000000
v 17.378906 -28.130859 0.000000
v 16.449219 -28.130859 0.000000
v 15.666016 -28.798828 0.000000
v 15.089844 -29.322266 0.000000
v 15.062500 -29.345703 0.000000
v 15.079102 -29.330078 0.000000
v 15.035156 -29.369141 0.000000
v 15.045898 -29.361328 0.000000
v 15.019531 -29.306641 0.000000
v 15.023438 -29.353516 0.000000
v 15.019531 -26.416016 0.000000
v 14.996094 -26.392578 0.000000
v 14.292969 -26.392578 0.000000
v 14.265625 -26.416016 0.000000
v 14.265625 -31.673828 0.000000
v 14.980469 -31.673828 0.000000
v 15.019531 -31.642578 0.000000
v 15.019531 -30.193359 0.000000
v 15.050781 -30.177734 0.000000
v 15.037109 -30.178711 0.000000
v 15.027344 -30.181641 0.000000
v 15.521484 -30.603516 0.000000
v 16.062500 -31.154297 0.000000
v 16.609375 -31.673828 0.000000
v 17.578125 -31.673828 0.000000
vn -0.000000 -0.000000 -1.000000
vn -0.000000 -0.000000 -1.000000
vn -0.000000 -0.000000 -1.000000
vn -0.000000 -0.000000 -1.000000
vn -0.000000 -0.000000 -1.000000
vn -0.000000 -0.000000 -1.000000
vn -0.000000 -0.000000 -1.000000
vn -0.000000 -0.000000 -1.000000
vn -0.000000 -0.000000 -1.000000
vn -0.000000 -0.000000 -1.000000
vn -0.000000 -0.000000 -1.000000
vn -0.000000 -0.000000 -1.000000
vn -0.000000 -0.000000 -1.000000
vn -0.000000 -0.000000 -1.000000
vn -0.000000 -0.000000 -1.000000
vn -0.000000 -0.000000 -1.000000
vn -0.000000 -0.000000 -1.000000
vn -0.000000 -0.000000 -1.000000
vn -0.000000 -0.000000 -1.000000
vn -0.000000 -0.000000 -1.000000
vn -0.000000 -0.000000 -1.000000
vn -0.000000 -0.000000 -1.000000
vn -0.000000 -0.000000 -1.000000
vn -0.000000 -0.000000 -1.000000
vn -0.000000 -0.000000 -1.000000
vn -0.000000 -0.000000 -1.000000
vn -0.000000 -0.000000 -1.000000
vn -0.000000 -0.000000 -1.000000
vn -0.000000 -0.000000 -1.000000
vn -0.000000 -0.000000 -1.000000
vn -0.000000 -0.000000 -1.000000
vt 2.806641 1.093750
vt 3.894531 0.031250
vt 1.929688 1.902344
vt 1.929688 1.945312
vt 2.791016 2.685547
vt 3.671875 3.472656
vt 3.671875 3.542969
vt 2.742188 3.542969
vt 1.958984 2.875000
vt 1.382812 2.351562
vt 1.355469 2.328125
vt 1.372070 2.343750
vt 1.328125 2.304688
vt 1.338867 2.312500
vt 1.312500 2.367188
vt 1.316406 2.320312
vt 1.312500 5.257812
vt 1.289062 5.281250
vt 0.585938 5.281250
vt 0.558594 5.257812
vt 0.558594 0.000000
vt 1.273438 0.000000
vt 1.312500 0.031250
vt 1.312500 1.480469
vt 1.343750 1.496094
vt 1.330078 1.495117
vt 1.320312 1.492188
vt 1.814453 1.070312
vt 2.355469 0.519531
vt 2.902344 0.000000
vt 3.871094 0.000000
f 3190/3190/3190 3189/3189/3189 3188/3188/3188
f 3191/3191/3191 3190/3190/3190 3188/3188/3188
f 3180/3180/3180 3192/3192/3192 3193/3193/3193
f 3180/3180/3180 3193/3193/3193 3194/3194/3194
f 3183/3183/3183 3194/3194/3194 3191/3191/3191
f 3183/3183/3183 3191/3191/3191 3188/3188/3188
f 3183/3183/3183 3180/3180/3180 3194/3194/3194
f 3182/3182/3182 3183/3183/3183 3188/3188/3188
f 3177/3177/3177 3178/3178/3178 3179/3179/3179
f 3170/3170/3170 3195/3195/3195 3192/3192/3192
f 3170/3170/3170 3192/3192/3192 3180/3180/3180
f 3171/3171/3171 3180/3180/3180 3181/3181/3181
f 3171/3171/3171 3181/3181/3181 3178/3178/3178
f 3171/3171/3171 3170/3170/3170 3180/3180/3180
f 3171/3171/3171 3178/3178/3178 3177/3177/3177
f 3168/3168/3168 3196/3196/3196 3195/3195/3195
f 3168/3168/3168 3197/3197/3197 3196/3196/3196
f 3168/3168/3168 3195/3195/3195 3170/3170/3170
f 3169/3169/3169 3198/3198/3198 3197/3197/3197
f 3169/3169/3169 3197/3197/3197 3168/3168/3168
f 3176/3176/3176 3171/3171/3171 3177/3177/3177
f 3172/3172/3172 3171/3171/3171 3176/3176/3176
f 3187/3187/3187 3182/3182/3182 3188/3188/3188
f 3175/3175/3175 3172/3172/3172 3176/3176/3176
f 3184/3184/3184 3187/3187/3187 3186/3186/3186
f 3185/3185/3185 3184/3184/3184 3186/3186/3186
f 3173/3173/3173 3172/3172/3172 3175/3175/3175
f 3174/3174/3174 3173/3173/3173 3175/3175/3175
f 3182/3182/3182 3187/3187/3187 3184/3184/3184
v 16.513672 -30.580078 5.000000
v 17.601562 -31.642578 5.000000
v 15.636719 -29.771484 5.000000
v 15.636719 -29.728516 5.000000
v 16.498047 -28.988281 5.000000
v 17.378906 -28.201172 5.000000
v 17.378906 -28.130859 5.000000
v 16.449219 -28.130859 5.000000
v 15.666016 -28.798828 5.000000
v 15.089844 -29.322266 5.000000
v 15.062500 -29.345703 5.000000
v 15.079102 -29.330078 5.000000
v 15.035156 -29.369141 5.000000
v 15.045898 -29.361328 5.000000
v 15.019531 -29.306641 5.000000
v 15.023438 -29.353516 5.000000
v 15.019531 -26.416016 5.000000
v 14.996094 -26.392578 5.000000
v 14.292969 -26.392578 5.000000
v 14.265625 -26.416016 5.000000
v 14.265625 -31.673828 5.000000
v 14.980469 -31.673828 5.000000
v 15.019531 -31.642578 5.000000
v 15.019531 -30.193359 5.000000
v 15.050781 -30.177734 5.000000
v 15.037109 -30.178711 5.000000
v 15.027344 -30.181641 5.000000
v 15.521484 -30.603516 5.000000
v 16.062500 -31.154297 5.000000
v 16.609375 -31.673828 5.000000
v 17.578125 -31.673828 5.000000
vn 0.000000 0.000000 1.000000
vn 0.000000 0.000000 1.000000
vn 0.000000 0.000000 1.000000
vn 0.000000 0.000000 1.000000
vn 0.000000 0.000000 1.000000
vn 0.000000 0.000000 1.000000
vn 0.000000 0.000000 1.000000
vn 0.000000 0.000000 1.000000
vn 0.000000 0.000000 1.000000
vn 0.000000 0.000000 1.000000
vn 0.000000 0.000000 1.000000
vn 0.000000 0.000000 1.000000
vn 0.000000 0.000000 1.000000
vn 0.000000 0.000000 1.000000
vn 0.000000 0.000000 1.000000
vn 0.000000 0.000000 1.000000
vn 0.000000 0.000000 1.000000
vn 0.000000 0.000000 1.000000
vn 0.000000 0.000000 1.000000
vn 0.000000 0.000000 1.000000
vn 0.000000 0.000000 1.000000
vn 0.000000 0.000000 1.000000
vn 0.000000 0.000000 1.000000
vn 0.000000 0.000000 1.000000
vn 0.000000 0.000000 1.000000
vn 0.000000 0.000000 1.000000
vn 0.000000 0.000000 1.000000
vn 0.000000 0.000000 1.000000
vn 0.000000 0.000000 1.000000
vn 0.000000 0.000000 1.000000
vn 0.000000 0.000000 1.000000
vt 2.806641 1.093750
vt 3.894531 0.031250
vt 1.929688 1.902344
vt 1.929688 1.945312
vt 2.791016 2.685547
vt 3.671875 3.472656
vt 3.671875 3.542969
vt 2.742188 3.542969
vt 1.958984 2.875000
vt 1.382812 2.351562
vt 1.355469 2.328125
vt 1.372070 2.343750
vt 1.328125 2.304688
vt 1.338867 2.312500
vt 1.312500 2.367188
vt 1.316406 2.320312
vt 1.312500 5.257812
vt 1.289062 5.281250
vt 0.585938 5.281250
vt 0.558594 5.257812
vt 0.558594 0.000000
vt 1.273438 0.000000
vt 1.312500 0.031250
vt 1.312500 1.480469
vt 1.343750 1.496094
vt 1.330078 1.495117
vt 1.320312 1.492188
vt 1.814453 1.070312
vt 2.355469 0.519531
vt 2.902344 0.000000
vt 3.871094 0.000000
f 3221/3221/3221 3219/3219/3219 3220/3220/3220
f 3222/3222/3222 3219/3219/3219 3221/3221/3221
f 3211/3211/3211 3224/3224/3224 3223/3223/3223
f 3211/3211/3211 3225/3225/3225 3224/3224/3224
f 3214/3214/3214 3222/3222/3222 3225/3225/3225
f 3214/3214/3214 3219/3219/3219 3222/3222/3222
f 3214/3214/3214 3225/3225/3225 3211/3211/3211
f 3213/3213/3213 3219/3219/3219 3214/3214/3214
f 3208/3208/3208 3210/3210/3210 3209/3209/3209
f 3201/3201/3201 3223/3223/3223 3226/3226/3226
f 3201/3201/3201 3211/3211/3211 3223/3223/3223
f 3202/3202/3202 3212/3212/3212 3211/3211/3211
f 3202/3202/3202 3209/3209/3209 3212/3212/3212
f 3202/3202/3202 3211/3211/3211 3201/3201/3201
f 3202/3202/3202 3208/3208/3208 3209/3209/3209
f 3199/3199/3199 3226/3226/3226 3227/3227/3227
f 3199/3199/3199 3227/3227/3227 3228/3228/3228
f 3199/3199/3199 3201/3201/3201 3226/3226/3226
f 3200/3200/3200 3228/3228/3228 3229/3229/3229
f 3200/3200/3200 3199/3199/3199 3228/3228/3228
f 3207/3207/3207 3208/3208/3208 3202/3202/3202
f 3203/3203/3203 3207/3207/3207 3202/3202/3202
f 3218/3218/3218 3219/3219/3219 3213/3213/3213
f 3206/3206/3206 3207/3207/3207 3203/3203/3203
f 3215/3215/3215 3217/3217/3217 3218/3218/3218
f 3216/3216/3216 3217/3217/3217 3215/3215/3215
f 3204/3204/3204 3206/3206/3206 3203/3203/3203
f 3205/3205/3205 3206/3206/3206 3204/3204/3204
f 3213/3213/3213 3215/3215/3215 3218/3218/3218
v 21.363281 -30.017578 0.000000
v 21.363281 -30.017578 5.000000
v 21.300781 -30.072266 5.000000
v 21.300781 -30.072266 0.000000
vn 0.658505 -0.752577 0.000000
vn 0.658505 -0.752577 0.000000
vn 0.658505 -0.752577 0.000000
vn 0.658505 -0.752577 0.000000
vt 0.000000 0.000000
vt 0.000000 -5.000000
vt 0.083048 -5.000000
vt 0.083048 0.000000
f 3233/3233/3233 3230/3230/3230 3231/3231/3231
f 3233/3233/3233 3231/3231/3231 3232/3232/3232
v 21.300781 -30.072266 0.000000
v 21.300781 -30.072266 5.000000
v 20.480469 -30.072266 5.000000
v 20.480469 -30.072266 0.000000
v 20.896484 -30.072266 2.500000
vn 0.000000 -1.000000 0.000000
vn 0.000000 -1.000000 0.000000
vn 0.000000 -1.000000 0.000000
vn 0.000000 -1.000000 0.000000
vn 0.000000 -1.000000 0.000000
vt 0.000000 0.000000
vt 0.000000 -5.000000
vt 1.000000 -5.000000
vt 1.000000 0.000000
vt 0.500000 -2.500000
f 3238/3238/3238 3234/3234/3234 3235/3235/3235
f 3238/3238/3238 3235/3235/3235 3236/3236/3236
f 3238/3238/3238 3236/3236/3236 3237/3237/3237
f 3238/3238/3238 3237/3237/3237 3234/3234/3234
v 20.480469 -30.072266 0.000000
v 20.480469 -30.072266 5.000000
v 19.437500 -30.070312 5.000000
v 19.437500 -30.070312 0.000000
v 20.008789 -30.071777 2.500000
vn 0.000000 -1.000000 0.000000
vn 0.000000 -1.000000 0.000000
vn -0.003145 -0.999995 0.000000
vn -0.003145 -0.999995 0.000000
vn -0.001873 -0.999998 0.000000
vt 0.000000 0.000000
vt 0.000000 -5.000000
vt 1.000000 -5.000000
vt 1.000000 0.000000
vt 0.500000 -2.500000
f 3243/3243/3243 3239/3239/3239 3240/3240/3240
f 3243/3243/3243 3240/3240/3240 3241/3241/3241
f 3243/3243/3243 3241/3241/3241 3242/3242/3242
f 3243/3243/3243 3242/3242/3242 3239/3239/3239
v 19.437500 -30.070312 0.000000
v 19.437500 -30.070312 5.000000
v 18.773438 -30.064453 5.000000
v 18.773438 -30.064453 0.000000
v 18.960938 -30.067871 2.500000
vn -0.003145 -0.999995 0.000000
vn -0.003145 -0.999995 0.000000
vn -0.090536 -0.995893 0.000000
vn -0.090536 -0.995893 0.000000
vn -0.008823 -0.999961 0.000000
vt 0.000000 0.000000
vt 0.000000 -5.000000
vt 1.000000 -5.000000
vt 1.000000 0.000000
vt 0.500000 -2.500000
f 3248/3248/3248 3244/3244/3244 3245/3245/3245
f 3248/3248/3248 3245/3245/3245 3246/3246/3246
f 3248/3248/3248 3246/3246/3246 3247/3247/3247
f 3248/3248/3248 3247/3247/3247 3244/3244/3244
v 18.773438 -30.064453 0.000000
v 18.773438 -30.064453 5.000000
v 18.790798 -30.248915 5.000000
v 18.842882 -30.422092 5.000000
v 18.929688 -30.583984 5.000000
v 18.929688 -30.583984 0.000000
v 18.790798 -30.248915 0.000000
v 18.842882 -30.422092 0.000000
v 18.812500 -30.336914 2.500000
vn 1.000000 0.000000 -0.000000
vn 1.000000 0.000000 -0.000000
vn 0.981665 0.190615 -0.000000
vn 0.923783 0.382915 -0.000000
vn 0.832050 0.554700 -0.000000
vn 0.832050 0.554700 -0.000000
vn 0.981665 0.190615 -0.000000
vn 0.923783 0.382915 -0.000000
vn 0.957628 0.288008 -0.000000
vt 0.000000 0.000000
vt 0.000000 -5.000000
vt 0.333333 -5.000000
vt 0.666667 -5.000000
vt 1.000000 -5.000000
vt 1.000000 0.000000
vt 0.333333 0.000000
vt 0.666667 0.000000
vt 0.500000 -2.500000
f 3257/3257/3257 3249/3249/3249 3250/3250/3250
f 3257/3257/3257 3250/3250/3250 3251/3251/3251
f 3257/3257/3257 3251/3251/3251 3252/3252/3252
f 3257/3257/3257 3252/3252/3252 3253/3253/3253
f 3257/3257/3257 3253/3253/3253 3254/3254/3254
f 3257/3257/3257 3255/3255/3255 3249/3249/3249
f 3257/3257/3257 3256/3256/3256 3255/3255/3255
f 3257/3257/3257 3254/3254/3254 3256/3256/3256
v 18.929688 -30.583984 0.000000
v 18.929688 -30.583984 5.000000
v 19.035915 -30.721245 5.000000
v 19.167101 -30.833549 5.000000
v 19.323242 -30.920898 5.000000
v 19.504341 -30.983290 5.000000
v 19.710396 -31.020725 5.000000
v 19.941406 -31.033203 5.000000
v 19.941406 -31.033203 0.000000
v 19.035915 -30.721245 0.000000
v 19.167101 -30.833549 0.000000
v 19.323242 -30.920898 0.000000
v 19.504341 -30.983290 0.000000
v 19.710396 -31.020725 0.000000
v 19.323242 -30.920898 2.500000
vn 0.847584 0.530661 -0.000000
vn 0.847584 0.530661 -0.000000
vn 0.724527 0.689246 -0.000000
vn 0.570628 0.821208 -0.000000
vn 0.405811 0.913957 -0.000000
vn 0.249681 0.968328 -0.000000
vn 0.113463 0.993542 -0.000000
vn 0.000000 1.000000 -0.000000
vn 0.000000 1.000000 -0.000000
vn 0.724527 0.689246 -0.000000
vn 0.570628 0.821208 -0.000000
vn 0.405811 0.913957 -0.000000
vn 0.249681 0.968328 -0.000000
vn 0.113463 0.993542 -0.000000
vn 0.405811 0.913957 -0.000000
vt 0.000000 0.000000
vt 0.000000 -5.000000
vt 0.166667 -5.000000
vt 0.333333 -5.000000
vt 0.500000 -5.000000
vt 0.666667 -5.000000
vt 0.833333 -5.000000
vt 1.000000 -5.000000
vt 1.000000 0.000000
vt 0.166667 0.000000
vt 0.333333 0.000000
vt 0.500000 0.000000
vt 0.666667 0.000000
vt 0.833333 0.000000
vt 0.500000 -2.500000
f 3272/3272/3272 3258/3258/3258 3259/3259/3259
f 3272/3272/3272 3259/3259/3259 3260/3260/3260
f 3272/3272/3272 3260/3260/3260 3261/3261/3261
f 3272/3272/3272 3261/3261/3261 3262/3262/3262
f 3272/3272/3272 3262/3262/3262 3263/3263/3263
f 3272/3272/3272 3263/3263/3263 3264/3264/3264
f 3272/3272/3272 3264/3264/3264 3265/3265/3265
f 3272/3272/3272 3265/3265/3265 3266/3266/3266
f 3272/3272/3272 3267/3267/3267 3258/3258/3258
f 3272/3272/3272 3268/3268/3268 3267/3267/3267
f 3272/3272/3272 3269/3269/3269 3268/3268/3268
f 3272/3272/3272 3270/3270/3270 3269/3269/3269
f 3272/3272/3272 3271/3271/3271 3270/3270/3270
f 3272/3272/3272 3266/3266/3266 3271/3271/3271
v 19.941406 -31.033203 0.000000
v 19.941406 -31.033203 5.000000
v 20.234375 -31.017578 5.000000
v 20.234375 -31.017578 0.000000
v 20.067383 -31.029297 2.500000
vn 0.000000 1.000000 0.000000
vn 0.000000 1.000000 0.000000
vn -0.083045 0.996546 0.000000
vn -0.083045 0.996546 0.000000
vn -0.053258 0.998581 0.000000
vt 0.000000 0.000000
vt 0.000000 -5.000000
vt 1.000000 -5.000000
vt 1.000000 0.000000
vt 0.500000 -2.500000
f 3277/3277/3277 3273/3273/3273 3274/3274/3274
f 3277/3277/3277 3274/3274/3274 3275/3275/3275
f 3277/3277/3277 3275/3275/3275 3276/3276/3276
f 3277/3277/3277 3276/3276/3276 3273/3273/3273
v 20.234375 -31.017578 0.000000
v 20.234375 -31.017578 5.000000
v 20.511524 -30.953476 5.000000
v 20.883739 -30.781826 5.000000
v 21.308594 -30.505859 5.000000
v 21.308594 -30.505859 0.000000
v 20.511524 -30.953476 0.000000
v 20.883739 -30.781826 0.000000
v 20.717773 -30.868164 2.500000
vn -0.099504 0.995037 0.000000
vn -0.099504 0.995037 0.000000
vn -0.326520 0.945190 0.000000
vn -0.489650 0.871919 0.000000
vn -0.588172 0.808736 0.000000
vn -0.588172 0.808736 0.000000
vn -0.326520 0.945190 0.000000
vn -0.489650 0.871919 0.000000
vn -0.430061 0.902800 0.000000
vt 0.000000 0.000000
vt 0.000000 -5.000000
vt 0.300000 -5.000000
vt 0.650000 -5.000000
vt 1.000000 -5.000000
vt 1.000000 0.000000
vt 0.300000 0.000000
vt 0.650000 0.000000
vt 0.500000 -2.500000
f 3286/3286/3286 3278/3278/3278 3279/3279/3279
f 3286/3286/3286 3279/3279/3279 3280/3280/3280
f 3286/3286/3286 3280/3280/3280 3281/3281/3281
f 3286/3286/3286 3281/3281/3281 3282/3282/3282
f 3286/3286/3286 3282/3282/3282 3283/3283/3283
f 3286/3286/3286 3284/3284/3284 3278/3278/3278
f 3286/3286/3286 3285/3285/3285 3284/3284/3284
f 3286/3286/3286 3283/3283/3283 3285/3285/3285
v 21.308594 -30.505859 0.000000
v 21.308594 -30.505859 5.000000
v 21.347656 -30.513672 5.000000
v 21.347656 -30.513672 0.000000
vn 0.196116 0.980581 0.000000
vn 0.196116 0.980581 0.000000
vn 0.196116 0.980581 0.000000
vn 0.196116 0.980581 0.000000
vt 0.000000 0.000000
vt 0.000000 -5.000000
vt 0.039836 -5.000000
vt 0.039836 0.000000
f 3290/3290/3290 3287/3287/3287 3288/3288/3288
f 3290/3290/3290 3288/3288/3288 3289/3289/3289
v 21.347656 -30.513672 0.000000
v 21.347656 -30.513672 5.000000
v 21.347656 -31.275391 5.000000
v 21.347656 -31.275391 0.000000
vn 1.000000 0.000000 0.000000
vn 1.000000 0.000000 0.000000
vn 1.000000 0.000000 0.000000
vn 1.000000 0.000000 0.000000
vt 0.000000 0.000000
vt 0.000000 -5.000000
vt 0.761719 -5.000000
vt 0.761719 0.000000
f 3294/3294/3294 3291/3291/3291 3292/3292/3292
f 3294/3294/3294 3292/3292/3292 3293/3293/3293
v 21.347656 -31.275391 0.000000
v 21.347656 -31.275391 5.000000
v 21.013184 -31.462891 5.000000
v 20.634766 -31.603516 5.000000
v 20.634766 -31.603516 0.000000
v 21.013184 -31.462891 0.000000
v 21.013184 -31.462891 2.500000
vn 0.559473 -0.828849 0.000000
vn 0.559473 -0.828849 0.000000
vn 0.418111 -0.908396 0.000000
vn 0.280899 -0.959737 0.000000
vn 0.280899 -0.959737 0.000000
vn 0.418111 -0.908396 0.000000
vn 0.418111 -0.908396 0.000000
vt 0.000000 0.000000
vt 0.000000 -5.000000
vt 0.500000 -5.000000
vt 1.000000 -5.000000
vt 1.000000 0.000000
vt 0.500000 0.000000
vt 0.500000 -2.500000
f 3301/3301/3301 3295/3295/3295 3296/3296/3296
f 3301/3301/3301 3296/3296/3296 3297/3297/3297
f 3301/3301/3301 3297/3297/3297 3298/3298/3298
f 3301/3301/3301 3298/3298/3298 3299/3299/3299
f 3301/3301/3301 3300/3300/3300 3295/3295/3295
f 3301/3301/3301 3299/3299/3299 3300/3300/3300
v 20.634766 -31.603516 0.000000
v 20.634766 -31.603516 5.000000
v 20.236816 -31.691406 5.000000
v 19.843750 -31.720703 5.000000
v 19.843750 -31.720703 0.000000
v 20.236816 -31.691406 0.000000
v 20.236816 -31.691406 2.500000
vn 0.280899 -0.959737 0.000000
vn 0.280899 -0.959737 0.000000
vn 0.146549 -0.989203 0.000000
vn 0.000000 -1.000000 0.000000
vn 0.000000 -1.000000 0.000000
vn 0.146549 -0.989203 0.000000
vn 0.146549 -0.989203 0.000000
vt 0.000000 0.000000
vt 0.000000 -5.000000
vt 0.500000 -5.000000
vt 1.000000 -5.000000
vt 1.000000 0.000000
vt 0.500000 0.000000
vt 0.500000 -2.500000
f 3308/3308/3308 3302/3302/3302 3303/3303/3303
f 3308/3308/3308 3303/3303/3303 3304/3304/3304
f 3308/3308/3308 3304/3304/3304 3305/3305/3305
f 3308/3308/3308 3305/3305/3305 3306/3306/3306
f 3308/3308/3308 3307/3307/3307 3302/3302/3302
f 3308/3308/3308 3306/3306/3306 3307/3307/3307
v 19.843750 -31.720703 0.000000
v 19.843750 -31.720703 5.000000
v 19.429398 -31.685982 5.000000
v 19.200991 -31.629015 5.000000
v 18.996094 -31.544922 5.000000
v 18.996094 -31.544922 0.000000
v 19.429398 -31.685982 0.000000
v 19.200991 -31.629015 0.000000
v 19.381836 -31.676758 2.500000
vn 0.000000 -1.000000 0.000000
vn 0.000000 -1.000000 0.000000
vn -0.177842 -0.984059 0.000000
vn -0.309553 -0.950882 0.000000
vn -0.451220 -0.892413 0.000000
vn -0.451220 -0.892413 0.000000
vn -0.177842 -0.984059 0.000000
vn -0.309553 -0.950882 0.000000
vn -0.203053 -0.979168 0.000000
vt 0.000000 0.000000
vt 0.000000 -5.000000
vt 0.444444 -5.000000
vt 0.722222 -5.000000
vt 1.000000 -5.000000
vt 1.000000 0.000000
vt 0.444444 0.000000
vt 0.722222 0.000000
vt 0.500000 -2.500000
f 3317/3317/3317 3309/3309/3309 3310/3310/3310
f 3317/3317/3317 3310/3310/3310 3311/3311/3311
f 3317/3317/3317 3311/3311/3311 3312/3312/3312
f 3317/3317/3317 3312/3312/3312 3313/3313/3313
f 3317/3317/3317 3313/3313/3313 3314/3314/3314
f 3317/3317/3317 3315/3315/3315 3309/3309/3309
f 3317/3317/3317 3316/3316/3316 3315/3315/3315
f 3317/3317/3317 3314/3314/3314 3316/3316/3316
v 18.996094 -31.544922 0.000000
v 18.996094 -31.544922 5.000000
v 18.757282 -31.400631 5.000000
v 18.619389 -31.287333 5.000000
v 18.490234 -31.156250 5.000000
v 18.490234 -31.156250 0.000000
v 18.757282 -31.400631 0.000000
v 18.619389 -31.287333 0.000000
v 18.729004 -31.379395 2.500000
vn -0.437193 -0.899368 0.000000
vn -0.437193 -0.899368 0.000000
vn -0.591660 -0.806188 0.000000
vn -0.675106 -0.737721 0.000000
vn -0.746451 -0.665441 0.000000
vn -0.746451 -0.665441 0.000000
vn -0.591660 -0.806188 0.000000
vn -0.675106 -0.737721 0.000000
vn -0.609267 -0.792965 0.000000
vt 0.000000 0.000000
vt 0.000000 -5.000000
vt 0.444444 -5.000000
vt 0.722222 -5.000000
vt 1.000000 -5.000000
vt 1.000000 0.000000
vt 0.444444 0.000000
vt 0.722222 0.000000
vt 0.500000 -2.500000
f 3326/3326/3326 3318/3318/3318 3319/3319/3319
f 3326/3326/3326 3319/3319/3319 3320/3320/3320
f 3326/3326/3326 3320/3320/3320 3321/3321/3321
f 3326/3326/3326 3321/3321/3321 3322/3322/3322
f 3326/3326/3326 3322/3322/3322 3323/3323/3323
f 3326/3326/3326 3324/3324/3324 3318/3318/3318
f 3326/3326/3326 3325/3325/3325 3324/3324/3324
f 3326/3326/3326 3323/3323/3323 3325/3325/3325
v 18.490234 -31.156250 0.000000
v 18.490234 -31.156250 5.000000
v 18.309099 -30.918016 5.000000
v 18.214699 -30.754623 5.000000
v 18.134766 -30.580078 5.000000
v 18.134766 -30.580078 0.000000
v 18.309099 -30.918016 0.000000
v 18.214699 -30.754623 0.000000
v 18.289062 -30.886230 2.500000
vn -0.746451 -0.665441 0.000000
vn -0.746451 -0.665441 0.000000
vn -0.840740 -0.541439 0.000000
vn -0.888712 -0.458465 0.000000
vn -0.927316 -0.374278 0.000000
vn -0.927316 -0.374278 0.000000
vn -0.840740 -0.541439 0.000000
vn -0.888712 -0.458465 0.000000
vn -0.851063 -0.525063 0.000000
vt 0.000000 0.000000
vt 0.000000 -5.000000
vt 0.444444 -5.000000
vt 0.722222 -5.000000
vt 1.000000 -5.000000
vt 1.000000 0.000000
vt 0.444444 0.000000
vt 0.722222 0.000000
vt 0.500000 -2.500000
f 3335/3335/3335 3327/3327/3327 3328/3328/3328
f 3335/3335/3335 3328/3328/3328 3329/3329/3329
f 3335/3335/3335 3329/3329/3329 3330/3330/3330
f 3335/3335/3335 3330/3330/3330 3331/3331/3331
f 3335/3335/3335 3331/3331/3331 3332/3332/3332
f 3335/3335/3335 3333/3333/3333 3327/3327/3327
f 3335/3335/3335 3334/3334/3334 3333/3333/3333
f 3335/3335/3335 3332/3332/3332 3334/3334/3334
v 18.134766 -30.580078 0.000000
v 18.134766 -30.580078 5.000000
v 18.044294 -30.286482 5.000000
v 18.014004 -30.097500 5.000000
v 18.003906 -29.904297 5.000000
v 18.003906 -29.904297 0.000000
v 18.044294 -30.286482 0.000000
v 18.014004 -30.097500 0.000000
v 18.036621 -30.249023 2.500000
vn -0.927316 -0.374278 0.000000
vn -0.927316 -0.374278 0.000000
vn -0.977432 -0.211251 0.000000
vn -0.994462 -0.105093 0.000000
vn -1.000000 0.000000 0.000000
vn -1.000000 0.000000 0.000000
vn -0.977432 -0.211251 0.000000
vn -0.994462 -0.105093 0.000000
vn -0.981763 -0.190110 0.000000
vt 0.000000 0.000000
vt 0.000000 -5.000000
vt 0.444444 -5.000000
vt 0.722222 -5.000000
vt 1.000000 -5.000000
vt 1.000000 0.000000
vt 0.444444 0.000000
vt 0.722222 0.000000
vt 0.500000 -2.500000
f 3344/3344/3344 3336/3336/3336 3337/3337/3337
f 3344/3344/3344 3337/3337/3337 3338/3338/3338
f 3344/3344/3344 3338/3338/3338 3339/3339/3339
f 3344/3344/3344 3339/3339/3339 3340/3340/3340
f 3344/3344/3344 3340/3340/3340 3341/3341/3341
f 3344/3344/3344 3342/3342/3342 3336/3336/3336
f 3344/3344/3344 3343/3343/3343 3342/3342/3342
f 3344/3344/3344 3341/3341/3341 3343/3343/3343
v 18.003906 -29.904297 0.000000
v 18.003906 -29.904297 5.000000
v 18.011719 -29.712891 5.000000
v 18.011719 -29.712891 0.000000
v 18.005859 -29.793945 2.500000
vn -1.000000 0.000000 0.000000
vn -1.000000 0.000000 0.000000
vn -0.993151 0.116841 0.000000
vn -0.993151 0.116841 0.000000
vn -0.999168 0.040782 0.000000
vt 0.000000 0.000000
vt 0.000000 -5.000000
vt 1.000000 -5.000000
vt 1.000000 0.000000
vt 0.500000 -2.500000
f 3349/3349/3349 3345/3345/3345 3346/3346/3346
f 3349/3349/3349 3346/3346/3346 3347/3347/3347
f 3349/3349/3349 3347/3347/3347 3348/3348/3348
f 3349/3349/3349 3348/3348/3348 3345/3345/3345
v 18.011719 -29.712891 0.000000
v 18.011719 -29.712891 5.000000
v 18.071518 -29.425468 5.000000
v 18.134361 -29.246613 5.000000
v 18.216797 -29.068359 5.000000
v 18.216797 -29.068359 0.000000
v 18.071518 -29.425468 0.000000
v 18.134361 -29.246613 0.000000
v 18.082520 -29.389648 2.500000
vn -0.992820 0.119617 0.000000
vn -0.992820 0.119617 0.000000
vn -0.958850 0.283913 0.000000
vn -0.926282 0.376830 0.000000
vn -0.887836 0.460159 0.000000
vn -0.887836 0.460159 0.000000
vn -0.958850 0.283913 0.000000
vn -0.926282 0.376830 0.000000
vn -0.952926 0.303204 0.000000
vt 0.000000 0.000000
vt 0.000000 -5.000000
vt 0.444444 -5.000000
vt 0.722222 -5.000000
vt 1.000000 -5.000000
vt 1.000000 0.000000
vt 0.444444 0.000000
vt 0.722222 0.000000
vt 0.500000 -2.500000
f 3358/3358/3358 3350/3350/3350 3351/3351/3351
f 3358/3358/3358 3351/3351/3351 3352/3352/3352
f 3358/3358/3358 3352/3352/3352 3353/3353/3353
f 3358/3358/3358 3353/3353/3353 3354/3354/3354
f 3358/3358/3358 3354/3354/3354 3355/3355/3355
f 3358/3358/3358 3356/3356/3356 3350/3350/3350
f 3358/3358/3358 3357/3357/3357 3356/3356/3356
f 3358/3358/3358 3355/3355/3355 3357/3357/3357
v 18.216797 -29.068359 0.000000
v 18.216797 -29.068359 5.000000
v 18.383656 -28.800226 5.000000
v 18.507536 -28.649492 5.000000
v 18.646484 -28.511719 5.000000
v 18.646484 -28.511719 0.000000
v 18.383656 -28.800226 0.000000
v 18.507536 -28.649492 0.000000
v 18.407227 -28.769043 2.500000
vn -0.887836 0.460159 0.000000
vn -0.887836 0.460159 0.000000
vn -0.803830 0.594859 0.000000
vn -0.739241 0.673441 0.000000
vn -0.667440 0.744664 0.000000
vn -0.667440 0.744664 0.000000
vn -0.803830 0.594859 0.000000
vn -0.739241 0.673441 0.000000
vn -0.791590 0.611052 0.000000
vt 0.000000 0.000000
vt 0.000000 -5.000000
vt 0.444444 -5.000000
vt 0.722222 -5.000000
vt 1.000000 -5.000000
vt 1.000000 0.000000
vt 0.444444 0.000000
vt 0.722222 0.000000
vt 0.500000 -2.500000
f 3367/3367/3367 3359/3359/3359 3360/3360/3360
f 3367/3367/3367 3360/3360/3360 3361/3361/3361
f 3367/3367/3367 3361/3361/3361 3362/3362/3362
f 3367/3367/3367 3362/3362/3362 3363/3363/3363
f 3367/3367/3367 3363/3363/3363 3364/3364/3364
f 3367/3367/3367 3365/3365/3365 3359/3359/3359
f 3367/3367/3367 3366/3366/3366 3365/3365/3365
f 3367/3367/3367 3364/3364/3364 3366/3366/3366
v 18.646484 -28.511719 0.000000
v 18.646484 -28.511719 5.000000
v 18.891275 -28.327497 5.000000
v 19.054850 -28.238613 5.000000
v 19.226562 -28.169922 5.000000
v 19.226562 -28.169922 0.000000
v 18.891275 -28.327497 0.000000
v 19.054850 -28.238613 0.000000
v 18.923340 -28.308105 2.500000
vn -0.667440 0.744664 0.000000
vn -0.667440 0.744664 0.000000
vn -0.527283 0.849690 0.000000
vn -0.425342 0.905032 0.000000
vn -0.316228 0.948683 0.000000
vn -0.316228 0.948683 0.000000
vn -0.527283 0.849690 0.000000
vn -0.425342 0.905032 0.000000
vn -0.507654 0.861561 0.000000
vt 0.000000 0.000000
vt 0.000000 -5.000000
vt 0.444444 -5.000000
vt 0.722222 -5.000000
vt 1.000000 -5.000000
vt 1.000000 0.000000
vt 0.444444 0.000000
vt 0.722222 0.000000
vt 0.500000 -2.500000
f 3376/3376/3376 3368/3368/3368 3369/3369/3369
f 3376/3376/3376 3369/3369/3369 3370/3370/3370
f 3376/3376/3376 3370/3370/3370 3371/3371/3371
f 3376/3376/3376 3371/3371/3371 3372/3372/3372
f 3376/3376/3376 3372/3372/3372 3373/3373/3373
f 3376/3376/3376 3374/3374/3374 3368/3368/3368
f 3376/3376/3376 3375/3375/3375 3374/3374/3374
f 3376/3376/3376 3373/3373/3373 3375/3375/3375
v 19.226562 -28.169922 0.000000
v 19.226562 -28.169922 5.000000
v 19.521484 -28.102539 5.000000
v 19.804688 -28.080078 5.000000
v 19.804688 -28.080078 0.000000
v 19.521484 -28.102539 0.000000
v 19.521484 -28.102539 2.500000
vn -0.286206 0.958168 0.000000
vn -0.286206 0.958168 0.000000
vn -0.153562 0.988139 0.000000
vn 0.000000 1.000000 0.000000
vn 0.000000 1.000000 0.000000
vn -0.153562 0.988139 0.000000
vn -0.153562 0.988139 0.000000
vt 0.000000 0.000000
vt 0.000000 -5.000000
vt 0.500000 -5.000000
vt 1.000000 -5.000000
vt 1.000000 0.000000
vt 0.500000 0.000000
vt 0.500000 -2.500000
f 3383/3383/3383 3377/3377/3377 3378/3378/3378
f 3383/3383/3383 3378/3378/3378 3379/3379/3379
f 3383/3383/3383 3379/3379/3379 3380/3380/3380
f 3383/3383/3383 3380/3380/3380 3381/3381/3381
f 3383/3383/3383 3382/3382/3382 3377/3377/3377
f 3383/3383/3383 3381/3381/3381 3382/3382/3382
v 19.804688 -28.080078 0.000000
v 19.804688 -28.080078 5.000000
v 20.046658 -28.096788 5.000000
v 20.277779 -28.146919 5.000000
v 20.498047 -28.230469 5.000000
v 20.498047 -28.230469 0.000000
v 20.046658 -28.096788 0.000000
v 20.277779 -28.146919 0.000000
v 20.163574 -28.117676 2.500000
vn 0.000000 1.000000 0.000000
vn 0.000000 1.000000 0.000000
vn 0.139895 0.990166 -0.000000
vn 0.283963 0.958835 -0.000000
vn 0.422885 0.906183 -0.000000
vn 0.422885 0.906183 -0.000000
vn 0.139895 0.990166 -0.000000
vn 0.283963 0.958835 -0.000000
vn 0.211972 0.977276 -0.000000
vt 0.000000 0.000000
vt 0.000000 -5.000000
vt 0.333333 -5.000000
vt 0.666667 -5.000000
vt 1.000000 -5.000000
vt 1.000000 0.000000
vt 0.333333 0.000000
vt 0.666667 0.000000
vt 0.500000 -2.500000
f 3392/3392/3392 3384/3384/3384 3385/3385/3385
f 3392/3392/3392 3385/3385/3385 3386/3386/3386
f 3392/3392/3392 3386/3386/3386 3387/3387/3387
f 3392/3392/3392 3387/3387/3387 3388/3388/3388
f 3392/3392/3392 3388/3388/3388 3389/3389/3389
f 3392/3392/3392 3390/3390/3390 3384/3384/3384
f 3392/3392/3392 3391/3391/3391 3390/3390/3390
f 3392/3392/3392 3389/3389/3389 3391/3391/3391
v 20.498047 -28.230469 0.000000
v 20.498047 -28.230469 5.000000
v 20.700087 -28.347439 5.000000
v 20.876518 -28.497829 5.000000
v 21.027344 -28.681641 5.000000
v 21.027344 -28.681641 0.000000
v 20.700087 -28.347439 0.000000
v 20.876518 -28.497829 0.000000
v 20.791504 -28.418457 2.500000
vn 0.422885 0.906183 -0.000000
vn 0.422885 0.906183 -0.000000
vn 0.576977 0.816760 -0.000000
vn 0.714491 0.699645 -0.000000
vn 0.823730 0.566983 -0.000000
vn 0.823730 0.566983 -0.000000
vn 0.576977 0.816760 -0.000000
vn 0.714491 0.699645 -0.000000
vn 0.648708 0.761038 -0.000000
vt 0.000000 0.000000
vt 0.000000 -5.000000
vt 0.333333 -5.000000
vt 0.666667 -5.000000
vt 1.000000 -5.000000
vt 1.000000 0.000000
vt 0.333333 0.000000
vt 0.666667 0.000000
vt 0.500000 -2.500000
f 3401/3401/3401 3393/3393/3393 3394/3394/3394
f 3401/3401/3401 3394/3394/3394 3395/3395/3395
f 3401/3401/3401 3395/3395/3395 3396/3396/3396
f 3401/3401/3401 3396/3396/3396 3397/3397/3397
f 3401/3401/3401 3397/3397/3397 3398/3398/3398
f 3401/3401/3401 3399/3399/3399 3393/3393/3393
f 3401/3401/3401 3400/3400/3400 3399/3399/3399
f 3401/3401/3401 3398/3398/3398 3400/3400/3400
v 21.027344 -28.681641 0.000000
v 21.027344 -28.681641 5.000000
v 21.198671 -29.000391 5.000000
v 21.309532 -29.389454 5.000000
v 21.349844 -29.687891 5.000000
v 21.363281 -30.017578 5.000000
v 21.363281 -30.017578 0.000000
v 21.198671 -29.000391 0.000000
v 21.309532 -29.389454 0.000000
v 21.349844 -29.687891 0.000000
v 21.279297 -29.251953 2.500000
vn 0.815097 0.579325 -0.000000
vn 0.815097 0.579325 -0.000000
vn 0.928900 0.370330 -0.000000
vn 0.982414 0.186713 -0.000000
vn 0.996359 0.085261 -0.000000
vn 1.000000 0.000000 -0.000000
vn 1.000000 0.000000 -0.000000
vn 0.928900 0.370330 -0.000000
vn 0.982414 0.186713 -0.000000
vn 0.996359 0.085261 -0.000000
vn 0.969808 0.243870 -0.000000
vt 0.000000 0.000000
vt 0.000000 -5.000000
vt 0.300000 -5.000000
vt 0.600000 -5.000000
vt 0.800000 -5.000000
vt 1.000000 -5.000000
vt 1.000000 0.000000
vt 0.300000 0.000000
vt 0.600000 0.000000
vt 0.800000 0.000000
vt 0.500000 -2.500000
f 3412/3412/3412 3402/3402/3402 3403/3403/3403
f 3412/3412/3412 3403/3403/3403 3404/3404/3404
f 3412/3412/3412 3404/3404/3404 3405/3405/3405
f 3412/3412/3412 3405/3405/3405 3406/3406/3406
f 3412/3412/3412 3406/3406/3406 3407/3407/3407
f 3412/3412/3412 3407/3407/3407 3408/3408/3408
f 3412/3412/3412 3409/3409/3409 3402/3402/3402
f 3412/3412/3412 3410/3410/3410 3409/3409/3409
f 3412/3412/3412 3411/3411/3411 3410/3410/3410
f 3412/3412/3412 3408/3408/3408 3411/3411/3411
v 18.804688 -29.466797 0.000000
v 18.804688 -29.466797 5.000000
v 20.593750 -29.466797 5.000000
v 20.593750 -29.466797 0.000000
vn -0.000000 1.000000 0.000000
vn -0.000000 1.000000 0.000000
vn -0.000000 1.000000 0.000000
vn -0.000000 1.000000 0.000000
vt 0.000000 0.000000
vt 0.000000 -5.000000
vt 1.789062 -5.000000
vt 1.789062 0.000000
f 3416/3416/3416 3413/3413/3413 3414/3414/3414
f 3416/3416/3416 3414/3414/3414 3415/3415/3415
v 20.593750 -29.466797 0.000000
v 20.593750 -29.466797 5.000000
v 20.586155 -29.396919 5.000000
v 20.563368 -29.322701 5.000000
v 20.525391 -29.244141 5.000000
v 20.525391 -29.244141 0.000000
v 20.586155 -29.396919 0.000000
v 20.563368 -29.322701 0.000000
v 20.576660 -29.360352 2.500000
vn -1.000000 0.000000 0.000000
vn -1.000000 0.000000 0.000000
vn -0.978487 -0.206308 0.000000
vn -0.929203 -0.369569 0.000000
vn -0.870824 -0.491594 0.000000
vn -0.870824 -0.491594 0.000000
vn -0.978487 -0.206308 0.000000
vn -0.929203 -0.369569 0.000000
vn -0.955960 -0.293497 0.000000
vt 0.000000 0.000000
vt 0.000000 -5.000000
vt 0.333333 -5.000000
vt 0.666667 -5.000000
vt 1.000000 -5.000000
vt 1.000000 0.000000
vt 0.333333 0.000000
vt 0.666667 0.000000
vt 0.500000 -2.500000
f 3425/3425/3425 3417/3417/3417 3418/3418/3418
f 3425/3425/3425 3418/3418/3418 3419/3419/3419
f 3425/3425/3425 3419/3419/3419 3420/3420/3420
f 3425/3425/3425 3420/3420/3420 3421/3421/3421
f 3425/3425/3425 3421/3421/3421 3422/3422/3422
f 3425/3425/3425 3423/3423/3423 3417/3417/3417
f 3425/3425/3425 3424/3424/3424 3423/3423/3423
f 3425/3425/3425 3422/3422/3422 3424/3424/3424
v 20.525391 -29.244141 0.000000
v 20.525391 -29.244141 5.000000
v 20.448730 -29.126953 5.000000
v 20.355469 -29.017578 5.000000
v 20.355469 -29.017578 0.000000
v 20.448730 -29.126953 0.000000
v 20.448730 -29.126953 2.500000
vn -0.870824 -0.491594 0.000000
vn -0.870824 -0.491594 0.000000
vn -0.800000 -0.600000 0.000000
vn -0.720320 -0.693642 0.000000
vn -0.720320 -0.693642 0.000000
vn -0.800000 -0.600000 0.000000
vn -0.800000 -0.600000 0.000000
vt 0.000000 0.000000
vt 0.000000 -5.000000
vt 0.500000 -5.000000
vt 1.000000 -5.000000
vt 1.000000 0.000000
vt 0.500000 0.000000
vt 0.500000 -2.500000
f 3432/3432/3432 3426/3426/3426 3427/3427/3427
f 3432/3432/3432 3427/3427/3427 3428/3428/3428
f 3432/3432/3432 3428/3428/3428 3429/3429/3429
f 3432/3432/3432 3429/3429/3429 3430/3430/3430
f 3432/3432/3432 3431/3431/3431 3426/3426/3426
f 3432/3432/3432 3430/3430/3430 3431/3431/3431
v 20.355469 -29.017578 0.000000
v 20.355469 -29.017578 5.000000
v 20.258789 -28.926758 5.000000
v 20.171875 -28.865234 5.000000
v 20.171875 -28.865234 0.000000
v 20.258789 -28.926758 0.000000
v 20.258789 -28.926758 2.500000
vn -0.720320 -0.693642 0.000000
vn -0.720320 -0.693642 0.000000
vn -0.638572 -0.769562 0.000000
vn -0.496139 -0.868243 0.000000
vn -0.496139 -0.868243 0.000000
vn -0.638572 -0.769562 0.000000
vn -0.638572 -0.769562 0.000000
vt 0.000000 0.000000
vt 0.000000 -5.000000
vt 0.500000 -5.000000
vt 1.000000 -5.000000
vt 1.000000 0.000000
vt 0.500000 0.000000
vt 0.500000 -2.500000
f 3439/3439/3439 3433/3433/3433 3434/3434/3434
f 3439/3439/3439 3434/3434/3434 3435/3435/3435
f 3439/3439/3439 3435/3435/3435 3436/3436/3436
f 3439/3439/3439 3436/3436/3436 3437/3437/3437
f 3439/3439/3439 3438/3438/3438 3433/3433/3433
f 3439/3439/3439 3437/3437/3437 3438/3438/3438
v 20.171875 -28.865234 0.000000
v 20.171875 -28.865234 5.000000
v 20.033421 -28.808811 5.000000
v 19.883680 -28.774956 5.000000
v 19.722656 -28.763672 5.000000
v 19.722656 -28.763672 0.000000
v 20.033421 -28.808811 0.000000
v 19.883680 -28.774956 0.000000
v 19.959961 -28.789062 2.500000
vn -0.454187 -0.890906 0.000000
vn -0.454187 -0.890906 0.000000
vn -0.298930 -0.954275 0.000000
vn -0.143743 -0.989615 0.000000
vn 0.000000 -1.000000 0.000000
vn 0.000000 -1.000000 0.000000
vn -0.298930 -0.954275 0.000000
vn -0.143743 -0.989615 0.000000
vn -0.220521 -0.975382 0.000000
vt 0.000000 0.000000
vt 0.000000 -5.000000
vt 0.333333 -5.000000
vt 0.666667 -5.000000
vt 1.000000 -5.000000
vt 1.000000 0.000000
vt 0.333333 0.000000
vt 0.666667 0.000000
vt 0.500000 -2.500000
f 3448/3448/3448 3440/3440/3440 3441/3441/3441
f 3448/3448/3448 3441/3441/3441 3442/3442/3442
f 3448/3448/3448 3442/3442/3442 3443/3443/3443
f 3448/3448/3448 3443/3443/3443 3444/3444/3444
f 3448/3448/3448 3444/3444/3444 3445/3445/3445
f 3448/3448/3448 3446/3446/3446 3440/3440/3440
f 3448/3448/3448 3447/3447/3447 3446/3446/3446
f 3448/3448/3448 3445/3445/3445 3447/3447/3447
v 19.722656 -28.763672 0.000000
v 19.722656 -28.763672 5.000000
v 19.515625 -28.783203 5.000000
v 19.321615 -28.841797 5.000000
v 19.140625 -28.939453 5.000000
v 19.140625 -28.939453 0.000000
v 19.515625 -28.783203 0.000000
v 19.321615 -28.841797 0.000000
v 19.416992 -28.807617 2.500000
vn 0.000000 -1.000000 0.000000
vn 0.000000 -1.000000 0.000000
vn 0.191211 -0.981549 0.000000
vn 0.384615 -0.923077 0.000000
vn 0.557556 -0.830139 0.000000
vn 0.557556 -0.830139 0.000000
vn 0.191211 -0.981549 0.000000
vn 0.384615 -0.923077 0.000000
vn 0.289116 -0.957294 0.000000
vt 0.000000 0.000000
vt 0.000000 -5.000000
vt 0.333333 -5.000000
vt 0.666667 -5.000000
vt 1.000000 -5.000000
vt 1.000000 0.000000
vt 0.333333 0.000000
vt 0.666667 0.000000
vt 0.500000 -2.500000
f 3457/3457/3457 3449/3449/3449 3450/3450/3450
f 3457/3457/3457 3450/3450/3450 3451/3451/3451
f 3457/3457/3457 3451/3451/3451 3452/3452/3452
f 3457/3457/3457 3452/3452/3452 3453/3453/3453
f 3457/3457/3457 3453/3453/3453 3454/3454/3454
f 3457/3457/3457 3455/3455/3455 3449/3449/3449
f 3457/3457/3457 3456/3456/3456 3455/3455/3455
f 3457/3457/3457 3454/3454/3454 3456/3456/3456
v 19.140625 -28.939453 0.000000
v 19.140625 -28.939453 5.000000
v 19.046225 -29.008463 5.000000
v 18.966146 -29.090494 5.000000
v 18.900391 -29.185547 5.000000
v 18.900391 -29.185547 0.000000
v 19.046225 -29.008463 0.000000
v 18.966146 -29.090494 0.000000
v 19.004395 -29.047852 2.500000
vn 0.524097 -0.851658 0.000000
vn 0.524097 -0.851658 0.000000
vn 0.654501 -0.756061 0.000000
vn 0.771930 -0.635707 0.000000
vn 0.866186 -0.499722 0.000000
vn 0.866186 -0.499722 0.000000
vn 0.654501 -0.756061 0.000000
vn 0.771930 -0.635707 0.000000
vn 0.715574 -0.698537 0.000000
vt 0.000000 0.000000
vt 0.000000 -5.000000
vt 0.333333 -5.000000
vt 0.666667 -5.000000
vt 1.000000 -5.000000
vt 1.000000 0.000000
vt 0.333333 0.000000
vt 0.666667 0.000000
vt 0.500000 -2.500000
f 3466/3466/3466 3458/3458/3458 3459/3459/3459
f 3466/3466/3466 3459/3459/3459 3460/3460/3460
f 3466/3466/3466 3460/3460/3460 3461/3461/3461
f 3466/3466/3466 3461/3461/3461 3462/3462/3462
f 3466/3466/3466 3462/3462/3462 3463/3463/3463
f 3466/3466/3466 3464/3464/3464 3458/3458/3458
f 3466/3466/3466 3465/3465/3465 3464/3464/3464
f 3466/3466/3466 3463/3463/3463 3465/3465/3465
v 18.900391 -29.185547 0.000000
v 18.900391 -29.185547 5.000000
v 18.838083 -29.316334 5.000000
v 18.815207 -29.393373 5.000000
v 18.804688 -29.466797 5.000000
v 18.804688 -29.466797 0.000000
v 18.838083 -29.316334 0.000000
v 18.815207 -29.393373 0.000000
v 18.832520 -29.332031 2.500000
vn 0.866186 -0.499722 0.000000
vn 0.866186 -0.499722 0.000000
vn 0.938319 -0.345772 0.000000
vn 0.976242 -0.216682 0.000000
vn 0.998168 -0.060495 0.000000
vn 0.998168 -0.060495 0.000000
vn 0.938319 -0.345772 0.000000
vn 0.976242 -0.216682 0.000000
vn 0.946693 -0.322138 0.000000
vt 0.000000 0.000000
vt 0.000000 -5.000000
vt 0.444444 -5.000000
vt 0.722222 -5.000000
vt 1.000000 -5.000000
vt 1.000000 0.000000
vt 0.444444 0.000000
vt 0.722222 0.000000
vt 0.500000 -2.500000
f 3475/3475/3475 3467/3467/3467 3468/3468/3468
f 3475/3475/3475 3468/3468/3468 3469/3469/3469
f 3475/3475/3475 3469/3469/3469 3470/3470/3470
f 3475/3475/3475 3470/3470/3470 3471/3471/3471
f 3475/3475/3475 3471/3471/3471 3472/3472/3472
f 3475/3475/3475 3473/3473/3473 3467/3467/3467
f 3475/3475/3475 3474/3474/3474 3473/3473/3473
f 3475/3475/3475 3472/3472/3472 3474/3474/3474
v 21.027344 -28.681641 0.000000
v 21.198671 -29.000391 0.000000
v 21.309532 -29.389454 0.000000
v 21.349844 -29.687891 0.000000
v 21.363281 -30.017578 0.000000
v 20.498047 -28.230469 0.000000
v 20.700087 -28.347439 0.000000
v 20.876518 -28.497829 0.000000
v 19.804688 -28.080078 0.000000
v 20.046658 -28.096788 0.000000
v 20.277779 -28.146919 0.000000
v 19.226562 -28.169922 0.000000
v 19.521484 -28.102539 0.000000
v 18.646484 -28.511719 0.000000
v 18.891275 -28.327497 0.000000
v 19.054850 -28.238613 0.000000
v 18.216797 -29.068359 0.000000
v 18.383656 -28.800226 0.000000
v 18.507536 -28.649492 0.000000
v 18.011719 -29.712891 0.000000
v 18.071518 -29.425468 0.000000
v 18.134361 -29.246613 0.000000
v 18.003906 -29.904297 0.000000
v 18.134766 -30.580078 0.000000
v 18.044294 -30.286482 0.000000
v 18.014004 -30.097500 0.000000
v 18.490234 -31.156250 0.000000
v 18.309099 -30.918016 0.000000
v 18.214699 -30.754623 0.000000
v 18.996094 -31.544922 0.000000
v 18.757282 -31.400631 0.000000
v 18.619389 -31.287333 0.000000
v 19.843750 -31.720703 0.000000
v 19.429398 -31.685982 0.000000
v 19.200991 -31.629015 0.000000
v 20.634766 -31.603516 0.000000
v 20.236816 -31.691406 0.000000
v 21.347656 -31.275391 0.000000
v 21.013184 -31.462891 0.000000
v 21.347656 -30.513672 0.000000
v 21.308594 -30.505859 0.000000
v 20.234375 -31.017578 0.000000
v 20.511524 -30.953476 0.000000
v 20.883739 -30.781826 0.000000
v 19.941406 -31.033203 0.000000
v 18.929688 -30.583984 0.000000
v 19.035915 -30.721245 0.000000
v 19.167101 -30.833549 0.000000
v 19.323242 -30.920898 0.000000
v 19.504341 -30.983290 0.000000
v 19.710396 -31.020725 0.000000
v 18.773438 -30.064453 0.000000
v 18.790798 -30.248915 0.000000
v 18.842882 -30.422092 0.000000
v 19.437500 -30.070312 0.000000
v 20.480469 -30.072266 0.000000
v 21.300781 -30.072266 0.000000
v 18.900391 -29.185547 0.000000
v 18.838083 -29.316334 0.000000
v 18.815207 -29.393373 0.000000
v 18.804688 -29.466797 0.000000
v 19.140625 -28.939453 0.000000
v 19.046225 -29.008463 0.000000
v 18.966146 -29.090494 0.000000
v 19.722656 -28.763672 0.000000
v 19.515625 -28.783203 0.000000
v 19.321615 -28.841797 0.000000
v 20.171875 -28.865234 0.000000
v 20.033421 -28.808811 0.000000
v 19.883680 -28.774956 0.000000
v 20.355469 -29.017578 0.000000
v 20.258789 -28.926758 0.000000
v 20.525391 -29.244141 0.000000
v 20.448730 -29.126953 0.000000
v 20.593750 -29.466797 0.000000
v 20.586155 -29.396919 0.000000
v 20.563368 -29.322701 0.000000
vn -0.000000 -0.000000 -1.000000
vn -0.000000 -0.000000 -1.000000
vn -0.000000 -0.000000 -1.000000
vn -0.000000 -0.000000 -1.000000
vn -0.000000 -0.000000 -1.000000
vn -0.000000 -0.000000 -1.000000
vn -0.000000 -0.000000 -1.000000
vn -0.000000 -0.000000 -1.000000
vn -0.000000 -0.000000 -1.000000
vn -0.000000 -0.000000 -1.000000
vn -0.000000 -0.000000 -1.000000
vn -0.000000 -0.000000 -1.000000
vn -0.000000 -0.000000 -1.000000
vn -0.000000 -0.000000 -1.000000
vn -0.000000 -0.000000 -1.000000
vn -0.000000 -0.000000 -1.000000
vn -0.000000 -0.000000 -1.000000
vn -0.000000 -0.000000 -1.000000
vn -0.000000 -0.000000 -1.000000
vn -0.000000 -0.000000 -1.000000
vn -0.000000 -0.000000 -1.000000
vn -0.000000 -0.000000 -1.000000
vn -0.000000 -0.000000 -1.000000
vn -0.000000 -0.000000 -1.000000
vn -0.000000 -0.000000 -1.000000
vn -0.000000 -0.000000 -1.000000
vn -0.000000 -0.000000 -1.000000
vn -0.000000 -0.000000 -1.000000
vn -0.000000 -0.000000 -1.000000
vn -0.000000 -0.000000 -1.000000
vn -0.000000 -0.000000 -1.000000
vn -0.000000 -0.000000 -1.000000
vn -0.000000 -0.000000 -1.000000
vn -0.000000 -0.000000 -1.000000
vn -0.000000 -0.000000 -1.000000
vn -0.000000 -0.000000 -1.000000
vn -0.000000 -0.000000 -1.000000
vn -0.000000 -0.000000 -1.000000
vn -0.000000 -0.000000 -1.000000
vn -0.000000 -0.000000 -1.000000
vn -0.000000 -0.000000 -1.000000
vn -0.000000 -0.000000 -1.000000
vn -0.000000 -0.000000 -1.000000
vn -0.000000 -0.000000 -1.000000
vn -0.000000 -0.000000 -1.000000
vn -0.000000 -0.000000 -1.000000
vn -0.000000 -0.000000 -1.000000
vn -0.000000 -0.000000 -1.000000
vn -0.000000 -0.000000 -1.000000
vn -0.000000 -0.000000 -1.000000
vn -0.000000 -0.000000 -1.000000
vn -0.000000 -0.000000 -1.000000
vn -0.000000 -0.000000 -1.000000
vn -0.000000 -0.000000 -1.000000
vn -0.000000 -0.000000 -1.000000
vn -0.000000 -0.000000 -1.000000
vn -0.000000 -0.000000 -1.000000
vn -0.000000 -0.000000 -1.000000
vn -0.000000 -0.000000 -1.000000
vn -0.000000 -0.000000 -1.000000
vn -0.000000 -0.000000 -1.000000
vn -0.000000 -0.000000 -1.000000
vn -0.000000 -0.000000 -1.000000
vn -0.000000 -0.000000 -1.000000
vn -0.000000 -0.000000 -1.000000
vn -0.000000 -0.000000 -1.000000
vn -0.000000 -0.000000 -1.000000
vn -0.000000 -0.000000 -1.000000
vn -0.000000 -0.000000 -1.000000
vn -0.000000 -0.000000 -1.000000
vn -0.000000 -0.000000 -1.000000
vn -0.000000 -0.000000 -1.000000
vn -0.000000 -0.000000 -1.000000
vn -0.000000 -0.000000 -1.000000
vn -0.000000 -0.000000 -1.000000
vn -0.000000 -0.000000 -1.000000
vn -0.000000 -0.000000 -1.000000
vt 3.343750 2.992188
vt 3.515078 2.673438
vt 3.625937 2.284375
vt 3.666250 1.985937
vt 3.679688 1.656250
vt 2.814453 3.443359
vt 3.016493 3.326389
vt 3.192925 3.175998
vt 2.121094 3.593750
vt 2.363064 3.577040
vt 2.594184 3.526910
vt 1.542969 3.503906
vt 1.837891 3.571289
vt 0.962891 3.162109
vt 1.207682 3.346330
vt 1.371256 3.435215
vt 0.533203 2.605469
vt 0.700063 2.873601
vt 0.823941 3.024336
vt 0.328125 1.960938
vt 0.387924 2.248360
vt 0.450768 2.427216
vt 0.320312 1.769531
vt 0.451172 1.093750
vt 0.360701 1.387346
vt 0.330410 1.576329
vt 0.806641 0.517578
vt 0.625506 0.755811
vt 0.531105 0.919205
vt 1.312500 0.128906
vt 1.073688 0.273196
vt 0.935794 0.386496
vt 2.160156 -0.046875
vt 1.745804 -0.012153
vt 1.517397 0.044813
vt 2.951172 0.070312
vt 2.553223 -0.017578
vt 3.664062 0.398438
vt 3.329590 0.210938
vt 3.664062 1.160156
vt 3.625000 1.167969
vt 2.550781 0.656250
vt 2.827930 0.720352
vt 3.200146 0.892002
vt 2.257812 0.640625
vt 1.246094 1.089844
vt 1.352322 0.952582
vt 1.483507 0.840278
vt 1.639648 0.752930
vt 1.820747 0.690538
vt 2.026801 0.653103
vt 1.089844 1.609375
vt 1.107205 1.424913
vt 1.159288 1.251736
vt 1.753906 1.603516
vt 2.796875 1.601562
vt 3.617188 1.601562
vt 1.216797 2.488281
vt 1.154490 2.357494
vt 1.131613 2.280454
vt 1.121094 2.207031
vt 1.457031 2.734375
vt 1.362630 2.665365
vt 1.282552 2.583333
vt 2.039062 2.910156
vt 1.832031 2.890625
vt 1.638021 2.832031
vt 2.488281 2.808594
vt 2.349826 2.865017
vt 2.200087 2.898871
vt 2.671875 2.656250
vt 2.575195 2.747070
vt 2.841797 2.429688
vt 2.765137 2.546875
vt 2.910156 2.207031
vt 2.902561 2.276910
vt 2.879774 2.351129
f 3522/3522/3522 3507/3507/3507 3502/3502/3502
f 3523/3523/3523 3505/3505/3505 3506/3506/3506
f 3523/3523/3523 3506/3506/3506 3507/3507/3507
f 3523/3523/3523 3507/3507/3507 3522/3522/3522
f 3521/3521/3521 3502/3502/3502 3503/3503/3503
f 3521/3521/3521 3522/3522/3522 3502/3502/3502
f 3524/3524/3524 3505/3505/3505 3523/3523/3523
f 3524/3524/3524 3510/3510/3510 3505/3505/3505
f 3529/3529/3529 3503/3503/3503 3504/3504/3504
f 3529/3529/3529 3504/3504/3504 3499/3499/3499
f 3529/3529/3529 3521/3521/3521 3503/3503/3503
f 3525/3525/3525 3510/3510/3510 3524/3524/3524
f 3525/3525/3525 3509/3509/3509 3510/3510/3510
f 3528/3528/3528 3499/3499/3499 3500/3500/3500
f 3528/3528/3528 3529/3529/3529 3499/3499/3499
f 3526/3526/3526 3509/3509/3509 3525/3525/3525
f 3526/3526/3526 3508/3508/3508 3509/3509/3509
f 3527/3527/3527 3498/3498/3498 3495/3495/3495
f 3527/3527/3527 3500/3500/3500 3501/3501/3501
f 3527/3527/3527 3501/3501/3501 3498/3498/3498
f 3527/3527/3527 3528/3528/3528 3500/3500/3500
f 3520/3520/3520 3508/3508/3508 3526/3526/3526
f 3520/3520/3520 3512/3512/3512 3508/3508/3508
f 3517/3517/3517 3512/3512/3512 3520/3520/3520
f 3517/3517/3517 3511/3511/3511 3512/3512/3512
f 3536/3536/3536 3495/3495/3495 3496/3496/3496
f 3536/3536/3536 3496/3496/3496 3497/3497/3497
f 3536/3536/3536 3527/3527/3527 3495/3495/3495
f 3530/3530/3530 3527/3527/3527 3536/3536/3536
f 3535/3535/3535 3497/3497/3497 3492/3492/3492
f 3535/3535/3535 3536/3536/3536 3497/3497/3497
f 3534/3534/3534 3535/3535/3535 3492/3492/3492
f 3518/3518/3518 3514/3514/3514 3511/3511/3511
f 3518/3518/3518 3511/3511/3511 3517/3517/3517
f 3533/3533/3533 3492/3492/3492 3493/3493/3493
f 3533/3533/3533 3534/3534/3534 3492/3492/3492
f 3539/3539/3539 3493/3493/3493 3494/3494/3494
f 3539/3539/3539 3533/3533/3533 3493/3493/3493
f 3538/3538/3538 3539/3539/3539 3494/3494/3494
f 3519/3519/3519 3513/3513/3513 3514/3514/3514
f 3519/3519/3519 3514/3514/3514 3518/3518/3518
f 3489/3489/3489 3538/3538/3538 3494/3494/3494
f 3537/3537/3537 3538/3538/3538 3489/3489/3489
f 3490/3490/3490 3542/3542/3542 3537/3537/3537
f 3490/3490/3490 3537/3537/3537 3489/3489/3489
f 3491/3491/3491 3542/3542/3542 3490/3490/3490
f 3515/3515/3515 3519/3519/3519 3516/3516/3516
f 3515/3515/3515 3513/3513/3513 3519/3519/3519
f 3487/3487/3487 3541/3541/3541 3542/3542/3542
f 3487/3487/3487 3542/3542/3542 3491/3491/3491
f 3550/3550/3550 3531/3531/3531 3530/3530/3530
f 3532/3532/3532 3531/3531/3531 3550/3550/3550
f 3488/3488/3488 3540/3540/3540 3541/3541/3541
f 3488/3488/3488 3541/3541/3541 3487/3487/3487
f 3479/3479/3479 3480/3480/3480 3532/3532/3532
f 3479/3479/3479 3532/3532/3532 3550/3550/3550
f 3484/3484/3484 3545/3545/3545 3540/3540/3540
f 3484/3484/3484 3540/3540/3540 3488/3488/3488
f 3478/3478/3478 3479/3479/3479 3550/3550/3550
f 3478/3478/3478 3550/3550/3550 3551/3551/3551
f 3485/3485/3485 3545/3545/3545 3484/3484/3484
f 3485/3485/3485 3544/3544/3544 3545/3545/3545
f 3486/3486/3486 3544/3544/3544 3485/3485/3485
f 3486/3486/3486 3543/3543/3543 3544/3544/3544
f 3477/3477/3477 3478/3478/3478 3551/3551/3551
f 3477/3477/3477 3551/3551/3551 3552/3552/3552
f 3477/3477/3477 3552/3552/3552 3548/3548/3548
f 3481/3481/3481 3543/3543/3543 3486/3486/3486
f 3476/3476/3476 3477/3477/3477 3548/3548/3548
f 3476/3476/3476 3548/3548/3548 3549/3549/3549
f 3476/3476/3476 3549/3549/3549 3546/3546/3546
f 3482/3482/3482 3543/3543/3543 3481/3481/3481
f 3482/3482/3482 3547/3547/3547 3543/3543/3543
f 3483/3483/3483 3476/3476/3476 3546/3546/3546
f 3483/3483/3483 3547/3547/3547 3482/3482/3482
f 3483/3483/3483 3546/3546/3546 3547/3547/3547
f 3550/3550/3550 3530/3530/3530 3536/3536/3536
v 21.027344 -28.681641 5.000000
v 21.198671 -29.000391 5.000000
v 21.309532 -29.389454 5.000000
v 21.349844 -29.687891 5.000000
v 21.363281 -30.017578 5.000000
v 20.498047 -28.230469 5.000000
v 20.700087 -28.347439 5.000000
v 20.876518 -28.497829 5.000000
v 19.804688 -28.080078 5.000000
v 20.046658 -28.096788 5.000000
v 20.277779 -28.146919 5.000000
v 19.226562 -28.169922 5.000000
v 19.521484 -28.102539 5.000000
v 18.646484 -28.511719 5.000000
v 18.891275 -28.327497 5.000000
v 19.054850 -28.238613 5.000000
v 18.216797 -29.068359 5.000000
v 18.383656 -28.800226 5.000000
v 18.507536 -28.649492 5.000000
v 18.011719 -29.712891 5.000000
v 18.071518 -29.425468 5.000000
v 18.134361 -29.246613 5.000000
v 18.003906 -29.904297 5.000000
v 18.134766 -30.580078 5.000000
v 18.044294 -30.286482 5.000000
v 18.014004 -30.097500 5.000000
v 18.490234 -31.156250 5.000000
v 18.309099 -30.918016 5.000000
v 18.214699 -30.754623 5.000000
v 18.996094 -31.544922 5.000000
v 18.757282 -31.400631 5.000000
v 18.619389 -31.287333 5.000000
v 19.843750 -31.720703 5.000000
v 19.429398 -31.685982 5.000000
v 19.200991 -31.629015 5.000000
v 20.634766 -31.603516 5.000000
v 20.236816 -31.691406 5.000000
v 21.347656 -31.275391 5.000000
v 21.013184 -31.462891 5.000000
v 21.347656 -30.513672 5.000000
v 21.308594 -30.505859 5.000000
v 20.234375 -31.017578 5.000000
v 20.511524 -30.953476 5.000000
v 20.883739 -30.781826 5.000000
v 19.941406 -31.033203 5.000000
v 18.929688 -30.583984 5.000000
v 19.035915 -30.721245 5.000000
v 19.167101 -30.833549 5.000000
v 19.323242 -30.920898 5.000000
v 19.504341 -30.983290 5.000000
v 19.710396 -31.020725 5.000000
v 18.773438 -30.064453 5.000000
v 18.790798 -30.248915 5.000000
v 18.842882 -30.422092 5.000000
v 19.437500 -30.070312 5.000000
v 20.480469 -30.072266 5.000000
v 21.300781 -30.072266 5.000000
v 18.900391 -29.185547 5.000000
v 18.838083 -29.316334 5.000000
v 18.815207 -29.393373 5.000000
v 18.804688 -29.466797 5.000000
v 19.140625 -28.939453 5.000000
v 19.046225 -29.008463 5.000000
v 18.966146 -29.090494 5.000000
v 19.722656 -28.763672 5.000000
v 19.515625 -28.783203 5.000000
v 19.321615 -28.841797 5.000000
v 20.171875 -28.865234 5.000000
v 20.033421 -28.808811 5.000000
v 19.883680 -28.774956 5.000000
v 20.355469 -29.017578 5.000000
v 20.258789 -28.926758 5.000000
v 20.525391 -29.244141 5.000000
v 20.448730 -29.126953 5.000000
v 20.593750 -29.466797 5.000000
v 20.586155 -29.396919 5.000000
v 20.563368 -29.322701 5.000000
vn 0.000000 0.000000 1.000000
vn 0.000000 0.000000 1.000000
vn 0.000000 0.000000 1.000000
vn 0.000000 0.000000 1.000000
vn 0.000000 0.000000 1.000000
vn 0.000000 0.000000 1.000000
vn 0.000000 0.000000 1.000000
vn 0.000000 0.000000 1.000000
vn 0.000000 0.000000 1.000000
vn 0.000000 0.000000 1.000000
vn 0.000000 0.000000 1.000000
vn 0.000000 0.000000 1.000000
vn 0.000000 0.000000 1.000000
vn 0.000000 0.000000 1.000000
vn 0.000000 0.000000 1.000000
vn 0.000000 0.000000 1.000000
vn 0.000000 0.000000 1.000000
vn 0.000000 0.000000 1.000000
vn 0.000000 0.000000 1.000000
vn 0.000000 0.000000 1.000000
vn 0.000000 0.000000 1.000000
vn 0.000000 0.000000 1.000000
vn 0.000000 0.000000 1.000000
vn 0.000000 0.000000 1.000000
vn 0.000000 0.000000 1.000000
vn 0.000000 0.000000 1.000000
vn 0.000000 0.000000 1.000000
vn 0.000000 0.000000 1.000000
vn 0.000000 0.000000 1.000000
vn 0.000000 0.000000 1.000000
vn 0.000000 0.000000 1.000000
vn 0.000000 0.000000 1.000000
vn 0.000000 0.000000 1.000000
vn 0.000000 0.000000 1.000000
vn 0.000000 0.000000 1.000000
vn 0.000000 0.000000 1.000000
vn 0.000000 0.000000 1.000000
vn 0.000000 0.000000 1.000000
vn 0.000000 0.000000 1.000000
vn 0.000000 0.000000 1.000000
vn 0.000000 0.000000 1.000000
vn 0.000000 0.000000 1.000000
vn 0.000000 0.000000 1.000000
vn 0.000000 0.000000 1.000000
vn 0.000000 0.000000 1.000000
vn 0.000000 0.000000 1.000000
vn 0.000000 0.000000 1.000000
vn 0.000000 0.000000 1.000000
vn 0.000000 0.000000 1.000000
vn 0.000000 0.000000 1.000000
vn 0.000000 0.000000 1.000000
vn 0.000000 0.000000 1.000000
vn 0.000000 0.000000 1.000000
vn 0.000000 0.000000 1.000000
vn 0.000000 0.000000 1.000000
vn 0.000000 0.000000 1.000000
vn 0.000000 0.000000 1.000000
vn 0.000000 0.000000 1.000000
vn 0.000000 0.000000 1.000000
vn 0.000000 0.000000 1.000000
vn 0.000000 0.000000 1.000000
vn 0.000000 0.000000 1.000000
vn 0.000000 0.000000 1.000000
vn 0.000000 0.000000 1.000000
vn 0.000000 0.000000 1.000000
vn 0.000000 0.000000 1.000000
vn 0.000000 0.000000 1.000000
vn 0.000000 0.000000 1.000000
vn 0.000000 0.000000 1.000000
vn 0.000000 0.000000 1.000000
vn 0.000000 0.000000 1.000000
vn 0.000000 0.000000 1.000000
vn 0.000000 0.000000 1.000000
vn 0.000000 0.000000 1.000000
vn 0.000000 0.000000 1.000000
vn 0.000000 0.000000 1.000000
vn 0.000000 0.000000 1.000000
vt 3.343750 2.992188
vt 3.515078 2.673438
vt 3.625937 2.284375
vt 3.666250 1.985937
vt 3.679688 1.656250
vt 2.814453 3.443359
vt 3.016493 3.326389
vt 3.192925 3.175998
vt 2.121094 3.593750
vt 2.363064 3.577040
vt 2.594184 3.526910
vt 1.542969 3.503906
vt 1.837891 3.571289
vt 0.962891 3.162109
vt 1.207682 3.346330
vt 1.371256 3.435215
vt 0.533203 2.605469
vt 0.700063 2.873601
vt 0.823941 3.024336
vt 0.328125 1.960938
vt 0.387924 2.248360
vt 0.450768 2.427216
vt 0.320312 1.769531
vt 0.451172 1.093750
vt 0.360701 1.387346
vt 0.330410 1.576329
vt 0.806641 0.517578
vt 0.625506 0.755811
vt 0.531105 0.919205
vt 1.312500 0.128906
vt 1.073688 0.273196
vt 0.935794 0.386496
vt 2.160156 -0.046875
vt 1.745804 -0.012153
vt 1.517397 0.044813
vt 2.951172 0.070312
vt 2.553223 -0.017578
vt 3.664062 0.398438
vt 3.329590 0.210938
vt 3.664062 1.160156
vt 3.625000 1.167969
vt 2.550781 0.656250
vt 2.827930 0.720352
vt 3.200146 0.892002
vt 2.257812 0.640625
vt 1.246094 1.089844
vt 1.352322 0.952582
vt 1.483507 0.840278
vt 1.639648 0.752930
vt 1.820747 0.690538
vt 2.026801 0.653103
vt 1.089844 1.609375
vt 1.107205 1.424913
vt 1.159288 1.251736
vt 1.753906 1.603516
vt 2.796875 1.601562
vt 3.617188 1.601562
vt 1.216797 2.488281
vt 1.154490 2.357494
vt 1.131613 2.280454
vt 1.121094 2.207031
vt 1.457031 2.734375
vt 1.362630 2.665365
vt 1.282552 2.583333
vt 2.039062 2.910156
vt 1.832031 2.890625
vt 1.638021 2.832031
vt 2.488281 2.808594
vt 2.349826 2.865017
vt 2.200087 2.898871
vt 2.671875 2.656250
vt 2.575195 2.747070
vt 2.841797 2.429688
vt 2.765137 2.546875
vt 2.910156 2.207031
vt 2.902561 2.276910
vt 2.879774 2.351129
f 3599/3599/3599 3579/3579/3579 3584/3584/3584
f 3600/3600/3600 3583/3583/3583 3582/3582/3582
f 3600/3600/3600 3584/3584/3584 3583/3583/3583
f 3600/3600/3600 3599/3599/3599 3584/3584/3584
f 3598/3598/3598 3580/3580/3580 3579/3579/3579
f 3598/3598/3598 3579/3579/3579 3599/3599/3599
f 3601/3601/3601 3600/3600/3600 3582/3582/3582
f 3601/3601/3601 3582/3582/3582 3587/3587/3587
f 3606/3606/3606 3581/3581/3581 3580/3580/3580
f 3606/3606/3606 3576/3576/3576 3581/3581/3581
f 3606/3606/3606 3580/3580/3580 3598/3598/3598
f 3602/3602/3602 3601/3601/3601 3587/3587/3587
f 3602/3602/3602 3587/3587/3587 3586/3586/3586
f 3605/3605/3605 3577/3577/3577 3576/3576/3576
f 3605/3605/3605 3576/3576/3576 3606/3606/3606
f 3603/3603/3603 3602/3602/3602 3586/3586/3586
f 3603/3603/3603 3586/3586/3586 3585/3585/3585
f 3604/3604/3604 3572/3572/3572 3575/3575/3575
f 3604/3604/3604 3578/3578/3578 3577/3577/3577
f 3604/3604/3604 3575/3575/3575 3578/3578/3578
f 3604/3604/3604 3577/3577/3577 3605/3605/3605
f 3597/3597/3597 3603/3603/3603 3585/3585/3585
f 3597/3597/3597 3585/3585/3585 3589/3589/3589
f 3594/3594/3594 3597/3597/3597 3589/3589/3589
f 3594/3594/3594 3589/3589/3589 3588/3588/3588
f 3613/3613/3613 3573/3573/3573 3572/3572/3572
f 3613/3613/3613 3574/3574/3574 3573/3573/3573
f 3613/3613/3613 3572/3572/3572 3604/3604/3604
f 3607/3607/3607 3613/3613/3613 3604/3604/3604
f 3612/3612/3612 3569/3569/3569 3574/3574/3574
f 3612/3612/3612 3574/3574/3574 3613/3613/3613
f 3611/3611/3611 3569/3569/3569 3612/3612/3612
f 3595/3595/3595 3588/3588/3588 3591/3591/3591
f 3595/3595/3595 3594/3594/3594 3588/3588/3588
f 3610/3610/3610 3570/3570/3570 3569/3569/3569
f 3610/3610/3610 3569/3569/3569 3611/3611/3611
f 3616/3616/3616 3571/3571/3571 3570/3570/3570
f 3616/3616/3616 3570/3570/3570 3610/3610/3610
f 3615/3615/3615 3571/3571/3571 3616/3616/3616
f 3596/3596/3596 3591/3591/3591 3590/3590/3590
f 3596/3596/3596 3595/3595/3595 3591/3591/3591
f 3566/3566/3566 3571/3571/3571 3615/3615/3615
f 3614/3614/3614 3566/3566/3566 3615/3615/3615
f 3567/3567/3567 3614/3614/3614 3619/3619/3619
f 3567/3567/3567 3566/3566/3566 3614/3614/3614
f 3568/3568/3568 3567/3567/3567 3619/3619/3619
f 3592/3592/3592 3593/3593/3593 3596/3596/3596
f 3592/3592/3592 3596/3596/3596 3590/3590/3590
f 3564/3564/3564 3619/3619/3619 3618/3618/3618
f 3564/3564/3564 3568/3568/3568 3619/3619/3619
f 3627/3627/3627 3607/3607/3607 3608/3608/3608
f 3609/3609/3609 3627/3627/3627 3608/3608/3608
f 3565/3565/3565 3618/3618/3618 3617/3617/3617
f 3565/3565/3565 3564/3564/3564 3618/3618/3618
f 3556/3556/3556 3609/3609/3609 3557/3557/3557
f 3556/3556/3556 3627/3627/3627 3609/3609/3609
f 3561/3561/3561 3617/3617/3617 3622/3622/3622
f 3561/3561/3561 3565/3565/3565 3617/3617/3617
f 3555/3555/3555 3627/3627/3627 3556/3556/3556
f 3555/3555/3555 3628/3628/3628 3627/3627/3627
f 3562/3562/3562 3561/3561/3561 3622/3622/3622
f 3562/3562/3562 3622/3622/3622 3621/3621/3621
f 3563/3563/3563 3562/3562/3562 3621/3621/3621
f 3563/3563/3563 3621/3621/3621 3620/3620/3620
f 3554/3554/3554 3628/3628/3628 3555/3555/3555
f 3554/3554/3554 3629/3629/3629 3628/3628/3628
f 3554/3554/3554 3625/3625/3625 3629/3629/3629
f 3558/3558/3558 3563/3563/3563 3620/3620/3620
f 3553/3553/3553 3625/3625/3625 3554/3554/3554
f 3553/3553/3553 3626/3626/3626 3625/3625/3625
f 3553/3553/3553 3623/3623/3623 3626/3626/3626
f 3559/3559/3559 3558/3558/3558 3620/3620/3620
f 3559/3559/3559 3620/3620/3620 3624/3624/3624
f 3560/3560/3560 3623/3623/3623 3553/3553/3553
f 3560/3560/3560 3559/3559/3559 3624/3624/3624
f 3560/3560/3560 3624/3624/3624 3623/3623/3623
f 3627/3627/3627 3613/3613/3613 3607/3607/3607
v 24.140625 -30.802734 0.000000
v 24.140625 -30.802734 5.000000
v 24.140625 -31.576172 5.000000
v 24.140625 -31.576172 0.000000
vn 1.000000 0.000000 0.000000
vn 1.000000 0.000000 0.000000
vn 1.000000 0.000000 0.000000
vn 1.000000 0.000000 0.000000
vt 0.000000 0.000000
vt 0.000000 -5.000000
vt 0.773438 -5.000000
vt 0.773438 0.000000
f 3633/3633/3633 3630/3630/3630 3631/3631/3631
f 3633/3633/3633 3631/3631/3631 3632/3632/3632
v 24.140625 -31.576172 0.000000
v 24.140625 -31.576172 5.000000
v 23.895399 -31.684679 5.000000
v 23.649305 -31.749783 5.000000
v 23.402344 -31.771484 5.000000
v 23.402344 -31.771484 0.000000
v 23.895399 -31.684679 0.000000
v 23.649305 -31.749783 0.000000
v 23.772461 -31.722656 2.500000
vn 0.469613 -0.882872 0.000000
vn 0.469613 -0.882872 0.000000
vn 0.333169 -0.942867 0.000000
vn 0.173390 -0.984853 0.000000
vn 0.000000 -1.000000 0.000000
vn 0.000000 -1.000000 0.000000
vn 0.333169 -0.942867 0.000000
vn 0.173390 -0.984853 0.000000
vn 0.255752 -0.966742 0.000000
vt 0.000000 0.000000
vt 0.000000 -5.000000
vt 0.333333 -5.000000
vt 0.666667 -5.000000
vt 1.000000 -5.000000
vt 1.000000 0.000000
vt 0.333333 0.000000
vt 0.666667 0.000000
vt 0.500000 -2.500000
f 3642/3642/3642 3634/3634/3634 3635/3635/3635
f 3642/3642/3642 3635/3635/3635 3636/3636/3636
f 3642/3642/3642 3636/3636/3636 3637/3637/3637
f 3642/3642/3642 3637/3637/3637 3638/3638/3638
f 3642/3642/3642 3638/3638/3638 3639/3639/3639
f 3642/3642/3642 3640/3640/3640 3634/3634/3634
f 3642/3642/3642 3641/3641/3641 3640/3640/3640
f 3642/3642/3642 3639/3639/3639 3641/3641/3641
v 23.402344 -31.771484 0.000000
v 23.402344 -31.771484 5.000000
v 23.108507 -31.742838 5.000000
v 22.836372 -31.656900 5.000000
v 22.585938 -31.513672 5.000000
v 22.585938 -31.513672 0.000000
v 23.108507 -31.742838 0.000000
v 22.836372 -31.656900 0.000000
v 22.969727 -31.707031 2.500000
vn 0.000000 -1.000000 0.000000
vn 0.000000 -1.000000 0.000000
vn -0.198428 -0.980115 0.000000
vn -0.401617 -0.915808 0.000000
vn -0.582908 -0.812538 0.000000
vn -0.582908 -0.812538 0.000000
vn -0.198428 -0.980115 0.000000
vn -0.401617 -0.915808 0.000000
vn -0.301131 -0.953583 0.000000
vt 0.000000 0.000000
vt 0.000000 -5.000000
vt 0.333333 -5.000000
vt 0.666667 -5.000000
vt 1.000000 -5.000000
vt 1.000000 0.000000
vt 0.333333 0.000000
vt 0.666667 0.000000
vt 0.500000 -2.500000
f 3651/3651/3651 3643/3643/3643 3644/3644/3644
f 3651/3651/3651 3644/3644/3644 3645/3645/3645
f 3651/3651/3651 3645/3645/3645 3646/3646/3646
f 3651/3651/3651 3646/3646/3646 3647/3647/3647
f 3651/3651/3651 3647/3647/3647 3648/3648/3648
f 3651/3651/3651 3649/3649/3649 3643/3643/3643
f 3651/3651/3651 3650/3650/3650 3649/3649/3649
f 3651/3651/3651 3648/3648/3648 3650/3650/3650
v 22.585938 -31.513672 0.000000
v 22.585938 -31.513672 5.000000
v 22.466797 -31.405165 5.000000
v 22.364584 -31.272352 5.000000
v 22.279297 -31.115234 5.000000
v 22.279297 -31.115234 0.000000
v 22.466797 -31.405165 0.000000
v 22.364584 -31.272352 0.000000
v 22.413574 -31.341797 2.500000
vn -0.602603 -0.798041 0.000000
vn -0.602603 -0.798041 0.000000
vn -0.736934 -0.675965 0.000000
vn -0.839705 -0.543043 0.000000
vn -0.910606 -0.413275 0.000000
vn -0.910606 -0.413275 0.000000
vn -0.736934 -0.675965 0.000000
vn -0.839705 -0.543043 0.000000
vn -0.792480 -0.609899 0.000000
vt 0.000000 0.000000
vt 0.000000 -5.000000
vt 0.333333 -5.000000
vt 0.666667 -5.000000
vt 1.000000 -5.000000
vt 1.000000 0.000000
vt 0.333333 0.000000
vt 0.666667 0.000000
vt 0.500000 -2.500000
f 3660/3660/3660 3652/3652/3652 3653/3653/3653
f 3660/3660/3660 3653/3653/3653 3654/3654/3654
f 3660/3660/3660 3654/3654/3654 3655/3655/3655
f 3660/3660/3660 3655/3655/3655 3656/3656/3656
f 3660/3660/3660 3656/3656/3656 3657/3657/3657
f 3660/3660/3660 3658/3658/3658 3652/3652/3652
f 3660/3660/3660 3659/3659/3659 3658/3658/3658
f 3660/3660/3660 3657/3657/3657 3659/3659/3659
v 22.279297 -31.115234 0.000000
v 22.279297 -31.115234 5.000000
v 22.215279 -30.942492 5.000000
v 22.176867 -30.762804 5.000000
v 22.164062 -30.576172 5.000000
v 22.164062 -30.576172 0.000000
v 22.215279 -30.942492 0.000000
v 22.176867 -30.762804 0.000000
v 22.192871 -30.853516 2.500000
vn -0.910606 -0.413275 0.000000
vn -0.910606 -0.413275 0.000000
vn -0.960264 -0.279092 0.000000
vn -0.990368 -0.138464 0.000000
vn -1.000000 0.000000 0.000000
vn -1.000000 0.000000 0.000000
vn -0.960264 -0.279092 0.000000
vn -0.990368 -0.138464 0.000000
vn -0.977906 -0.209045 0.000000
vt 0.000000 0.000000
vt 0.000000 -5.000000
vt 0.333333 -5.000000
vt 0.666667 -5.000000
vt 1.000000 -5.000000
vt 1.000000 0.000000
vt 0.333333 0.000000
vt 0.666667 0.000000
vt 0.500000 -2.500000
f 3669/3669/3669 3661/3661/3661 3662/3662/3662
f 3669/3669/3669 3662/3662/3662 3663/3663/3663
f 3669/3669/3669 3663/3663/3663 3664/3664/3664
f 3669/3669/3669 3664/3664/3664 3665/3665/3665
f 3669/3669/3669 3665/3665/3665 3666/3666/3666
f 3669/3669/3669 3667/3667/3667 3661/3661/3661
f 3669/3669/3669 3668/3668/3668 3667/3667/3667
f 3669/3669/3669 3666/3666/3666 3668/3668/3668
v 22.164062 -30.576172 0.000000
v 22.164062 -30.576172 5.000000
v 22.164062 -26.427734 5.000000
v 22.164062 -26.427734 0.000000
vn -1.000000 0.000000 0.000000
vn -1.000000 0.000000 0.000000
vn -1.000000 0.000000 0.000000
vn -1.000000 0.000000 0.000000
vt 0.000000 0.000000
vt 0.000000 -5.000000
vt 4.148438 -5.000000
vt 4.148438 0.000000
f 3673/3673/3673 3670/3670/3670 3671/3671/3671
f 3673/3673/3673 3671/3671/3671 3672/3672/3672
v 22.164062 -26.427734 0.000000
v 22.164062 -26.427734 5.000000
v 22.203125 -26.392578 5.000000
v 22.203125 -26.392578 0.000000
vn -0.668965 0.743294 0.000000
vn -0.668965 0.743294 0.000000
vn -0.668965 0.743294 0.000000
vn -0.668965 0.743294 0.000000
vt 0.000000 0.000000
vt 0.000000 -5.000000
vt 0.052553 -5.000000
vt 0.052553 0.000000
f 3677/3677/3677 3674/3674/3674 3675/3675/3675
f 3677/3677/3677 3675/3675/3675 3676/3676/3676
v 22.203125 -26.392578 0.000000
v 22.203125 -26.392578 5.000000
v 22.867188 -26.392578 5.000000
v 22.867188 -26.392578 0.000000
vn -0.000000 1.000000 0.000000
vn -0.000000 1.000000 0.000000
vn -0.000000 1.000000 0.000000
vn -0.000000 1.000000 0.000000
vt 0.000000 0.000000
vt 0.000000 -5.000000
vt 0.664062 -5.000000
vt 0.664062 0.000000
f 3681/3681/3681 3678/3678/3678 3679/3679/3679
f 3681/3681/3681 3679/3679/3679 3680/3680/3680
v 22.867188 -26.392578 0.000000
v 22.867188 -26.392578 5.000000
v 22.898438 -26.416016 5.000000
v 22.898438 -26.416016 0.000000
vn 0.600000 0.800000 0.000000
vn 0.600000 0.800000 0.000000
vn 0.600000 0.800000 0.000000
vn 0.600000 0.800000 0.000000
vt 0.000000 0.000000
vt 0.000000 -5.000000
vt 0.039062 -5.000000
vt 0.039062 0.000000
f 3685/3685/3685 3682/3682/3682 3683/3683/3683
f 3685/3685/3685 3683/3683/3683 3684/3684/3684
v 22.898438 -26.416016 0.000000
v 22.898438 -26.416016 5.000000
v 22.896484 -27.677734 5.000000
v 22.896484 -27.677734 0.000000
v 22.897949 -26.959961 2.500000
vn 1.000000 0.000000 -0.000000
vn 1.000000 0.000000 -0.000000
vn 0.999997 -0.002427 0.000000
vn 0.999997 -0.002427 0.000000
vn 0.999999 -0.001548 0.000000
vt 0.000000 0.000000
vt 0.000000 -5.000000
vt 1.000000 -5.000000
vt 1.000000 0.000000
vt 0.500000 -2.500000
f 3690/3690/3690 3686/3686/3686 3687/3687/3687
f 3690/3690/3690 3687/3687/3687 3688/3688/3688
f 3690/3690/3690 3688/3688/3688 3689/3689/3689
f 3690/3690/3690 3689/3689/3689 3686/3686/3686
v 22.896484 -27.677734 0.000000
v 22.896484 -27.677734 5.000000
v 22.892578 -29.289062 5.000000
v 22.892578 -29.289062 0.000000
v 22.894531 -28.482910 2.500000
vn 0.999997 -0.002427 0.000000
vn 0.999997 -0.002427 0.000000
vn 0.999997 -0.002421 0.000000
vn 0.999997 -0.002421 0.000000
vn 0.999997 -0.002424 0.000000
vt 0.000000 0.000000
vt 0.000000 -5.000000
vt 1.000000 -5.000000
vt 1.000000 0.000000
vt 0.500000 -2.500000
f 3695/3695/3695 3691/3691/3691 3692/3692/3692
f 3695/3695/3695 3692/3692/3692 3693/3693/3693
f 3695/3695/3695 3693/3693/3693 3694/3694/3694
f 3695/3695/3695 3694/3694/3694 3691/3691/3691
v 22.892578 -29.289062 0.000000
v 22.892578 -29.289062 5.000000
v 22.890625 -30.560547 5.000000
v 22.890625 -30.560547 0.000000
v 22.891113 -30.010254 2.500000
vn 0.999997 -0.002421 0.000000
vn 0.999997 -0.002421 0.000000
vn 1.000000 0.000000 -0.000000
vn 1.000000 0.000000 -0.000000
vn 0.999999 -0.001536 0.000000
vt 0.000000 0.000000
vt 0.000000 -5.000000
vt 1.000000 -5.000000
vt 1.000000 0.000000
vt 0.500000 -2.500000
f 3700/3700/3700 3696/3696/3696 3697/3697/3697
f 3700/3700/3700 3697/3697/3697 3698/3698/3698
f 3700/3700/3700 3698/3698/3698 3699/3699/3699
f 3700/3700/3700 3699/3699/3699 3696/3696/3696
v 22.890625 -30.560547 0.000000
v 22.890625 -30.560547 5.000000
v 22.916451 -30.654732 5.000000
v 22.962673 -30.754992 5.000000
v 23.029297 -30.861328 5.000000
v 23.029297 -30.861328 0.000000
v 22.916451 -30.654732 0.000000
v 22.962673 -30.754992 0.000000
v 22.937012 -30.704102 2.500000
vn 0.985622 0.168964 -0.000000
vn 0.985622 0.168964 -0.000000
vn 0.937698 0.347451 -0.000000
vn 0.877614 0.479369 -0.000000
vn 0.818316 0.574769 -0.000000
vn 0.818316 0.574769 -0.000000
vn 0.937698 0.347451 -0.000000
vn 0.877614 0.479369 -0.000000
vn 0.908132 0.418684 -0.000000
vt 0.000000 0.000000
vt 0.000000 -5.000000
vt 0.333333 -5.000000
vt 0.666667 -5.000000
vt 1.000000 -5.000000
vt 1.000000 0.000000
vt 0.333333 0.000000
vt 0.666667 0.000000
vt 0.500000 -2.500000
f 3709/3709/3709 3701/3701/3701 3702/3702/3702
f 3709/3709/3709 3702/3702/3702 3703/3703/3703
f 3709/3709/3709 3703/3703/3703 3704/3704/3704
f 3709/3709/3709 3704/3704/3704 3705/3705/3705
f 3709/3709/3709 3705/3705/3705 3706/3706/3706
f 3709/3709/3709 3707/3707/3707 3701/3701/3701
f 3709/3709/3709 3708/3708/3708 3707/3707/3707
f 3709/3709/3709 3706/3706/3706 3708/3708/3708
v 23.029297 -30.861328 0.000000
v 23.029297 -30.861328 5.000000
v 23.111546 -30.955946 5.000000
v 23.194845 -31.015867 5.000000
v 23.250078 -31.040718 5.000000
v 23.308594 -31.056641 5.000000
v 23.308594 -31.056641 0.000000
v 23.111546 -30.955946 0.000000
v 23.194845 -31.015867 0.000000
v 23.250078 -31.040718 0.000000
v 23.156738 -30.992188 2.500000
vn 0.818316 0.574769 -0.000000
vn 0.818316 0.574769 -0.000000
vn 0.673401 0.739277 -0.000000
vn 0.479892 0.877327 -0.000000
vn 0.337425 0.941352 -0.000000
vn 0.187112 0.982339 -0.000000
vn 0.187112 0.982339 -0.000000
vn 0.673401 0.739277 -0.000000
vn 0.479892 0.877327 -0.000000
vn 0.337425 0.941352 -0.000000
vn 0.573078 0.819501 -0.000000
vt 0.000000 0.000000
vt 0.000000 -5.000000
vt 0.333333 -5.000000
vt 0.633333 -5.000000
vt 0.816667 -5.000000
vt 1.000000 -5.000000
vt 1.000000 0.000000
vt 0.333333 0.000000
vt 0.633333 0.000000
vt 0.816667 0.000000
vt 0.500000 -2.500000
f 3720/3720/3720 3710/3710/3710 3711/3711/3711
f 3720/3720/3720 3711/3711/3711 3712/3712/3712
f 3720/3720/3720 3712/3712/3712 3713/3713/3713
f 3720/3720/3720 3713/3713/3713 3714/3714/3714
f 3720/3720/3720 3714/3714/3714 3715/3715/3715
f 3720/3720/3720 3715/3715/3715 3716/3716/3716
f 3720/3720/3720 3717/3717/3717 3710/3710/3710
f 3720/3720/3720 3718/3718/3718 3717/3717/3717
f 3720/3720/3720 3719/3719/3719 3718/3718/3718
f 3720/3720/3720 3716/3716/3716 3719/3719/3719
v 23.308594 -31.056641 0.000000
v 23.308594 -31.056641 5.000000
v 23.453125 -31.072266 5.000000
v 23.453125 -31.072266 0.000000
v 23.391602 -31.068359 2.500000
vn 0.164399 0.986394 -0.000000
vn 0.164399 0.986394 -0.000000
vn 0.000000 1.000000 -0.000000
vn 0.000000 1.000000 -0.000000
vn 0.107482 0.994207 -0.000000
vt 0.000000 0.000000
vt 0.000000 -5.000000
vt 1.000000 -5.000000
vt 1.000000 0.000000
vt 0.500000 -2.500000
f 3725/3725/3725 3721/3721/3721 3722/3722/3722
f 3725/3725/3725 3722/3722/3722 3723/3723/3723
f 3725/3725/3725 3723/3723/3723 3724/3724/3724
f 3725/3725/3725 3724/3724/3724 3721/3721/3721
v 23.453125 -31.072266 0.000000
v 23.453125 -31.072266 5.000000
v 23.627234 -31.050339 5.000000
v 23.803619 -30.984558 5.000000
v 23.955669 -30.893932 5.000000
v 24.109375 -30.771484 5.000000
v 24.109375 -30.771484 0.000000
v 23.627234 -31.050339 0.000000
v 23.803619 -30.984558 0.000000
v 23.955669 -30.893932 0.000000
v 23.777344 -30.997070 2.500000
vn 0.000000 1.000000 0.000000
vn 0.000000 1.000000 0.000000
vn -0.242755 0.970088 0.000000
vn -0.442947 0.896548 0.000000
vn -0.571740 0.820435 0.000000
vn -0.667048 0.745015 0.000000
vn -0.667048 0.745015 0.000000
vn -0.242755 0.970088 0.000000
vn -0.442947 0.896548 0.000000
vn -0.571740 0.820435 0.000000
vn -0.416655 0.909065 0.000000
vt 0.000000 0.000000
vt 0.000000 -5.000000
vt 0.270000 -5.000000
vt 0.540000 -5.000000
vt 0.770000 -5.000000
vt 1.000000 -5.000000
vt 1.000000 0.000000
vt 0.270000 0.000000
vt 0.540000 0.000000
vt 0.770000 0.000000
vt 0.500000 -2.500000
f 3736/3736/3736 3726/3726/3726 3727/3727/3727
f 3736/3736/3736 3727/3727/3727 3728/3728/3728
f 3736/3736/3736 3728/3728/3728 3729/3729/3729
f 3736/3736/3736 3729/3729/3729 3730/3730/3730
f 3736/3736/3736 3730/3730/3730 3731/3731/3731
f 3736/3736/3736 3731/3731/3731 3732/3732/3732
f 3736/3736/3736 3733/3733/3733 3726/3726/3726
f 3736/3736/3736 3734/3734/3734 3733/3733/3733
f 3736/3736/3736 3735/3735/3735 3734/3734/3734
f 3736/3736/3736 3732/3732/3732 3735/3735/3735
v 24.109375 -30.771484 0.000000
v 24.109375 -30.771484 5.000000
v 24.123047 -30.773438 5.000000
v 24.132812 -30.779297 5.000000
v 24.138672 -30.789062 5.000000
v 24.140625 -30.802734 5.000000
v 24.140625 -30.802734 0.000000
v 24.123047 -30.773438 0.000000
v 24.132812 -30.779297 0.000000
v 24.138672 -30.789062 0.000000
v 24.132812 -30.779297 2.500000
vn 0.000000 1.000000 0.000000
vn 0.000000 1.000000 0.000000
vn 0.316228 0.948683 -0.000000
vn 0.707107 0.707107 -0.000000
vn 0.948683 0.316228 -0.000000
vn 1.000000 0.000000 -0.000000
vn 1.000000 0.000000 -0.000000
vn 0.316228 0.948683 -0.000000
vn 0.707107 0.707107 -0.000000
vn 0.948683 0.316228 -0.000000
vn 0.707107 0.707107 -0.000000
vt 0.000000 0.000000
vt 0.000000 -5.000000
vt 0.250000 -5.000000
vt 0.500000 -5.000000
vt 0.750000 -5.000000
vt 1.000000 -5.000000
vt 1.000000 0.000000
vt 0.250000 0.000000
vt 0.500000 0.000000
vt 0.750000 0.000000
vt 0.500000 -2.500000
f 3747/3747/3747 3737/3737/3737 3738/3738/3738
f 3747/3747/3747 3738/3738/3738 3739/3739/3739
f 3747/3747/3747 3739/3739/3739 3740/3740/3740
f 3747/3747/3747 3740/3740/3740 3741/3741/3741
f 3747/3747/3747 3741/3741/3741 3742/3742/3742
f 3747/3747/3747 3742/3742/3742 3743/3743/3743
f 3747/3747/3747 3744/3744/3744 3737/3737/3737
f 3747/3747/3747 3745/3745/3745 3744/3744/3744
f 3747/3747/3747 3746/3746/3746 3745/3745/3745
f 3747/3747/3747 3743/3743/3743 3746/3746/3746
v 24.109375 -30.771484 0.000000
v 24.123047 -30.773438 0.000000
v 24.132812 -30.779297 0.000000
v 24.138672 -30.789062 0.000000
v 24.140625 -30.802734 0.000000
v 23.453125 -31.072266 0.000000
v 23.627234 -31.050339 0.000000
v 23.803619 -30.984558 0.000000
v 23.955669 -30.893932 0.000000
v 23.308594 -31.056641 0.000000
v 23.029297 -30.861328 0.000000
v 23.111546 -30.955946 0.000000
v 23.194845 -31.015867 0.000000
v 23.250078 -31.040718 0.000000
v 22.890625 -30.560547 0.000000
v 22.916451 -30.654732 0.000000
v 22.962673 -30.754992 0.000000
v 22.892578 -29.289062 0.000000
v 22.896484 -27.677734 0.000000
v 22.898438 -26.416016 0.000000
v 22.867188 -26.392578 0.000000
v 22.203125 -26.392578 0.000000
v 22.164062 -26.427734 0.000000
v 22.164062 -30.576172 0.000000
v 22.279297 -31.115234 0.000000
v 22.215279 -30.942492 0.000000
v 22.176867 -30.762804 0.000000
v 22.585938 -31.513672 0.000000
v 22.466797 -31.405165 0.000000
v 22.364584 -31.272352 0.000000
v 23.402344 -31.771484 0.000000
v 23.108507 -31.742838 0.000000
v 22.836372 -31.656900 0.000000
v 24.140625 -31.576172 0.000000
v 23.895399 -31.684679 0.000000
v 23.649305 -31.749783 0.000000
vn -0.000000 -0.000000 -1.000000
vn -0.000000 -0.000000 -1.000000
vn -0.000000 -0.000000 -1.000000
vn -0.000000 -0.000000 -1.000000
vn -0.000000 -0.000000 -1.000000
vn -0.000000 -0.000000 -1.000000
vn -0.000000 -0.000000 -1.000000
vn -0.000000 -0.000000 -1.000000
vn -0.000000 -0.000000 -1.000000
vn -0.000000 -0.000000 -1.000000
vn -0.000000 -0.000000 -1.000000
vn -0.000000 -0.000000 -1.000000
vn -0.000000 -0.000000 -1.000000
vn -0.000000 -0.000000 -1.000000
vn -0.000000 -0.000000 -1.000000
vn -0.000000 -0.000000 -1.000000
vn -0.000000 -0.000000 -1.000000
vn -0.000000 -0.000000 -1.000000
vn -0.000000 -0.000000 -1.000000
vn -0.000000 -0.000000 -1.000000
vn -0.000000 -0.000000 -1.000000
vn -0.000000 -0.000000 -1.000000
vn -0.000000 -0.000000 -1.000000
vn -0.000000 -0.000000 -1.000000
vn -0.000000 -0.000000 -1.000000
vn -0.000000 -0.000000 -1.000000
vn -0.000000 -0.000000 -1.000000
vn -0.000000 -0.000000 -1.000000
vn -0.000000 -0.000000 -1.000000
vn -0.000000 -0.000000 -1.000000
vn -0.000000 -0.000000 -1.000000
vn -0.000000 -0.000000 -1.000000
vn -0.000000 -0.000000 -1.000000
vn -0.000000 -0.000000 -1.000000
vn -0.000000 -0.000000 -1.000000
vn -0.000000 -0.000000 -1.000000
vt 2.425781 0.902344
vt 2.439453 0.900391
vt 2.449219 0.894531
vt 2.455078 0.884766
vt 2.457031 0.871094
vt 1.769531 0.601562
vt 1.943639 0.623489
vt 2.120025 0.689270
vt 2.272077 0.779896
vt 1.625000 0.617188
vt 1.345703 0.812500
vt 1.427951 0.717882
vt 1.511252 0.657960
vt 1.566485 0.633110
vt 1.207031 1.113281
vt 1.232856 1.019097
vt 1.279080 0.918837
vt 1.208984 2.384766
vt 1.212891 3.996094
vt 1.214844 5.257812
vt 1.183594 5.281250
vt 0.519531 5.281250
vt 0.480469 5.246094
vt 0.480469 1.097656
vt 0.595703 0.558594
vt 0.531684 0.731337
vt 0.493273 0.911024
vt 0.902344 0.160156
vt 0.783203 0.268663
vt 0.680990 0.401476
vt 1.718750 -0.097656
vt 1.424913 -0.069010
vt 1.152778 0.016927
vt 2.457031 0.097656
vt 2.211806 -0.010851
vt 1.965712 -0.075955
f 3759/3759/3759 3775/3775/3775 3776/3776/3776
f 3759/3759/3759 3780/3780/3780 3775/3775/3775
f 3758/3758/3758 3776/3776/3776 3777/3777/3777
f 3758/3758/3758 3759/3759/3759 3776/3776/3776
f 3760/3760/3760 3780/3780/3780 3759/3759/3759
f 3764/3764/3764 3772/3772/3772 3773/3773/3773
f 3764/3764/3764 3777/3777/3777 3772/3772/3772
f 3764/3764/3764 3758/3758/3758 3777/3777/3777
f 3761/3761/3761 3779/3779/3779 3780/3780/3780
f 3761/3761/3761 3780/3780/3780 3760/3760/3760
f 3757/3757/3757 3778/3778/3778 3779/3779/3779
f 3757/3757/3757 3779/3779/3779 3761/3761/3761
f 3763/3763/3763 3773/3773/3773 3774/3774/3774
f 3763/3763/3763 3764/3764/3764 3773/3773/3773
f 3762/3762/3762 3774/3774/3774 3771/3771/3771
f 3762/3762/3762 3763/3763/3763 3774/3774/3774
f 3753/3753/3753 3783/3783/3783 3778/3778/3778
f 3753/3753/3753 3778/3778/3778 3757/3757/3757
f 3754/3754/3754 3782/3782/3782 3783/3783/3783
f 3754/3754/3754 3783/3783/3783 3753/3753/3753
f 3755/3755/3755 3781/3781/3781 3782/3782/3782
f 3755/3755/3755 3782/3782/3782 3754/3754/3754
f 3756/3756/3756 3781/3781/3781 3755/3755/3755
f 3752/3752/3752 3781/3781/3781 3756/3756/3756
f 3748/3748/3748 3752/3752/3752 3756/3756/3756
f 3749/3749/3749 3751/3751/3751 3752/3752/3752
f 3749/3749/3749 3752/3752/3752 3748/3748/3748
f 3750/3750/3750 3751/3751/3751 3749/3749/3749
f 3765/3765/3765 3762/3762/3762 3771/3771/3771
f 3770/3770/3770 3765/3765/3765 3771/3771/3771
f 3770/3770/3770 3766/3766/3766 3765/3765/3765
f 3768/3768/3768 3770/3770/3770 3769/3769/3769
f 3767/3767/3767 3766/3766/3766 3770/3770/3770
f 3767/3767/3767 3770/3770/3770 3768/3768/3768
v 24.109375 -30.771484 5.000000
v 24.123047 -30.773438 5.000000
v 24.132812 -30.779297 5.000000
v 24.138672 -30.789062 5.000000
v 24.140625 -30.802734 5.000000
v 23.453125 -31.072266 5.000000
v 23.627234 -31.050339 5.000000
v 23.803619 -30.984558 5.000000
v 23.955669 -30.893932 5.000000
v 23.308594 -31.056641 5.000000
v 23.029297 -30.861328 5.000000
v 23.111546 -30.955946 5.000000
v 23.194845 -31.015867 5.000000
v 23.250078 -31.040718 5.000000
v 22.890625 -30.560547 5.000000
v 22.916451 -30.654732 5.000000
v 22.962673 -30.754992 5.000000
v 22.892578 -29.289062 5.000000
v 22.896484 -27.677734 5.000000
v 22.898438 -26.416016 5.000000
v 22.867188 -26.392578 5.000000
v 22.203125 -26.392578 5.000000
v 22.164062 -26.427734 5.000000
v 22.164062 -30.576172 5.000000
v 22.279297 -31.115234 5.000000
v 22.215279 -30.942492 5.000000
v 22.176867 -30.762804 5.000000
v 22.585938 -31.513672 5.000000
v 22.466797 -31.405165 5.000000
v 22.364584 -31.272352 5.000000
v 23.402344 -31.771484 5.000000
v 23.108507 -31.742838 5.000000
v 22.836372 -31.656900 5.000000
v 24.140625 -31.576172 5.000000
v 23.895399 -31.684679 5.000000
v 23.649305 -31.749783 5.000000
vn 0.000000 0.000000 1.000000
vn 0.000000 0.000000 1.000000
vn 0.000000 0.000000 1.000000
vn 0.000000 0.000000 1.000000
vn 0.000000 0.000000 1.000000
vn 0.000000 0.000000 1.000000
vn 0.000000 0.000000 1.000000
vn 0.000000 0.000000 1.000000
vn 0.000000 0.000000 1.000000
vn 0.000000 0.000000 1.000000
vn 0.000000 0.000000 1.000000
vn 0.000000 0.000000 1.000000
vn 0.000000 0.000000 1.000000
vn 0.000000 0.000000 1.000000
vn 0.000000 0.000000 1.000000
vn 0.000000 0.000000 1.000000
vn 0.000000 0.000000 1.000000
vn 0.000000 0.000000 1.000000
vn 0.000000 0.000000 1.000000
vn 0.000000 0.000000 1.000000
vn 0.000000 0.000000 1.000000
vn 0.000000 0.000000 1.000000
vn 0.000000 0.000000 1.000000
vn 0.000000 0.000000 1.000000
vn 0.000000 0.000000 1.000000
vn 0.000000 0.000000 1.000000
vn 0.000000 0.000000 1.000000
vn 0.000000 0.000000 1.000000
vn 0.000000 0.000000 1.000000
vn 0.000000 0.000000 1.000000
vn 0.000000 0.000000 1.000000
vn 0.000000 0.000000 1.000000
vn 0.000000 0.000000 1.000000
vn 0.000000 0.000000 1.000000
vn 0.000000 0.000000 1.000000
vn 0.000000 0.000000 1.000000
vt 2.425781 0.902344
vt 2.439453 0.900391
vt 2.449219 0.894531
vt 2.455078 0.884766
vt 2.457031 0.871094
vt 1.769531 0.601562
vt 1.943639 0.623489
vt 2.120025 0.689270
vt 2.272077 0.779896
vt 1.625000 0.617188
vt 1.345703 0.812500
vt 1.427951 0.717882
vt 1.511252 0.657960
vt 1.566485 0.633110
vt 1.207031 1.113281
vt 1.232856 1.019097
vt 1.279080 0.918837
vt 1.208984 2.384766
vt 1.212891 3.996094
vt 1.214844 5.257812
vt 1.183594 5.281250
vt 0.519531 5.281250
vt 0.480469 5.246094
vt 0.480469 1.097656
vt 0.595703 0.558594
vt 0.531684 0.731337
vt 0.493273 0.911024
vt 0.902344 0.160156
vt 0.783203 0.268663
vt 0.680990 0.401476
vt 1.718750 -0.097656
vt 1.424913 -0.069010
vt 1.152778 0.016927
vt 2.457031 0.097656
vt 2.211806 -0.010851
vt 1.965712 -0.075955
f 3795/3795/3795 3812/3812/3812 3811/3811/3811
f 3795/3795/3795 3811/3811/3811 3816/3816/3816
f 3794/3794/3794 3813/3813/3813 3812/3812/3812
f 3794/3794/3794 3812/3812/3812 3795/3795/3795
f 3796/3796/3796 3795/3795/3795 3816/3816/3816
f 3800/3800/3800 3809/3809/3809 3808/3808/3808
f 3800/3800/3800 3808/3808/3808 3813/3813/3813
f 3800/3800/3800 3813/3813/3813 3794/3794/3794
f 3797/3797/3797 3816/3816/3816 3815/3815/3815
f 3797/3797/3797 3796/3796/3796 3816/3816/3816
f 3793/3793/3793 3815/3815/3815 3814/3814/3814
f 3793/3793/3793 3797/3797/3797 3815/3815/3815
f 3799/3799/3799 3810/3810/3810 3809/3809/3809
f 3799/3799/3799 3809/3809/3809 3800/3800/3800
f 3798/3798/3798 3807/3807/3807 3810/3810/3810
f 3798/3798/3798 3810/3810/3810 3799/3799/3799
f 3789/3789/3789 3814/3814/3814 3819/3819/3819
f 3789/3789/3789 3793/3793/3793 3814/3814/3814
f 3790/3790/3790 3819/3819/3819 3818/3818/3818
f 3790/3790/3790 3789/3789/3789 3819/3819/3819
f 3791/3791/3791 3818/3818/3818 3817/3817/3817
f 3791/3791/3791 3790/3790/3790 3818/3818/3818
f 3792/3792/3792 3791/3791/3791 3817/3817/3817
f 3788/3788/3788 3792/3792/3792 3817/3817/3817
f 3784/3784/3784 3792/3792/3792 3788/3788/3788
f 3785/3785/3785 3788/3788/3788 3787/3787/3787
f 3785/3785/3785 3784/3784/3784 3788/3788/3788
f 3786/3786/3786 3785/3785/3785 3787/3787/3787
f 3801/3801/3801 3807/3807/3807 3798/3798/3798
f 3806/3806/3806 3807/3807/3807 3801/3801/3801
f 3806/3806/3806 3801/3801/3801 3802/3802/3802
f 3804/3804/3804 3805/3805/3805 3806/3806/3806
f 3803/3803/3803 3806/3806/3806 3802/3802/3802
f 3803/3803/3803 3804/3804/3804 3806/3806/3806
v 26.675781 -30.802734 0.000000
v 26.675781 -30.802734 5.000000
v 26.675781 -31.576172 5.000000
v 26.675781 -31.576172 0.000000
vn 1.000000 0.000000 0.000000
vn 1.000000 0.000000 0.000000
vn 1.000000 0.000000 0.000000
vn 1.000000 0.000000 0.000000
vt 0.000000 0.000000
vt 0.000000 -5.000000
vt 0.773438 -5.000000
vt 0.773438 0.000000
f 3823/3823/3823 3820/3820/3820 3821/3821/3821
f 3823/3823/3823 3821/3821/3821 3822/3822/3822
v 26.675781 -31.576172 0.000000
v 26.675781 -31.576172 5.000000
v 26.430555 -31.684679 5.000000
v 26.184462 -31.749783 5.000000
v 25.937500 -31.771484 5.000000
v 25.937500 -31.771484 0.000000
v 26.430555 -31.684679 0.000000
v 26.184462 -31.749783 0.000000
v 26.307617 -31.722656 2.500000
vn 0.469613 -0.882872 0.000000
vn 0.469613 -0.882872 0.000000
vn 0.333169 -0.942867 0.000000
vn 0.173390 -0.984853 0.000000
vn 0.000000 -1.000000 0.000000
vn 0.000000 -1.000000 0.000000
vn 0.333169 -0.942867 0.000000
vn 0.173390 -0.984853 0.000000
vn 0.255752 -0.966742 0.000000
vt 0.000000 0.000000
vt 0.000000 -5.000000
vt 0.333333 -5.000000
vt 0.666667 -5.000000
vt 1.000000 -5.000000
vt 1.000000 0.000000
vt 0.333333 0.000000
vt 0.666667 0.000000
vt 0.500000 -2.500000
f 3832/3832/3832 3824/3824/3824 3825/3825/3825
f 3832/3832/3832 3825/3825/3825 3826/3826/3826
f 3832/3832/3832 3826/3826/3826 3827/3827/3827
f 3832/3832/3832 3827/3827/3827 3828/3828/3828
f 3832/3832/3832 3828/3828/3828 3829/3829/3829
f 3832/3832/3832 3830/3830/3830 3824/3824/3824
f 3832/3832/3832 3831/3831/3831 3830/3830/3830
f 3832/3832/3832 3829/3829/3829 3831/3831/3831
v 25.937500 -31.771484 0.000000
v 25.937500 -31.771484 5.000000
v 25.643663 -31.742838 5.000000
v 25.371529 -31.656900 5.000000
v 25.121094 -31.513672 5.000000
v 25.121094 -31.513672 0.000000
v 25.643663 -31.742838 0.000000
v 25.371529 -31.656900 0.000000
v 25.504883 -31.707031 2.500000
vn 0.000000 -1.000000 0.000000
vn 0.000000 -1.000000 0.000000
vn -0.198428 -0.980115 0.000000
vn -0.401617 -0.915808 0.000000
vn -0.582908 -0.812538 0.000000
vn -0.582908 -0.812538 0.000000
vn -0.198428 -0.980115 0.000000
vn -0.401617 -0.915808 0.000000
vn -0.301131 -0.953583 0.000000
vt 0.000000 0.000000
vt 0.000000 -5.000000
vt 0.333333 -5.000000
vt 0.666667 -5.000000
vt 1.000000 -5.000000
vt 1.000000 0.000000
vt 0.333333 0.000000
vt 0.666667 0.000000
vt 0.500000 -2.500000
f 3841/3841/3841 3833/3833/3833 3834/3834/3834
f 3841/3841/3841 3834/3834/3834 3835/3835/3835
f 3841/3841/3841 3835/3835/3835 3836/3836/3836
f 3841/3841/3841 3836/3836/3836 3837/3837/3837
f 3841/3841/3841 3837/3837/3837 3838/3838/3838
f 3841/3841/3841 3839/3839/3839 3833/3833/3833
f 3841/3841/3841 3840/3840/3840 3839/3839/3839
f 3841/3841/3841 3838/3838/3838 3840/3840/3840
v 25.121094 -31.513672 0.000000
v 25.121094 -31.513672 5.000000
v 25.001953 -31.405165 5.000000
v 24.899740 -31.272352 5.000000
v 24.814453 -31.115234 5.000000
v 24.814453 -31.115234 0.000000
v 25.001953 -31.405165 0.000000
v 24.899740 -31.272352 0.000000
v 24.948730 -31.341797 2.500000
vn -0.602603 -0.798041 0.000000
vn -0.602603 -0.798041 0.000000
vn -0.736934 -0.675965 0.000000
vn -0.839705 -0.543043 0.000000
vn -0.910606 -0.413275 0.000000
vn -0.910606 -0.413275 0.000000
vn -0.736934 -0.675965 0.000000
vn -0.839705 -0.543043 0.000000
vn -0.792480 -0.609899 0.000000
vt 0.000000 0.000000
vt 0.000000 -5.000000
vt 0.333333 -5.000000
vt 0.666667 -5.000000
vt 1.000000 -5.000000
vt 1.000000 0.000000
vt 0.333333 0.000000
vt 0.666667 0.000000
vt 0.500000 -2.500000
f 3850/3850/3850 3842/3842/3842 3843/3843/3843
f 3850/3850/3850 3843/3843/3843 3844/3844/3844
f 3850/3850/3850 3844/3844/3844 3845/3845/3845
f 3850/3850/3850 3845/3845/3845 3846/3846/3846
f 3850/3850/3850 3846/3846/3846 3847/3847/3847
f 3850/3850/3850 3848/3848/3848 3842/3842/3842
f 3850/3850/3850 3849/3849/3849 3848/3848/3848
f 3850/3850/3850 3847/3847/3847 3849/3849/3849
v 24.814453 -31.115234 0.000000
v 24.814453 -31.115234 5.000000
v 24.750435 -30.942492 5.000000
v 24.712023 -30.762804 5.000000
v 24.699219 -30.576172 5.000000
v 24.699219 -30.576172 0.000000
v 24.750435 -30.942492 0.000000
v 24.712023 -30.762804 0.000000
v 24.728027 -30.853516 2.500000
vn -0.910606 -0.413275 0.000000
vn -0.910606 -0.413275 0.000000
vn -0.960264 -0.279092 0.000000
vn -0.990368 -0.138464 0.000000
vn -1.000000 0.000000 0.000000
vn -1.000000 0.000000 0.000000
vn -0.960264 -0.279092 0.000000
vn -0.990368 -0.138464 0.000000
vn -0.977906 -0.209045 0.000000
vt 0.000000 0.000000
vt 0.000000 -5.000000
vt 0.333333 -5.000000
vt 0.666667 -5.000000
vt 1.000000 -5.000000
vt 1.000000 0.000000
vt 0.333333 0.000000
vt 0.666667 0.000000
vt 0.500000 -2.500000
f 3859/3859/3859 3851/3851/3851 3852/3852/3852
f 3859/3859/3859 3852/3852/3852 3853/3853/3853
f 3859/3859/3859 3853/3853/3853 3854/3854/3854
f 3859/3859/3859 3854/3854/3854 3855/3855/3855
f 3859/3859/3859 3855/3855/3855 3856/3856/3856
f 3859/3859/3859 3857/3857/3857 3851/3851/3851
f 3859/3859/3859 3858/3858/3858 3857/3857/3857
f 3859/3859/3859 3856/3856/3856 3858/3858/3858
v 24.699219 -30.576172 0.000000
v 24.699219 -30.576172 5.000000
v 24.699219 -26.427734 5.000000
v 24.699219 -26.427734 0.000000
vn -1.000000 0.000000 0.000000
vn -1.000000 0.000000 0.000000
vn -1.000000 0.000000 0.000000
vn -1.000000 0.000000 0.000000
vt 0.000000 0.000000
vt 0.000000 -5.000000
vt 4.148438 -5.000000
vt 4.148438 0.000000
f 3863/3863/3863 3860/3860/3860 3861/3861/3861
f 3863/3863/3863 3861/3861/3861 3862/3862/3862
v 24.699219 -26.427734 0.000000
v 24.699219 -26.427734 5.000000
v 24.738281 -26.392578 5.000000
v 24.738281 -26.392578 0.000000
vn -0.668965 0.743294 0.000000
vn -0.668965 0.743294 0.000000
vn -0.668965 0.743294 0.000000
vn -0.668965 0.743294 0.000000
vt 0.000000 0.000000
vt 0.000000 -5.000000
vt 0.052553 -5.000000
vt 0.052553 0.000000
f 3867/3867/3867 3864/3864/3864 3865/3865/3865
f 3867/3867/3867 3865/3865/3865 3866/3866/3866
v 24.738281 -26.392578 0.000000
v 24.738281 -26.392578 5.000000
v 25.402344 -26.392578 5.000000
v 25.402344 -26.392578 0.000000
vn -0.000000 1.000000 0.000000
vn -0.000000 1.000000 0.000000
vn -0.000000 1.000000 0.000000
vn -0.000000 1.000000 0.000000
vt 0.000000 0.000000
vt 0.000000 -5.000000
vt 0.664062 -5.000000
vt 0.664062 0.000000
f 3871/3871/3871 3868/3868/3868 3869/3869/3869
f 3871/3871/3871 3869/3869/3869 3870/3870/3870
v 25.402344 -26.392578 0.000000
v 25.402344 -26.392578 5.000000
v 25.433594 -26.416016 5.000000
v 25.433594 -26.416016 0.000000
vn 0.600000 0.800000 0.000000
vn 0.600000 0.800000 0.000000
vn 0.600000 0.800000 0.000000
vn 0.600000 0.800000 0.000000
vt 0.000000 0.000000
vt 0.000000 -5.000000
vt 0.039062 -5.000000
vt 0.039062 0.000000
f 3875/3875/3875 3872/3872/3872 3873/3873/3873
f 3875/3875/3875 3873/3873/3873 3874/3874/3874
v 25.433594 -26.416016 0.000000
v 25.433594 -26.416016 5.000000
v 25.431641 -27.677734 5.000000
v 25.431641 -27.677734 0.000000
v 25.433105 -26.959961 2.500000
vn 1.000000 0.000000 -0.000000
vn 1.000000 0.000000 -0.000000
vn 0.999997 -0.002427 0.000000
vn 0.999997 -0.002427 0.000000
vn 0.999999 -0.001548 0.000000
vt 0.000000 0.000000
vt 0.000000 -5.000000
vt 1.000000 -5.000000
vt 1.000000 0.000000
vt 0.500000 -2.500000
f 3880/3880/3880 3876/3876/3876 3877/3877/3877
f 3880/3880/3880 3877/3877/3877 3878/3878/3878
f 3880/3880/3880 3878/3878/3878 3879/3879/3879
f 3880/3880/3880 3879/3879/3879 3876/3876/3876
v 25.431641 -27.677734 0.000000
v 25.431641 -27.677734 5.000000
v 25.427734 -29.289062 5.000000
v 25.427734 -29.289062 0.000000
v 25.429688 -28.482910 2.500000
vn 0.999997 -0.002427 0.000000
vn 0.999997 -0.002427 0.000000
vn 0.999997 -0.002421 0.000000
vn 0.999997 -0.002421 0.000000
vn 0.999997 -0.002424 0.000000
vt 0.000000 0.000000
vt 0.000000 -5.000000
vt 1.000000 -5.000000
vt 1.000000 0.000000
vt 0.500000 -2.500000
f 3885/3885/3885 3881/3881/3881 3882/3882/3882
f 3885/3885/3885 3882/3882/3882 3883/3883/3883
f 3885/3885/3885 3883/3883/3883 3884/3884/3884
f 3885/3885/3885 3884/3884/3884 3881/3881/3881
v 25.427734 -29.289062 0.000000
v 25.427734 -29.289062 5.000000
v 25.425781 -30.560547 5.000000
v 25.425781 -30.560547 0.000000
v 25.426270 -30.010254 2.500000
vn 0.999997 -0.002421 0.000000
vn 0.999997 -0.002421 0.000000
vn 1.000000 0.000000 -0.000000
vn 1.000000 0.000000 -0.000000
vn 0.999999 -0.001536 0.000000
vt 0.000000 0.000000
vt 0.000000 -5.000000
vt 1.000000 -5.000000
vt 1.000000 0.000000
vt 0.500000 -2.500000
f 3890/3890/3890 3886/3886/3886 3887/3887/3887
f 3890/3890/3890 3887/3887/3887 3888/3888/3888
f 3890/3890/3890 3888/3888/3888 3889/3889/3889
f 3890/3890/3890 3889/3889/3889 3886/3886/3886
v 25.425781 -30.560547 0.000000
v 25.425781 -30.560547 5.000000
v 25.451607 -30.654732 5.000000
v 25.497829 -30.754992 5.000000
v 25.564453 -30.861328 5.000000
v 25.564453 -30.861328 0.000000
v 25.451607 -30.654732 0.000000
v 25.497829 -30.754992 0.000000
v 25.472168 -30.704102 2.500000
vn 0.985622 0.168964 -0.000000
vn 0.985622 0.168964 -0.000000
vn 0.937698 0.347451 -0.000000
vn 0.877614 0.479369 -0.000000
vn 0.818316 0.574769 -0.000000
vn 0.818316 0.574769 -0.000000
vn 0.937698 0.347451 -0.000000
vn 0.877614 0.479369 -0.000000
vn 0.908132 0.418684 -0.000000
vt 0.000000 0.000000
vt 0.000000 -5.000000
vt 0.333333 -5.000000
vt 0.666667 -5.000000
vt 1.000000 -5.000000
vt 1.000000 0.000000
vt 0.333333 0.000000
vt 0.666667 0.000000
vt 0.500000 -2.500000
f 3899/3899/3899 3891/3891/3891 3892/3892/3892
f 3899/3899/3899 3892/3892/3892 3893/3893/3893
f 3899/3899/3899 3893/3893/3893 3894/3894/3894
f 3899/3899/3899 3894/3894/3894 3895/3895/3895
f 3899/3899/3899 3895/3895/3895 3896/3896/3896
f 3899/3899/3899 3897/3897/3897 3891/3891/3891
f 3899/3899/3899 3898/3898/3898 3897/3897/3897
f 3899/3899/3899 3896/3896/3896 3898/3898/3898
v 25.564453 -30.861328 0.000000
v 25.564453 -30.861328 5.000000
v 25.646702 -30.955946 5.000000
v 25.730001 -31.015867 5.000000
v 25.785234 -31.040718 5.000000
v 25.843750 -31.056641 5.000000
v 25.843750 -31.056641 0.000000
v 25.646702 -30.955946 0.000000
v 25.730001 -31.015867 0.000000
v 25.785234 -31.040718 0.000000
v 25.691895 -30.992188 2.500000
vn 0.818316 0.574769 -0.000000
vn 0.818316 0.574769 -0.000000
vn 0.673401 0.739277 -0.000000
vn 0.479892 0.877327 -0.000000
vn 0.337425 0.941352 -0.000000
vn 0.187112 0.982339 -0.000000
vn 0.187112 0.982339 -0.000000
vn 0.673401 0.739277 -0.000000
vn 0.479892 0.877327 -0.000000
vn 0.337425 0.941352 -0.000000
vn 0.573078 0.819501 -0.000000
vt 0.000000 0.000000
vt 0.000000 -5.000000
vt 0.333333 -5.000000
vt 0.633333 -5.000000
vt 0.816667 -5.000000
vt 1.000000 -5.000000
vt 1.000000 0.000000
vt 0.333333 0.000000
vt 0.633333 0.000000
vt 0.816667 0.000000
vt 0.500000 -2.500000
f 3910/3910/3910 3900/3900/3900 3901/3901/3901
f 3910/3910/3910 3901/3901/3901 3902/3902/3902
f 3910/3910/3910 3902/3902/3902 3903/3903/3903
f 3910/3910/3910 3903/3903/3903 3904/3904/3904
f 3910/3910/3910 3904/3904/3904 3905/3905/3905
f 3910/3910/3910 3905/3905/3905 3906/3906/3906
f 3910/3910/3910 3907/3907/3907 3900/3900/3900
f 3910/3910/3910 3908/3908/3908 3907/3907/3907
f 3910/3910/3910 3909/3909/3909 3908/3908/3908
f 3910/3910/3910 3906/3906/3906 3909/3909/3909
v 25.843750 -31.056641 0.000000
v 25.843750 -31.056641 5.000000
v 25.988281 -31.072266 5.000000
v 25.988281 -31.072266 0.000000
v 25.926758 -31.068359 2.500000
vn 0.164399 0.986394 -0.000000
vn 0.164399 0.986394 -0.000000
vn 0.000000 1.000000 -0.000000
vn 0.000000 1.000000 -0.000000
vn 0.107482 0.994207 -0.000000
vt 0.000000 0.000000
vt 0.000000 -5.000000
vt 1.000000 -5.000000
vt 1.000000 0.000000
vt 0.500000 -2.500000
f 3915/3915/3915 3911/3911/3911 3912/3912/3912
f 3915/3915/3915 3912/3912/3912 3913/3913/3913
f 3915/3915/3915 3913/3913/3913 3914/3914/3914
f 3915/3915/3915 3914/3914/3914 3911/3911/3911
v 25.988281 -31.072266 0.000000
v 25.988281 -31.072266 5.000000
v 26.162390 -31.050339 5.000000
v 26.338776 -30.984558 5.000000
v 26.490826 -30.893932 5.000000
v 26.644531 -30.771484 5.000000
v 26.644531 -30.771484 0.000000
v 26.162390 -31.050339 0.000000
v 26.338776 -30.984558 0.000000
v 26.490826 -30.893932 0.000000
v 26.312500 -30.997070 2.500000
vn 0.000000 1.000000 0.000000
vn 0.000000 1.000000 0.000000
vn -0.242755 0.970088 0.000000
vn -0.442947 0.896548 0.000000
vn -0.571740 0.820435 0.000000
vn -0.667048 0.745015 0.000000
vn -0.667048 0.745015 0.000000
vn -0.242755 0.970088 0.000000
vn -0.442947 0.896548 0.000000
vn -0.571740 0.820435 0.000000
vn -0.416655 0.909065 0.000000
vt 0.000000 0.000000
vt 0.000000 -5.000000
vt 0.270000 -5.000000
vt 0.540000 -5.000000
vt 0.770000 -5.000000
vt 1.000000 -5.000000
vt 1.000000 0.000000
vt 0.270000 0.000000
vt 0.540000 0.000000
vt 0.770000 0.000000
vt 0.500000 -2.500000
f 3926/3926/3926 3916/3916/3916 3917/3917/3917
f 3926/3926/3926 3917/3917/3917 3918/3918/3918
f 3926/3926/3926 3918/3918/3918 3919/3919/3919
f 3926/3926/3926 3919/3919/3919 3920/3920/3920
f 3926/3926/3926 3920/3920/3920 3921/3921/3921
f 3926/3926/3926 3921/3921/3921 3922/3922/3922
f 3926/3926/3926 3923/3923/3923 3916/3916/3916
f 3926/3926/3926 3924/3924/3924 3923/3923/3923
f 3926/3926/3926 3925/3925/3925 3924/3924/3924
f 3926/3926/3926 3922/3922/3922 3925/3925/3925
v 26.644531 -30.771484 0.000000
v 26.644531 -30.771484 5.000000
v 26.658203 -30.773438 5.000000
v 26.667969 -30.779297 5.000000
v 26.673828 -30.789062 5.000000
v 26.675781 -30.802734 5.000000
v 26.675781 -30.802734 0.000000
v 26.658203 -30.773438 0.000000
v 26.667969 -30.779297 0.000000
v 26.673828 -30.789062 0.000000
v 26.667969 -30.779297 2.500000
vn 0.000000 1.000000 0.000000
vn 0.000000 1.000000 0.000000
vn 0.316228 0.948683 -0.000000
vn 0.707107 0.707107 -0.000000
vn 0.948683 0.316228 -0.000000
vn 1.000000 0.000000 -0.000000
vn 1.000000 0.000000 -0.000000
vn 0.316228 0.948683 -0.000000
vn 0.707107 0.707107 -0.000000
vn 0.948683 0.316228 -0.000000
vn 0.707107 0.707107 -0.000000
vt 0.000000 0.000000
vt 0.000000 -5.000000
vt 0.250000 -5.000000
vt 0.500000 -5.000000
vt 0.750000 -5.000000
vt 1.000000 -5.000000
vt 1.000000 0.000000
vt 0.250000 0.000000
vt 0.500000 0.000000
vt 0.750000 0.000000
vt 0.500000 -2.500000
f 3937/3937/3937 3927/3927/3927 3928/3928/3928
f 3937/3937/3937 3928/3928/3928 3929/3929/3929
f 3937/3937/3937 3929/3929/3929 3930/3930/3930
f 3937/3937/3937 3930/3930/3930 3931/3931/3931
f 3937/3937/3937 3931/3931/3931 3932/3932/3932
f 3937/3937/3937 3932/3932/3932 3933/3933/3933
f 3937/3937/3937 3934/3934/3934 3927/3927/3927
f 3937/3937/3937 3935/3935/3935 3934/3934/3934
f 3937/3937/3937 3936/3936/3936 3935/3935/3935
f 3937/3937/3937 3933/3933/3933 3936/3936/3936
v 26.644531 -30.771484 0.000000
v 26.658203 -30.773438 0.000000
v 26.667969 -30.779297 0.000000
v 26.673828 -30.789062 0.000000
v 26.675781 -30.802734 0.000000
v 25.988281 -31.072266 0.000000
v 26.162390 -31.050339 0.000000
v 26.338776 -30.984558 0.000000
v 26.490826 -30.893932 0.000000
v 25.843750 -31.056641 0.000000
v 25.564453 -30.861328 0.000000
v 25.646702 -30.955946 0.000000
v 25.730001 -31.015867 0.000000
v 25.785234 -31.040718 0.000000
v 25.425781 -30.560547 0.000000
v 25.451607 -30.654732 0.000000
v 25.497829 -30.754992 0.000000
v 25.427734 -29.289062 0.000000
v 25.431641 -27.677734 0.000000
v 25.433594 -26.416016 0.000000
v 25.402344 -26.392578 0.000000
v 24.738281 -26.392578 0.000000
v 24.699219 -26.427734 0.000000
v 24.699219 -30.576172 0.000000
v 24.814453 -31.115234 0.000000
v 24.750435 -30.942492 0.000000
v 24.712023 -30.762804 0.000000
v 25.121094 -31.513672 0.000000
v 25.001953 -31.405165 0.000000
v 24.899740 -31.272352 0.000000
v 25.937500 -31.771484 0.000000
v 25.643663 -31.742838 0.000000
v 25.371529 -31.656900 0.000000
v 26.675781 -31.576172 0.000000
v 26.430555 -31.684679 0.000000
v 26.184462 -31.749783 0.000000
vn -0.000000 -0.000000 -1.000000
vn -0.000000 -0.000000 -1.000000
vn -0.000000 -0.000000 -1.000000
vn -0.000000 -0.000000 -1.000000
vn -0.000000 -0.000000 -1.000000
vn -0.000000 -0.000000 -1.000000
vn -0.000000 -0.000000 -1.000000
vn -0.000000 -0.000000 -1.000000
vn -0.000000 -0.000000 -1.000000
vn -0.000000 -0.000000 -1.000000
vn -0.000000 -0.000000 -1.000000
vn -0.000000 -0.000000 -1.000000
vn -0.000000 -0.000000 -1.000000
vn -0.000000 -0.000000 -1.000000
vn -0.000000 -0.000000 -1.000000
vn -0.000000 -0.000000 -1.000000
vn -0.000000 -0.000000 -1.000000
vn -0.000000 -0.000000 -1.000000
vn -0.000000 -0.000000 -1.000000
vn -0.000000 -0.000000 -1.000000
vn -0.000000 -0.000000 -1.000000
vn -0.000000 -0.000000 -1.000000
vn -0.000000 -0.000000 -1.000000
vn -0.000000 -0.000000 -1.000000
vn -0.000000 -0.000000 -1.000000
vn -0.000000 -0.000000 -1.000000
vn -0.000000 -0.000000 -1.000000
vn -0.000000 -0.000000 -1.000000
vn -0.000000 -0.000000 -1.000000
vn -0.000000 -0.000000 -1.000000
vn -0.000000 -0.000000 -1.000000
vn -0.000000 -0.000000 -1.000000
vn -0.000000 -0.000000 -1.000000
vn -0.000000 -0.000000 -1.000000
vn -0.000000 -0.000000 -1.000000
vn -0.000000 -0.000000 -1.000000
vt 2.425781 0.902344
vt 2.439453 0.900391
vt 2.449219 0.894531
vt 2.455078 0.884766
vt 2.457031 0.871094
vt 1.769531 0.601562
vt 1.943639 0.623489
vt 2.120025 0.689270
vt 2.272077 0.779896
vt 1.625000 0.617188
vt 1.345703 0.812500
vt 1.427951 0.717882
vt 1.511252 0.657960
vt 1.566485 0.633110
vt 1.207031 1.113281
vt 1.232856 1.019097
vt 1.279080 0.918837
vt 1.208984 2.384766
vt 1.212891 3.996094
vt 1.214844 5.257812
vt 1.183594 5.281250
vt 0.519531 5.281250
vt 0.480469 5.246094
vt 0.480469 1.097656
vt 0.595703 0.558594
vt 0.531684 0.731337
vt 0.493273 0.911024
vt 0.902344 0.160156
vt 0.783203 0.268663
vt 0.680990 0.401476
vt 1.718750 -0.097656
vt 1.424913 -0.069010
vt 1.152778 0.016927
vt 2.457031 0.097656
vt 2.211806 -0.010851
vt 1.965712 -0.075955
f 3949/3949/3949 3965/3965/3965 3966/3966/3966
f 3949/3949/3949 3970/3970/3970 3965/3965/3965
f 3948/3948/3948 3966/3966/3966 3967/3967/3967
f 3948/3948/3948 3949/3949/3949 3966/3966/3966
f 3950/3950/3950 3970/3970/3970 3949/3949/3949
f 3954/3954/3954 3962/3962/3962 3963/3963/3963
f 3954/3954/3954 3967/3967/3967 3962/3962/3962
f 3954/3954/3954 3948/3948/3948 3967/3967/3967
f 3951/3951/3951 3969/3969/3969 3970/3970/3970
f 3951/3951/3951 3970/3970/3970 3950/3950/3950
f 3947/3947/3947 3968/3968/3968 3969/3969/3969
f 3947/3947/3947 3969/3969/3969 3951/3951/3951
f 3953/3953/3953 3963/3963/3963 3964/3964/3964
f 3953/3953/3953 3954/3954/3954 3963/3963/3963
f 3952/3952/3952 3964/3964/3964 3961/3961/3961
f 3952/3952/3952 3953/3953/3953 3964/3964/3964
f 3943/3943/3943 3973/3973/3973 3968/3968/3968
f 3943/3943/3943 3968/3968/3968 3947/3947/3947
f 3944/3944/3944 3972/3972/3972 3973/3973/3973
f 3944/3944/3944 3973/3973/3973 3943/3943/3943
f 3945/3945/3945 3971/3971/3971 3972/3972/3972
f 3945/3945/3945 3972/3972/3972 3944/3944/3944
f 3946/3946/3946 3971/3971/3971 3945/3945/3945
f 3942/3942/3942 3971/3971/3971 3946/3946/3946
f 3938/3938/3938 3942/3942/3942 3946/3946/3946
f 3939/3939/3939 3941/3941/3941 3942/3942/3942
f 3939/3939/3939 3942/3942/3942 3938/3938/3938
f 3940/3940/3940 3941/3941/3941 3939/3939/3939
f 3955/3955/3955 3952/3952/3952 3961/3961/3961
f 3960/3960/3960 3955/3955/3955 3961/3961/3961
f 3960/3960/3960 3956/3956/3956 3955/3955/3955
f 3958/3958/3958 3960/3960/3960 3959/3959/3959
f 3957/3957/3957 3956/3956/3956 3960/3960/3960
f 3957/3957/3957 3960/3960/3960 3958/3958/3958
v 26.644531 -30.771484 5.000000
v 26.658203 -30.773438 5.000000
v 26.667969 -30.779297 5.000000
v 26.673828 -30.789062 5.000000
v 26.675781 -30.802734 5.000000
v 25.988281 -31.072266 5.000000
v 26.162390 -31.050339 5.000000
v 26.338776 -30.984558 5.000000
v 26.490826 -30.893932 5.000000
v 25.843750 -31.056641 5.000000
v 25.564453 -30.861328 5.000000
v 25.646702 -30.955946 5.000000
v 25.730001 -31.015867 5.000000
v 25.785234 -31.040718 5.000000
v 25.425781 -30.560547 5.000000
v 25.451607 -30.654732 5.000000
v 25.497829 -30.754992 5.000000
v 25.427734 -29.289062 5.000000
v 25.431641 -27.677734 5.000000
v 25.433594 -26.416016 5.000000
v 25.402344 -26.392578 5.000000
v 24.738281 -26.392578 5.000000
v 24.699219 -26.427734 5.000000
v 24.699219 -30.576172 5.000000
v 24.814453 -31.115234 5.000000
v 24.750435 -30.942492 5.000000
v 24.712023 -30.762804 5.000000
v 25.121094 -31.513672 5.000000
v 25.001953 -31.405165 5.000000
v 24.899740 -31.272352 5.000000
v 25.937500 -31.771484 5.000000
v 25.643663 -31.742838 5.000000
v 25.371529 -31.656900 5.000000
v 26.675781 -31.576172 5.000000
v 26.430555 -31.684679 5.000000
v 26.184462 -31.749783 5.000000
vn 0.000000 0.000000 1.000000
vn 0.000000 0.000000 1.000000
vn 0.000000 0.000000 1.000000
vn 0.000000 0.000000 1.000000
vn 0.000000 0.000000 1.000000
vn 0.000000 0.000000 1.000000
vn 0.000000 0.000000 1.000000
vn 0.000000 0.000000 1.000000
vn 0.000000 0.000000 1.000000
vn 0.000000 0.000000 1.000000
vn 0.000000 0.000000 1.000000
vn 0.000000 0.000000 1.000000
vn 0.000000 0.000000 1.000000
vn 0.000000 0.000000 1.000000
vn 0.000000 0.000000 1.000000
vn 0.000000 0.000000 1.000000
vn 0.000000 0.000000 1.000000
vn 0.000000 0.000000 1.000000
vn 0.000000 0.000000 1.000000
vn 0.000000 0.000000 1.000000
vn 0.000000 0.000000 1.000000
vn 0.000000 0.000000 1.000000
vn 0.000000 0.000000 1.000000
vn 0.000000 0.000000 1.000000
vn 0.000000 0.000000 1.000000
vn 0.000000 0.000000 1.000000
vn 0.000000 0.000000 1.000000
vn 0.000000 0.000000 1.000000
vn 0.000000 0.000000 1.000000
vn 0.000000 0.000000 1.000000
vn 0.000000 0.000000 1.000000
vn 0.000000 0.000000 1.000000
vn 0.000000 0.000000 1.000000
vn 0.000000 0.000000 1.000000
vn 0.000000 0.000000 1.000000
vn 0.000000 0.000000 1.000000
vt 2.425781 0.902344
vt 2.439453 0.900391
vt 2.449219 0.894531
vt 2.455078 0.884766
vt 2.457031 0.871094
vt 1.769531 0.601562
vt 1.943639 0.623489
vt 2.120025 0.689270
vt 2.272077 0.779896
vt 1.625000 0.617188
vt 1.345703 0.812500
vt 1.427951 0.717882
vt 1.511252 0.657960
vt 1.566485 0.633110
vt 1.207031 1.113281
vt 1.232856 1.019097
vt 1.279080 0.918837
vt 1.208984 2.384766
vt 1.212891 3.996094
vt 1.214844 5.257812
vt 1.183594 5.281250
vt 0.519531 5.281250
vt 0.480469 5.246094
vt 0.480469 1.097656
vt 0.595703 0.558594
vt 0.531684 0.731337
vt 0.493273 0.911024
vt 0.902344 0.160156
vt 0.783203 0.268663
vt 0.680990 0.401476
vt 1.718750 -0.097656
vt 1.424913 -0.069010
vt 1.152778 0.016927
vt 2.457031 0.097656
vt 2.211806 -0.010851
vt 1.965712 -0.075955
f 3985/3985/3985 4002/4002/4002 4001/4001/4001
f 3985/3985/3985 4001/4001/4001 4006/4006/4006
f 3984/3984/3984 4003/4003/4003 4002/4002/4002
f 3984/3984/3984 4002/4002/4002 3985/3985/3985
f 3986/3986/3986 3985/3985/3985 4006/4006/4006
f 3990/3990/3990 3999/3999/3999 3998/3998/3998
f 3990/3990/3990 3998/3998/3998 4003/4003/4003
f 3990/3990/3990 4003/4003/4003 3984/3984/3984
f 3987/3987/3987 4006/4006/4006 4005/4005/4005
f 3987/3987/3987 3986/3986/3986 4006/4006/4006
f 3983/3983/3983 4005/4005/4005 4004/4004/4004
f 3983/3983/3983 3987/3987/3987 4005/4005/4005
f 3989/3989/3989 4000/4000/4000 3999/3999/3999
f 3989/3989/3989 3999/3999/3999 3990/3990/3990
f 3988/3988/3988 3997/3997/3997 4000/4000/4000
f 3988/3988/3988 4000/4000/4000 3989/3989/3989
f 3979/3979/3979 4004/4004/4004 4009/4009/4009
f 3979/3979/3979 3983/3983/3983 4004/4004/4004
f 3980/3980/3980 4009/4009/4009 4008/4008/4008
f 3980/3980/3980 3979/3979/3979 4009/4009/4009
f 3981/3981/3981 4008/4008/4008 4007/4007/4007
f 3981/3981/3981 3980/3980/3980 4008/4008/4008
f 3982/3982/3982 3981/3981/3981 4007/4007/4007
f 3978/3978/3978 3982/3982/3982 4007/4007/4007
f 3974/3974/3974 3982/3982/3982 3978/3978/3978
f 3975/3975/3975 3978/3978/3978 3977/3977/3977
f 3975/3975/3975 3974/3974/3974 3978/3978/3978
f 3976/3976/3976 3975/3975/3975 3977/3977/3977
f 3991/3991/3991 3997/3997/3997 3988/3988/3988
f 3996/3996/3996 3997/3997/3997 3991/3991/3991
f 3996/3996/3996 3991/3991/3991 3992/3992/3992
f 3994/3994/3994 3995/3995/3995 3996/3996/3996
f 3993/3993/3993 3996/3996/3996 3992/3992/3992
f 3993/3993/3993 3994/3994/3994 3996/3996/3996
g colour1
usemtl colour1
v 9.000000 -4.000000 0.010000
v 9.000000 -4.000000 5.010000
v 9.000000 -6.000000 5.010000
v 9.000000 -6.000000 0.010000
vn -1.000000 -0.000000 -0.000000
vn -1.000000 -0.000000 -0.000000
vn -1.000000 -0.000000 -0.000000
vn -1.000000 -0.000000 -0.000000
vt 0.000000 0.000000
vt 0.000000 -5.000000
vt 2.000000 -5.000000
vt 2.000000 0.000000
f 4013/4013/4013 4011/4011/4011 4010/4010/4010
f 4013/4013/4013 4012/4012/4012 4011/4011/4011
v 9.000000 -6.000000 0.010000
v 9.000000 -6.000000 5.010000
v 21.000000 -6.000000 5.010000
v 21.000000 -6.000000 0.010000
vn 0.000000 -1.000000 -0.000000
vn 0.000000 -1.000000 -0.000000
vn 0.000000 -1.000000 -0.000000
vn 0.000000 -1.000000 -0.000000
vt 0.000000 0.000000
vt 0.000000 -5.000000
vt 12.000000 -5.000000
vt 12.000000 0.000000
f 4017/4017/4017 4015/4015/4015 4014/4014/4014
f 4017/4017/4017 4016/4016/4016 4015/4015/4015
v 21.000000 -6.000000 0.010000
v 21.000000 -6.000000 5.010000
v 21.000000 -4.000000 5.010000
v 21.000000 -4.000000 0.010000
vn 1.000000 -0.000000 -0.000000
vn 1.000000 -0.000000 -0.000000
vn 1.000000 -0.000000 -0.000000
vn 1.000000 -0.000000 -0.000000
vt 0.000000 0.000000
vt 0.000000 -5.000000
vt 2.000000 -5.000000
vt 2.000000 0.000000
f 4021/4021/4021 4019/4019/4019 4018/4018/4018
f 4021/4021/4021 4020/4020/4020 4019/4019/4019
v 21.000000 -4.000000 0.010000
v 21.000000 -4.000000 5.010000
v 9.000000 -4.000000 5.010000
v 9.000000 -4.000000 0.010000
vn -0.000000 1.000000 -0.000000
vn -0.000000 1.000000 -0.000000
vn -0.000000 1.000000 -0.000000
vn -0.000000 1.000000 -0.000000
vt 0.000000 0.000000
vt 0.000000 -5.000000
vt 12.000000 -5.000000
vt 12.000000 0.000000
f 4025/4025/4025 4023/4023/4023 4022/4022/4022
f 4025/4025/4025 4024/4024/4024 4023/4023/4023
v 9.000000 -4.000000 0.010000
v 9.000000 -6.000000 0.010000
v 21.000000 -6.000000 0.010000
v 21.000000 -4.000000 0.010000
vn -0.000000 -0.000000 -1.000000
vn -0.000000 -0.000000 -1.000000
vn -0.000000 -0.000000 -1.000000
vn -0.000000 -0.000000 -1.000000
vt -6.000000 1.000000
vt -6.000000 -1.000000
vt 6.000000 -1.000000
vt 6.000000 1.000000
f 4029/4029/4029 4027/4027/4027 4026/4026/4026
f 4029/4029/4029 4028/4028/4028 4027/4027/4027
v 9.000000 -4.000000 5.010000
v 9.000000 -6.000000 5.010000
v 21.000000 -6.000000 5.010000
v 21.000000 -4.000000 5.010000
vn 0.000000 0.000000 1.000000
vn 0.000000 0.000000 1.000000
vn 0.000000 0.000000 1.000000
vn 0.000000 0.000000 1.000000
vt -6.000000 1.000000
vt -6.000000 -1.000000
vt 6.000000 -1.000000
vt 6.000000 1.000000
f 4033/4033/4033 4030/4030/4030 4031/4031/4031
f 4033/4033/4033 4031/4031/4031 4032/4032/4032
g colour2
usemtl colour2
v 9.000000 -6.000000 0.020000
v 9.000000 -6.000000 5.020000
v 9.000000 -8.000000 5.020000
v 9.000000 -8.000000 0.020000
vn -1.000000 -0.000000 -0.000000
vn -1.000000 -0.000000 -0.000000
vn -1.000000 -0.000000 -0.000000
vn -1.000000 -0.000000 -0.000000
vt 0.000000 0.000000
vt 0.000000 -5.000000
vt 2.000000 -5.000000
vt 2.000000 0.000000
f 4037/4037/4037 4035/4035/4035 4034/4034/4034
f 4037/4037/4037 4036/4036/4036 4035/4035/4035
v 9.000000 -8.000000 0.020000
v 9.000000 -8.000000 5.020000
v 21.000000 -8.000000 5.020000
v 21.000000 -8.000000 0.020000
vn 0.000000 -1.000000 -0.000000
vn 0.000000 -1.000000 -0.000000
vn 0.000000 -1.000000 -0.000000
vn 0.000000 -1.000000 -0.000000
vt 0.000000 0.000000
vt 0.000000 -5.000000
vt 12.000000 -5.000000
vt 12.000000 0.000000
f 4041/4041/4041 4039/4039/4039 4038/4038/4038
f 4041/4041/4041 4040/4040/4040 4039/4039/4039
v 21.000000 -8.000000 0.020000
v 21.000000 -8.000000 5.020000
v 21.000000 -6.000000 5.020000
v 21.000000 -6.000000 0.020000
vn 1.000000 -0.000000 -0.000000
vn 1.000000 -0.000000 -0.000000
vn 1.000000 -0.000000 -0.000000
vn 1.000000 -0.000000 -0.000000
vt 0.000000 0.000000
vt 0.000000 -5.000000
vt 2.000000 -5.000000
vt 2.000000 0.000000
f 4045/4045/4045 4043/4043/4043 4042/4042/4042
f 4045/4045/4045 4044/4044/4044 4043/4043/4043
v 21.000000 -6.000000 0.020000
v 21.000000 -6.000000 5.020000
v 9.000000 -6.000000 5.020000
v 9.000000 -6.000000 0.020000
vn -0.000000 1.000000 -0.000000
vn -0.000000 1.000000 -0.000000
vn -0.000000 1.000000 -0.000000
vn -0.000000 1.000000 -0.000000
vt 0.000000 0.000000
vt 0.000000 -5.000000
vt 12.000000 -5.000000
vt 12.000000 0.000000
f 4049/4049/4049 4047/4047/4047 4046/4046/4046
f 4049/4049/4049 4048/4048/4048 4047/4047/4047
v 9.000000 -6.000000 0.020000
v 9.000000 -8.000000 0.020000
v 21.000000 -8.000000 0.020000
v 21.000000 -6.000000 0.020000
vn -0.000000 -0.000000 -1.000000
vn -0.000000 -0.000000 -1.000000
vn -0.000000 -0.000000 -1.000000
vn -0.000000 -0.000000 -1.000000
vt -6.000000 1.000000
vt -6.000000 -1.000000
vt 6.000000 -1.000000
vt 6.000000 1.000000
f 4053/4053/4053 4051/4051/4051 4050/4050/4050
f 4053/4053/4053 4052/4052/4052 4051/4051/4051
v 9.000000 -6.000000 5.020000
v 9.000000 -8.000000 5.020000
v 21.000000 -8.000000 5.020000
v 21.000000 -6.000000 5.020000
vn 0.000000 0.000000 1.000000
vn 0.000000 0.000000 1.000000
vn 0.000000 0.000000 1.000000
vn 0.000000 0.000000 1.000000
vt -6.000000 1.000000
vt -6.000000 -1.000000
vt 6.000000 -1.000000
vt 6.000000 1.000000
f 4057/4057/4057 4054/4054/4054 4055/4055/4055
f 4057/4057/4057 4055/4055/4055 4056/4056/4056
g colour3
usemtl colour3
v -3.000000 6.000000 0.030000
v -3.000000 6.000000 5.030000
v -3.000000 4.000000 5.030000
v -3.000000 4.000000 0.030000
vn -1.000000 -0.000000 -0.000000
vn -1.000000 -0.000000 -0.000000
vn -1.000000 -0.000000 -0.000000
vn -1.000000 -0.000000 -0.000000
vt 0.000000 0.000000
vt 0.000000 -5.000000
vt 2.000000 -5.000000
vt 2.000000 0.000000
f 4061/4061/4061 4059/4059/4059 4058/4058/4058
f 4061/4061/4061 4060/4060/4060 4059/4059/4059
v -3.000000 4.000000 0.030000
v -3.000000 4.000000 5.030000
v 21.000000 4.000000 5.030000
v 21.000000 4.000000 0.030000
vn 0.000000 -1.000000 -0.000000
vn 0.000000 -1.000000 -0.000000
vn 0.000000 -1.000000 -0.000000
vn 0.000000 -1.000000 -0.000000
vt 0.000000 0.000000
vt 0.000000 -5.000000
vt 24.000000 -5.000000
vt 24.000000 0.000000
f 4065/4065/4065 4063/4063/4063 4062/4062/4062
f 4065/4065/4065 4064/4064/4064 4063/4063/4063
v 21.000000 4.000000 0.030000
v 21.000000 4.000000 5.030000
v 21.000000 6.000000 5.030000
v 21.000000 6.000000 0.030000
vn 1.000000 -0.000000 -0.000000
vn 1.000000 -0.000000 -0.000000
vn 1.000000 -0.000000 -0.000000
vn 1.000000 -0.000000 -0.000000
vt 0.000000 0.000000
vt 0.000000 -5.000000
vt 2.000000 -5.000000
vt 2.000000 0.000000
f 4069/4069/4069 4067/4067/4067 4066/4066/4066
f 4069/4069/4069 4068/4068/4068 4067/4067/4067
v 21.000000 6.000000 0.030000
v 21.000000 6.000000 5.030000
v -3.000000 6.000000 5.030000
v -3.000000 6.000000 0.030000
vn -0.000000 1.000000 -0.000000
vn -0.000000 1.000000 -0.000000
vn -0.000000 1.000000 -0.000000
vn -0.000000 1.000000 -0.000000
vt 0.000000 0.000000
vt 0.000000 -5.000000
vt 24.000000 -5.000000
vt 24.000000 0.000000
f 4073/4073/4073 4071/4071/4071 4070/4070/4070
f 4073/4073/4073 4072/4072/4072 4071/4071/4071
v -3.000000 6.000000 0.030000
v -3.000000 4.000000 0.030000
v 21.000000 4.000000 0.030000
v 21.000000 6.000000 0.030000
vn -0.000000 -0.000000 -1.000000
vn -0.000000 -0.000000 -1.000000
vn -0.000000 -0.000000 -1.000000
vn -0.000000 -0.000000 -1.000000
vt -12.000000 1.000000
vt -12.000000 -1.000000
vt 12.000000 -1.000000
vt 12.000000 1.000000
f 4077/4077/4077 4075/4075/4075 4074/4074/4074
f 4077/4077/4077 4076/4076/4076 4075/4075/4075
v -3.000000 6.000000 5.030000
v -3.000000 4.000000 5.030000
v 21.000000 4.000000 5.030000
v 21.000000 6.000000 5.030000
vn 0.000000 0.000000 1.000000
vn 0.000000 0.000000 1.000000
vn 0.000000 0.000000 1.000000
vn 0.000000 0.000000 1.000000
vt -12.000000 1.000000
vt -12.000000 -1.000000
vt 12.000000 -1.000000
vt 12.000000 1.000000
f 4081/4081/4081 4078/4078/4078 4079/4079/4079
f 4081/4081/4081 4079/4079/4079 4080/4080/4080
g colour4
usemtl colour4
v -3.000000 8.000000 0.040000
v -3.000000 8.000000 5.040000
v -3.000000 6.000000 5.040000
v -3.000000 6.000000 0.040000
vn -1.000000 -0.000000 -0.000000
vn -1.000000 -0.000000 -0.000000
vn -1.000000 -0.000000 -0.000000
vn -1.000000 -0.000000 -0.000000
vt 0.000000 0.000000
vt 0.000000 -5.000000
vt 2.000000 -5.000000
vt 2.000000 0.000000
f 4085/4085/4085 4083/4083/4083 4082/4082/4082
f 4085/4085/4085 4084/4084/4084 4083/4083/4083
v -3.000000 6.000000 0.040000
v -3.000000 6.000000 5.040000
v 21.000000 6.000000 5.040000
v 21.000000 6.000000 0.040000
vn 0.000000 -1.000000 -0.000000
vn 0.000000 -1.000000 -0.000000
vn 0.000000 -1.000000 -0.000000
vn 0.000000 -1.000000 -0.000000
vt 0.000000 0.000000
vt 0.000000 -5.000000
vt 24.000000 -5.000000
vt 24.000000 0.000000
f 4089/4089/4089 4087/4087/4087 4086/4086/4086
f 4089/4089/4089 4088/4088/4088 4087/4087/4087
v 21.000000 6.000000 0.040000
v 21.000000 6.000000 5.040000
v 21.000000 8.000000 5.040000
v 21.000000 8.000000 0.040000
vn 1.000000 -0.000000 -0.000000
vn 1.000000 -0.000000 -0.000000
vn 1.000000 -0.000000 -0.000000
vn 1.000000 -0.000000 -0.000000
vt 0.000000 0.000000
vt 0.000000 -5.000000
vt 2.000000 -5.000000
vt 2.000000 0.000000
f 4093/4093/4093 4091/4091/4091 4090/4090/4090
f 4093/4093/4093 4092/4092/4092 4091/4091/4091
v 21.000000 8.000000 0.040000
v 21.000000 8.000000 5.040000
v -3.000000 8.000000 5.040000
v -3.000000 8.000000 0.040000
vn -0.000000 1.000000 -0.000000
vn -0.000000 1.000000 -0.000000
vn -0.000000 1.000000 -0.000000
vn -0.000000 1.000000 -0.000000
vt 0.000000 0.000000
vt 0.000000 -5.000000
vt 24.000000 -5.000000
vt 24.000000 0.000000
f 4097/4097/4097 4095/4095/4095 4094/4094/4094
f 4097/4097/4097 4096/4096/4096 4095/4095/4095
v -3.000000 8.000000 0.040000
v -3.000000 6.000000 0.040000
v 21.000000 6.000000 0.040000
v 21.000000 8.000000 0.040000
vn -0.000000 -0.000000 -1.000000
vn -0.000000 -0.000000 -1.000000
vn -0.000000 -0.000000 -1.000000
vn -0.000000 -0.000000 -1.000000
vt -12.000000 1.000000
vt -12.000000 -1.000000
vt 12.000000 -1.000000
vt 12.000000 1.000000
f 4101/4101/4101 4099/4099/4099 4098/4098/4098
f 4101/4101/4101 4100/4100/4100 4099/4099/4099
v -3.000000 8.000000 5.040000
v -3.000000 6.000000 5.040000
v 21.000000 6.000000 5.040000
v 21.000000 8.000000 5.040000
vn 0.000000 0.000000 1.000000
vn 0.000000 0.000000 1.000000
vn 0.000000 0.000000 1.000000
vn 0.000000 0.000000 1.000000
vt -12.000000 1.000000
vt -12.000000 -1.000000
vt 12.000000 -1.000000
vt 12.000000 1.000000
f 4105/4105/4105 4102/4102/4102 4103/4103/4103
f 4105/4105/4105 4103/4103/4103 4104/4104/4104
g colour5
usemtl colour5
v 3.707107 -0.707107 0.050000
v 3.707107 -0.707107 5.050000
v 2.292893 0.707107 5.050000
v 2.292893 0.707107 0.050000
vn 0.707107 0.707107 -0.000000
vn 0.707107 0.707107 -0.000000
vn 0.707107 0.707107 -0.000000
vn 0.707107 0.707107 -0.000000
vt 0.000000 0.000000
vt 0.000000 -5.000000
vt 2.000000 -5.000000
vt 2.000000 0.000000
f 4109/4109/4109 4107/4107/4107 4106/4106/4106
f 4109/4109/4109 4108/4108/4108 4107/4107/4107
v 2.292893 0.707107 0.050000
v 2.292893 0.707107 5.050000
v -7.707107 -9.292893 5.050000
v -7.707107 -9.292893 0.050000
vn -0.707107 0.707107 -0.000000
vn -0.707107 0.707107 -0.000000
vn -0.707107 0.707107 -0.000000
vn -0.707107 0.707107 -0.000000
vt 0.000000 0.000000
vt 0.000000 -5.000000
vt 14.142136 -5.000000
vt 14.142136 0.000000
f 4113/4113/4113 4111/4111/4111 4110/4110/4110
f 4113/4113/4113 4112/4112/4112 4111/4111/4111
v -7.707107 -9.292893 0.050000
v -7.707107 -9.292893 5.050000
v -7.816993 -9.407525 5.050000
v -7.816993 -9.407525 0.050000
v -7.757585 -9.344678 3.383333
v -7.720136 -9.306048 3.383333
v -7.720136 -9.306048 1.716667
v -7.757585 -9.344678 1.716667
vn -0.707107 0.707107 -0.000000
vn -0.707107 0.707107 -0.000000
vn -0.731055 0.682318 -0.000000
vn -0.731055 0.682318 -0.000000
vn -0.721894 0.692004 -0.000000
vn -0.713270 0.700889 -0.000000
vn -0.713270 0.700889 -0.000000
vn -0.721894 0.692004 -0.000000
vt 0.000000 0.000000
vt 0.000000 -5.000000
vt 1.000000 -5.000000
vt 1.000000 0.000000
vt 0.666667 -3.333333
vt 0.333333 -3.333333
vt 0.333333 -1.666667
vt 0.666667 -1.666667
f 4118/4118/4118 4116/4116/4116 4115/4115/4115
f 4118/4118/4118 4115/4115/4115 4119/4119/4119
f 4120/4120/4120 4115/4115/4115 4114/4114/4114
f 4120/4120/4120 4119/4119/4119 4115/4115/4115
f 4121/4121/4121 4117/4117/4117 4116/4116/4116
f 4121/4121/4121 4114/4114/4114 4117/4117/4117
f 4121/4121/4121 4119/4119/4119 4120/4120/4120
f 4121/4121/4121 4116/4116/4116 4118/4118/4118
f 4121/4121/4121 4118/4118/4118 4119/4119/4119
f 4121/4121/4121 4120/4120/4120 4114/4114/4114
v -7.816993 -9.407525 0.050000
v -7.816993 -9.407525 5.050000
v -8.071756 -9.692959 5.050000
v -8.071756 -9.692959 0.050000
v -7.972556 -9.578981 3.383333
v -7.886943 -9.483477 3.383333
v -7.886943 -9.483477 1.716667
v -7.972556 -9.578981 1.716667
vn -0.731055 0.682318 -0.000000
vn -0.731055 0.682318 -0.000000
vn -0.759257 0.650791 -0.000000
vn -0.759257 0.650791 -0.000000
vn -0.749216 0.662326 -0.000000
vn -0.739815 0.672810 -0.000000
vn -0.739815 0.672810 -0.000000
vn -0.749216 0.662326 -0.000000
vt 0.000000 0.000000
vt 0.000000 -5.000000
vt 1.000000 -5.000000
vt 1.000000 0.000000
vt 0.666667 -3.333333
vt 0.333333 -3.333333
vt 0.333333 -1.666667
vt 0.666667 -1.666667
f 4126/4126/4126 4124/4124/4124 4123/4123/4123
f 4126/4126/4126 4125/4125/4125 4124/4124/4124
f 4126/4126/4126 4123/4123/4123 4127/4127/4127
f 4128/4128/4128 4123/4123/4123 4122/4122/4122
f 4128/4128/4128 4127/4127/4127 4123/4123/4123
f 4129/4129/4129 4122/4122/4122 4125/4125/4125
f 4129/4129/4129 4127/4127/4127 4128/4128/4128
f 4129/4129/4129 4125/4125/4125 4126/4126/4126
f 4129/4129/4129 4126/4126/4126 4127/4127/4127
f 4129/4129/4129 4128/4128/4128 4122/4122/4122
v -8.071756 -9.692959 0.050000
v -8.071756 -9.692959 5.050000
v -8.832050 -10.695300 5.050000
v -8.832050 -10.695300 0.050000
v -8.299513 -9.968146 3.383333
v -8.558330 -10.305200 3.383333
v -8.299513 -9.968146 1.716667
v -8.558330 -10.305200 1.716667
vn -0.759257 0.650791 -0.000000
vn -0.759257 0.650791 -0.000000
vn -0.832050 0.554700 -0.000000
vn -0.832050 0.554700 -0.000000
vn -0.780985 0.624550 -0.000000
vn -0.805077 0.593170 -0.000000
vn -0.780985 0.624550 -0.000000
vn -0.805077 0.593170 -0.000000
vt 0.000000 0.000000
vt 0.000000 -5.000000
vt 1.000000 -5.000000
vt 1.000000 0.000000
vt 0.333333 -3.333333
vt 0.666667 -3.333333
vt 0.333333 -1.666667
vt 0.666667 -1.666667
f 4134/4134/4134 4131/4131/4131 4130/4130/4130
f 4135/4135/4135 4132/4132/4132 4131/4131/4131
f 4135/4135/4135 4133/4133/4133 4132/4132/4132
f 4135/4135/4135 4131/4131/4131 4134/4134/4134
f 4136/4136/4136 4134/4134/4134 4130/4130/4130
f 4137/4137/4137 4130/4130/4130 4133/4133/4133
f 4137/4137/4137 4134/4134/4134 4136/4136/4136
f 4137/4137/4137 4133/4133/4133 4135/4135/4135
f 4137/4137/4137 4135/4135/4135 4134/4134/4134
f 4137/4137/4137 4136/4136/4136 4130/4130/4130
v -8.832050 -10.695300 0.050000
v -8.832050 -10.695300 5.050000
v -9.245083 -11.376616 5.050000
v -9.245083 -11.376616 0.050000
v -8.972317 -10.911953 3.383333
v -9.110673 -11.139467 3.383333
v -8.972317 -10.911953 1.716667
v -9.110673 -11.139467 1.716667
vn -0.832050 0.554700 -0.000000
vn -0.832050 0.554700 -0.000000
vn -0.877896 0.478852 -0.000000
vn -0.877896 0.478852 -0.000000
vn -0.846763 0.531971 -0.000000
vn -0.862037 0.506846 -0.000000
vn -0.846763 0.531971 -0.000000
vn -0.862037 0.506846 -0.000000
vt 0.000000 0.000000
vt 0.000000 -5.000000
vt 1.000000 -5.000000
vt 1.000000 0.000000
vt 0.333333 -3.333333
vt 0.666667 -3.333333
vt 0.333333 -1.666667
vt 0.666667 -1.666667
f 4142/4142/4142 4139/4139/4139 4138/4138/4138
f 4143/4143/4143 4140/4140/4140 4139/4139/4139
f 4143/4143/4143 4141/4141/4141 4140/4140/4140
f 4143/4143/4143 4139/4139/4139 4142/4142/4142
f 4144/4144/4144 4142/4142/4142 4138/4138/4138
f 4145/4145/4145 4138/4138/4138 4141/4141/4141
f 4145/4145/4145 4142/4142/4142 4144/4144/4144
f 4145/4145/4145 4141/4141/4141 4143/4143/4143
f 4145/4145/4145 4143/4143/4143 4142/4142/4142
f 4145/4145/4145 4144/4144/4144 4138/4138/4138
v -9.245083 -11.376616 0.050000
v -9.245083 -11.376616 5.050000
v -9.615976 -12.159860 5.050000
v -9.615976 -12.159860 0.050000
v -9.377422 -11.629932 3.383333
v -9.501728 -11.891468 3.383333
v -9.377422 -11.629932 1.716667
v -9.501728 -11.891468 1.716667
vn -0.877896 0.478852 -0.000000
vn -0.877896 0.478852 -0.000000
vn -0.928477 0.371391 -0.000000
vn -0.928477 0.371391 -0.000000
vn -0.894659 0.446750 -0.000000
vn -0.911563 0.411160 -0.000000
vn -0.894659 0.446750 -0.000000
vn -0.911563 0.411160 -0.000000
vt 0.000000 0.000000
vt 0.000000 -5.000000
vt 1.000000 -5.000000
vt 1.000000 0.000000
vt 0.333333 -3.333333
vt 0.666667 -3.333333
vt 0.333333 -1.666667
vt 0.666667 -1.666667
f 4150/4150/4150 4147/4147/4147 4146/4146/4146
f 4151/4151/4151 4148/4148/4148 4147/4147/4147
f 4151/4151/4151 4149/4149/4149 4148/4148/4148
f 4151/4151/4151 4147/4147/4147 4150/4150/4150
f 4152/4152/4152 4150/4150/4150 4146/4146/4146
f 4153/4153/4153 4146/4146/4146 4149/4149/4149
f 4153/4153/4153 4150/4150/4150 4152/4152/4152
f 4153/4153/4153 4149/4149/4149 4151/4151/4151
f 4153/4153/4153 4151/4151/4151 4150/4150/4150
f 4153/4153/4153 4152/4152/4152 4146/4146/4146
v -9.615976 -12.159860 0.050000
v -9.615976 -12.159860 5.050000
v -9.890249 -13.036976 5.050000
v -9.890249 -13.036976 0.050000
v -9.814932 -12.740112 3.383333
v -9.722868 -12.447250 3.383333
v -9.722868 -12.447250 1.716667
v -9.814932 -12.740112 1.716667
vn -0.928477 0.371391 -0.000000
vn -0.928477 0.371391 -0.000000
vn -0.976187 0.216930 -0.000000
vn -0.976187 0.216930 -0.000000
vn -0.961787 0.273799 -0.000000
vn -0.945705 0.325027 -0.000000
vn -0.945705 0.325027 -0.000000
vn -0.961787 0.273799 -0.000000
vt 0.000000 0.000000
vt 0.000000 -5.000000
vt 1.000000 -5.000000
vt 1.000000 0.000000
vt 0.666667 -3.333333
vt 0.333333 -3.333333
vt 0.333333 -1.666667
vt 0.666667 -1.666667
f 4158/4158/4158 4156/4156/4156 4155/4155/4155
f 4158/4158/4158 4157/4157/4157 4156/4156/4156
f 4158/4158/4158 4155/4155/4155 4159/4159/4159
f 4160/4160/4160 4155/4155/4155 4154/4154/4154
f 4160/4160/4160 4159/4159/4159 4155/4155/4155
f 4161/4161/4161 4154/4154/4154 4157/4157/4157
f 4161/4161/4161 4159/4159/4159 4160/4160/4160
f 4161/4161/4161 4157/4157/4157 4158/4158/4158
f 4161/4161/4161 4158/4158/4158 4159/4159/4159
f 4161/4161/4161 4160/4160/4160 4154/4154/4154
v -9.890249 -13.036976 0.050000
v -9.890249 -13.036976 5.050000
v -10.000000 -14.000000 5.050000
v -10.000000 -14.000000 0.050000
v -9.987227 -13.677519 3.383333
v -9.950067 -13.356096 3.383333
v -9.950067 -13.356096 1.716667
v -9.987227 -13.677519 1.716667
vn -0.976187 0.216930 -0.000000
vn -0.976187 0.216930 -0.000000
vn -1.000000 -0.000000 0.000000
vn -1.000000 -0.000000 0.000000
vn -0.996941 0.078154 -0.000000
vn -0.988614 0.150470 -0.000000
vn -0.988614 0.150470 -0.000000
vn -0.996941 0.078154 -0.000000
vt 0.000000 0.000000
vt 0.000000 -5.000000
vt 1.000000 -5.000000
vt 1.000000 0.000000
vt 0.666667 -3.333333
vt 0.333333 -3.333333
vt 0.333333 -1.666667
vt 0.666667 -1.666667
f 4166/4166/4166 4164/4164/4164 4163/4163/4163
f 4166/4166/4166 4163/4163/4163 4167/4167/4167
f 4168/4168/4168 4163/4163/4163 4162/4162/4162
f 4168/4168/4168 4167/4167/4167 4163/4163/4163
f 4169/4169/4169 4165/4165/4165 4164/4164/4164
f 4169/4169/4169 4162/4162/4162 4165/4165/4165
f 4169/4169/4169 4167/4167/4167 4168/4168/4168
f 4169/4169/4169 4164/4164/4164 4166/4166/4166
f 4169/4169/4169 4166/4166/4166 4167/4167/4167
f 4169/4169/4169 4168/4168/4168 4162/4162/4162
v -10.000000 -14.000000 0.050000
v -10.000000 -14.000000 5.050000
v -10.000000 -18.000000 5.050000
v -10.000000 -18.000000 0.050000
vn -1.000000 -0.000000 -0.000000
vn -1.000000 -0.000000 -0.000000
vn -1.000000 -0.000000 -0.000000
vn -1.000000 -0.000000 -0.000000
vt 0.000000 0.000000
vt 0.000000 -5.000000
vt 4.000000 -5.000000
vt 4.000000 0.000000
f 4173/4173/4173 4171/4171/4171 4170/4170/4170
f 4173/4173/4173 4172/4172/4172 4171/4171/4171
v -10.000000 -18.000000 0.050000
v -10.000000 -18.000000 5.050000
v -8.000000 -18.000000 5.050000
v -8.000000 -18.000000 0.050000
vn 0.000000 -1.000000 -0.000000
vn 0.000000 -1.000000 -0.000000
vn 0.000000 -1.000000 -0.000000
vn 0.000000 -1.000000 -0.000000
vt 0.000000 0.000000
vt 0.000000 -5.000000
vt 2.000000 -5.000000
vt 2.000000 0.000000
f 4177/4177/4177 4175/4175/4175 4174/4174/4174
f 4177/4177/4177 4176/4176/4176 4175/4175/4175
v -8.000000 -18.000000 0.050000
v -8.000000 -18.000000 5.050000
v -8.000000 -14.000000 5.050000
v -8.000000 -14.000000 0.050000
vn 1.000000 -0.000000 -0.000000
vn 1.000000 -0.000000 -0.000000
vn 1.000000 -0.000000 -0.000000
vn 1.000000 -0.000000 -0.000000
vt 0.000000 0.000000
vt 0.000000 -5.000000
vt 4.000000 -5.000000
vt 4.000000 0.000000
f 4181/4181/4181 4179/4179/4179 4178/4178/4178
f 4181/4181/4181 4180/4180/4180 4179/4179/4179
v -8.000000 -14.000000 0.050000
v -8.000000 -14.000000 5.050000
v -7.937875 -13.470837 5.050000
v -7.937875 -13.470837 0.050000
v -7.992517 -13.822770 3.383333
v -7.971230 -13.646218 3.383333
v -7.992517 -13.822770 1.716667
v -7.971230 -13.646218 1.716667
vn 1.000000 -0.000000 -0.000000
vn 1.000000 -0.000000 -0.000000
vn 0.976187 -0.216930 -0.000000
vn 0.976187 -0.216930 -0.000000
vn 0.996580 -0.082640 -0.000000
vn 0.987923 -0.154943 -0.000000
vn 0.996580 -0.082640 -0.000000
vn 0.987923 -0.154943 -0.000000
vt 0.000000 0.000000
vt 0.000000 -5.000000
vt 1.000000 -5.000000
vt 1.000000 0.000000
vt 0.333333 -3.333333
vt 0.666667 -3.333333
vt 0.333333 -1.666667
vt 0.666667 -1.666667
f 4186/4186/4186 4183/4183/4183 4182/4182/4182
f 4187/4187/4187 4184/4184/4184 4183/4183/4183
f 4187/4187/4187 4185/4185/4185 4184/4184/4184
f 4187/4187/4187 4183/4183/4183 4186/4186/4186
f 4188/4188/4188 4186/4186/4186 4182/4182/4182
f 4189/4189/4189 4182/4182/4182 4185/4185/4185
f 4189/4189/4189 4186/4186/4186 4188/4188/4188
f 4189/4189/4189 4185/4185/4185 4187/4187/4187
f 4189/4189/4189 4187/4187/4187 4186/4186/4186
f 4189/4189/4189 4188/4188/4188 4182/4182/4182
v -7.937875 -13.470837 0.050000
v -7.937875 -13.470837 5.050000
v -7.759023 -12.902640 5.050000
v -7.759023 -12.902640 0.050000
v -7.828637 -13.088919 3.383333
v -7.888772 -13.278406 3.383333
v -7.888772 -13.278406 1.716667
v -7.828637 -13.088919 1.716667
vn 0.976187 -0.216930 -0.000000
vn 0.976187 -0.216930 -0.000000
vn 0.928477 -0.371391 -0.000000
vn 0.928477 -0.371391 -0.000000
vn 0.944859 -0.327477 -0.000000
vn 0.961116 -0.276145 -0.000000
vn 0.961116 -0.276145 -0.000000
vn 0.944859 -0.327477 -0.000000
vt 0.000000 0.000000
vt 0.000000 -5.000000
vt 1.000000 -5.000000
vt 1.000000 0.000000
vt 0.666667 -3.333333
vt 0.333333 -3.333333
vt 0.333333 -1.666667
vt 0.666667 -1.666667
f 4194/4194/4194 4192/4192/4192 4191/4191/4191
f 4194/4194/4194 4191/4191/4191 4195/4195/4195
f 4196/4196/4196 4191/4191/4191 4190/4190/4190
f 4196/4196/4196 4195/4195/4195 4191/4191/4191
f 4197/4197/4197 4193/4193/4193 4192/4192/4192
f 4197/4197/4197 4190/4190/4190 4193/4193/4193
f 4197/4197/4197 4195/4195/4195 4196/4196/4196
f 4197/4197/4197 4192/4192/4192 4194/4194/4194
f 4197/4197/4197 4194/4194/4194 4195/4195/4195
f 4197/4197/4197 4196/4196/4196 4190/4190/4190
v -7.759023 -12.902640 0.050000
v -7.759023 -12.902640 5.050000
v -7.489292 -12.334321 5.050000
v -7.489292 -12.334321 0.050000
v -7.585540 -12.518216 3.383333
v -7.675934 -12.707780 3.383333
v -7.675934 -12.707780 1.716667
v -7.585540 -12.518216 1.716667
vn 0.928477 -0.371391 -0.000000
vn 0.928477 -0.371391 -0.000000
vn 0.877896 -0.478852 -0.000000
vn 0.877896 -0.478852 -0.000000
vn 0.894108 -0.447852 -0.000000
vn 0.911105 -0.412175 -0.000000
vn 0.911105 -0.412175 -0.000000
vn 0.894108 -0.447852 -0.000000
vt 0.000000 0.000000
vt 0.000000 -5.000000
vt 1.000000 -5.000000
vt 1.000000 0.000000
vt 0.666667 -3.333333
vt 0.333333 -3.333333
vt 0.333333 -1.666667
vt 0.666667 -1.666667
f 4202/4202/4202 4200/4200/4200 4199/4199/4199
f 4202/4202/4202 4199/4199/4199 4203/4203/4203
f 4204/4204/4204 4199/4199/4199 4198/4198/4198
f 4204/4204/4204 4203/4203/4203 4199/4199/4199
f 4205/4205/4205 4201/4201/4201 4200/4200/4200
f 4205/4205/4205 4198/4198/4198 4201/4201/4201
f 4205/4205/4205 4203/4203/4203 4204/4204/4204
f 4205/4205/4205 4200/4200/4200 4202/4202/4202
f 4205/4205/4205 4202/4202/4202 4203/4203/4203
f 4205/4205/4205 4204/4204/4204 4198/4198/4198
v -7.489292 -12.334321 0.050000
v -7.489292 -12.334321 5.050000
v -7.167950 -11.804700 5.050000
v -7.167950 -11.804700 0.050000
v -7.277105 -11.973174 3.383333
v -7.384697 -12.149884 3.383333
v -7.384697 -12.149884 1.716667
v -7.277105 -11.973174 1.716667
vn 0.877896 -0.478852 -0.000000
vn 0.877896 -0.478852 -0.000000
vn 0.832050 -0.554700 -0.000000
vn 0.832050 -0.554700 -0.000000
vn 0.846474 -0.532430 -0.000000
vn 0.861802 -0.507245 -0.000000
vn 0.861802 -0.507245 -0.000000
vn 0.846474 -0.532430 -0.000000
vt 0.000000 0.000000
vt 0.000000 -5.000000
vt 1.000000 -5.000000
vt 1.000000 0.000000
vt 0.666667 -3.333333
vt 0.333333 -3.333333
vt 0.333333 -1.666667
vt 0.666667 -1.666667
f 4210/4210/4210 4208/4208/4208 4207/4207/4207
f 4210/4210/4210 4207/4207/4207 4211/4211/4211
f 4212/4212/4212 4207/4207/4207 4206/4206/4206
f 4212/4212/4212 4211/4211/4211 4207/4207/4207
f 4213/4213/4213 4209/4209/4209 4208/4208/4208
f 4213/4213/4213 4206/4206/4206 4209/4209/4209
f 4213/4213/4213 4211/4211/4211 4212/4212/4212
f 4213/4213/4213 4208/4208/4208 4210/4210/4210
f 4213/4213/4213 4210/4210/4210 4211/4211/4211
f 4213/4213/4213 4212/4212/4212 4206/4206/4206
v -7.167950 -11.804700 0.050000
v -7.167950 -11.804700 5.050000
v -6.553243 -10.994541 5.050000
v -6.553243 -10.994541 0.050000
v -6.946301 -11.488781 3.383333
v -6.737524 -11.217039 3.383333
v -6.946301 -11.488781 1.716667
v -6.737524 -11.217039 1.716667
vn 0.832050 -0.554700 -0.000000
vn 0.832050 -0.554700 -0.000000
vn 0.759257 -0.650791 -0.000000
vn 0.759257 -0.650791 -0.000000
vn 0.805029 -0.593235 -0.000000
vn 0.780725 -0.624875 -0.000000
vn 0.805029 -0.593235 -0.000000
vn 0.780725 -0.624875 -0.000000
vt 0.000000 0.000000
vt 0.000000 -5.000000
vt 1.000000 -5.000000
vt 1.000000 0.000000
vt 0.333333 -3.333333
vt 0.666667 -3.333333
vt 0.333333 -1.666667
vt 0.666667 -1.666667
f 4218/4218/4218 4215/4215/4215 4214/4214/4214
f 4219/4219/4219 4216/4216/4216 4215/4215/4215
f 4219/4219/4219 4217/4217/4217 4216/4216/4216
f 4219/4219/4219 4215/4215/4215 4218/4218/4218
f 4220/4220/4220 4218/4218/4218 4214/4214/4214
f 4221/4221/4221 4214/4214/4214 4217/4217/4217
f 4221/4221/4221 4218/4218/4218 4220/4220/4220
f 4221/4221/4221 4217/4217/4217 4219/4219/4219
f 4221/4221/4221 4219/4219/4219 4218/4218/4218
f 4221/4221/4221 4220/4220/4220 4214/4214/4214
v -6.553243 -10.994541 0.050000
v -6.553243 -10.994541 5.050000
v -6.354882 -10.772162 5.050000
v -6.354882 -10.772162 0.050000
v -6.409354 -10.831338 3.383333
v -6.475940 -10.905684 3.383333
v -6.475940 -10.905684 1.716667
v -6.409354 -10.831338 1.716667
vn 0.759257 -0.650791 -0.000000
vn 0.759257 -0.650791 -0.000000
vn 0.731055 -0.682318 -0.000000
vn 0.731055 -0.682318 -0.000000
vn 0.740101 -0.672496 -0.000000
vn 0.749474 -0.662034 -0.000000
vn 0.749474 -0.662034 -0.000000
vn 0.740101 -0.672496 -0.000000
vt 0.000000 0.000000
vt 0.000000 -5.000000
vt 1.000000 -5.000000
vt 1.000000 0.000000
vt 0.666667 -3.333333
vt 0.333333 -3.333333
vt 0.333333 -1.666667
vt 0.666667 -1.666667
f 4226/4226/4226 4224/4224/4224 4223/4223/4223
f 4226/4226/4226 4223/4223/4223 4227/4227/4227
f 4228/4228/4228 4223/4223/4223 4222/4222/4222
f 4228/4228/4228 4227/4227/4227 4223/4223/4223
f 4229/4229/4229 4225/4225/4225 4224/4224/4224
f 4229/4229/4229 4222/4222/4222 4225/4225/4225
f 4229/4229/4229 4227/4227/4227 4228/4228/4228
f 4229/4229/4229 4224/4224/4224 4226/4226/4226
f 4229/4229/4229 4226/4226/4226 4227/4227/4227
f 4229/4229/4229 4228/4228/4228 4222/4222/4222
v -6.354882 -10.772162 0.050000
v -6.354882 -10.772162 5.050000
v -6.292893 -10.707107 5.050000
v -6.292893 -10.707107 0.050000
v -6.300118 -10.714495 3.383333
v -6.321119 -10.736341 3.383333
v -6.321119 -10.736341 1.716667
v -6.300118 -10.714495 1.716667
vn 0.731055 -0.682318 -0.000000
vn 0.731055 -0.682318 -0.000000
vn 0.707107 -0.707107 -0.000000
vn 0.707107 -0.707107 -0.000000
vn 0.717159 -0.696909 -0.000000
vn 0.723962 -0.689840 -0.000000
vn 0.723962 -0.689840 -0.000000
vn 0.717159 -0.696909 -0.000000
vt 0.000000 0.000000
vt 0.000000 -5.000000
vt 1.000000 -5.000000
vt 1.000000 0.000000
vt 0.666667 -3.333333
vt 0.333333 -3.333333
vt 0.333333 -1.666667
vt 0.666667 -1.666667
f 4234/4234/4234 4232/4232/4232 4231/4231/4231
f 4234/4234/4234 4231/4231/4231 4235/4235/4235
f 4236/4236/4236 4231/4231/4231 4230/4230/4230
f 4236/4236/4236 4235/4235/4235 4231/4231/4231
f 4237/4237/4237 4233/4233/4233 4232/4232/4232
f 4237/4237/4237 4230/4230/4230 4233/4233/4233
f 4237/4237/4237 4235/4235/4235 4236/4236/4236
f 4237/4237/4237 4232/4232/4232 4234/4234/4234
f 4237/4237/4237 4234/4234/4234 4235/4235/4235
f 4237/4237/4237 4236/4236/4236 4230/4230/4230
v -6.292893 -10.707107 0.050000
v -6.292893 -10.707107 5.050000
v 3.707107 -0.707107 5.050000
v 3.707107 -0.707107 0.050000
vn 0.707107 -0.707107 -0.000000
vn 0.707107 -0.707107 -0.000000
vn 0.707107 -0.707107 -0.000000
vn 0.707107 -0.707107 -0.000000
vt 0.000000 0.000000
vt 0.000000 -5.000000
vt 14.142136 -5.000000
vt 14.142136 0.000000
f 4241/4241/4241 4239/4239/4239 4238/4238/4238
f 4241/4241/4241 4240/4240/4240 4239/4239/4239
v 3.707107 -0.707107 0.050000
v 2.292893 0.707107 0.050000
v -7.707107 -9.292893 0.050000
v -7.816993 -9.407525 0.050000
v -8.071756 -9.692959 0.050000
v -8.832050 -10.695300 0.050000
v -9.245083 -11.376616 0.050000
v -9.615976 -12.159860 0.050000
v -9.890249 -13.036976 0.050000
v -10.000000 -14.000000 0.050000
v -10.000000 -18.000000 0.050000
v -8.000000 -18.000000 0.050000
v -8.000000 -14.000000 0.050000
v -7.937875 -13.470837 0.050000
v -7.759023 -12.902640 0.050000
v -7.489292 -12.334321 0.050000
v -7.167950 -11.804700 0.050000
v -6.553243 -10.994541 0.050000
v -6.354882 -10.772162 0.050000
v -6.292893 -10.707107 0.050000
vn -0.000000 -0.000000 -1.000000
vn -0.000000 -0.000000 -1.000000
vn -0.000000 -0.000000 -1.000000
vn -0.000000 -0.000000 -1.000000
vn -0.000000 -0.000000 -1.000000
vn -0.000000 -0.000000 -1.000000
vn -0.000000 -0.000000 -1.000000
vn -0.000000 -0.000000 -1.000000
vn -0.000000 -0.000000 -1.000000
vn -0.000000 -0.000000 -1.000000
vn -0.000000 -0.000000 -1.000000
vn -0.000000 -0.000000 -1.000000
vn -0.000000 -0.000000 -1.000000
vn -0.000000 -0.000000 -1.000000
vn -0.000000 -0.000000 -1.000000
vn -0.000000 -0.000000 -1.000000
vn -0.000000 -0.000000 -1.000000
vn -0.000000 -0.000000 -1.000000
vn -0.000000 -0.000000 -1.000000
vn -0.000000 -0.000000 -1.000000
vt 8.103789 7.659319
vt 6.689576 9.073532
vt -3.310424 -0.926468
vt -3.420310 -1.041100
vt -3.675074 -1.326533
vt -4.435368 -2.328874
vt -4.848401 -3.010191
vt -5.219294 -3.793434
vt -5.493567 -4.670550
vt -5.603317 -5.633574
vt -5.603317 -9.633574
vt -3.603317 -9.633574
vt -3.603317 -5.633574
vt -3.541193 -5.104411
vt -3.362341 -4.536215
vt -3.092609 -3.967896
vt -2.771267 -3.438275
vt -2.156561 -2.628116
vt -1.958200 -2.405736
vt -1.896211 -2.340681
f 4254/4254/4254 4251/4251/4251 4250/4250/4250
f 4254/4254/4254 4252/4252/4252 4251/4251/4251
f 4254/4254/4254 4253/4253/4253 4252/4252/4252
f 4255/4255/4255 4250/4250/4250 4249/4249/4249
f 4255/4255/4255 4254/4254/4254 4250/4250/4250
f 4256/4256/4256 4255/4255/4255 4249/4249/4249
f 4248/4248/4248 4256/4256/4256 4249/4249/4249
f 4257/4257/4257 4256/4256/4256 4248/4248/4248
f 4247/4247/4247 4257/4257/4257 4248/4248/4248
f 4258/4258/4258 4257/4257/4257 4247/4247/4247
f 4246/4246/4246 4258/4258/4258 4247/4247/4247
f 4259/4259/4259 4258/4258/4258 4246/4246/4246
f 4260/4260/4260 4246/4246/4246 4245/4245/4245
f 4260/4260/4260 4259/4259/4259 4246/4246/4246
f 4261/4261/4261 4260/4260/4260 4245/4245/4245
f 4244/4244/4244 4261/4261/4261 4245/4245/4245
f 4242/4242/4242 4244/4244/4244 4243/4243/4243
f 4242/4242/4242 4261/4261/4261 4244/4244/4244
v 3.707107 -0.707107 5.050000
v 2.292893 0.707107 5.050000
v -7.707107 -9.292893 5.050000
v -7.816993 -9.407525 5.050000
v -8.071756 -9.692959 5.050000
v -8.832050 -10.695300 5.050000
v -9.245083 -11.376616 5.050000
v -9.615976 -12.159860 5.050000
v -9.890249 -13.036976 5.050000
v -10.000000 -14.000000 5.050000
v -10.000000 -18.000000 5.050000
v -8.000000 -18.000000 5.050000
v -8.000000 -14.000000 5.050000
v -7.937875 -13.470837 5.050000
v -7.759023 -12.902640 5.050000
v -7.489292 -12.334321 5.050000
v -7.167950 -11.804700 5.050000
v -6.553243 -10.994541 5.050000
v -6.354882 -10.772162 5.050000
v -6.292893 -10.707107 5.050000
vn 0.000000 0.000000 1.000000
vn 0.000000 0.000000 1.000000
vn 0.000000 0.000000 1.000000
vn 0.000000 0.000000 1.000000
vn 0.000000 0.000000 1.000000
vn 0.000000 0.000000 1.000000
vn 0.000000 0.000000 1.000000
vn 0.000000 0.000000 1.000000
vn 0.000000 0.000000 1.000000
vn 0.000000 0.000000 1.000000
vn 0.000000 0.000000 1.000000
vn 0.000000 0.000000 1.000000
vn 0.000000 0.000000 1.000000
vn 0.000000 0.000000 1.000000
vn 0.000000 0.000000 1.000000
vn 0.000000 0.000000 1.000000
vn 0.000000 0.000000 1.000000
vn 0.000000 0.000000 1.000000
vn 0.000000 0.000000 1.000000
vn 0.000000 0.000000 1.000000
vt 8.103789 7.659319
vt 6.689576 9.073532
vt -3.310424 -0.926468
vt -3.420310 -1.041100
vt -3.675074 -1.326533
vt -4.435368 -2.328874
vt -4.848401 -3.010191
vt -5.219294 -3.793434
vt -5.493567 -4.670550
vt -5.603317 -5.633574
vt -5.603317 -9.633574
vt -3.603317 -9.633574
vt -3.603317 -5.633574
vt -3.541193 -5.104411
vt -3.362341 -4.536215
vt -3.092609 -3.967896
vt -2.771267 -3.438275
vt -2.156561 -2.628116
vt -1.958200 -2.405736
vt -1.896211 -2.340681
f 4274/4274/4274 4270/4270/4270 4271/4271/4271
f 4274/4274/4274 4271/4271/4271 4272/4272/4272
f 4274/4274/4274 4272/4272/4272 4273/4273/4273
f 4275/4275/4275 4269/4269/4269 4270/4270/4270
f 4275/4275/4275 4270/4270/4270 4274/4274/4274
f 4276/4276/4276 4269/4269/4269 4275/4275/4275
f 4268/4268/4268 4269/4269/4269 4276/4276/4276
f 4277/4277/4277 4268/4268/4268 4276/4276/4276
f 4267/4267/4267 4268/4268/4268 4277/4277/4277
f 4278/4278/4278 4267/4267/4267 4277/4277/4277
f 4266/4266/4266 4267/4267/4267 4278/4278/4278
f 4279/4279/4279 4266/4266/4266 4278/4278/4278
f 4280/4280/4280 4265/4265/4265 4266/4266/4266
f 4280/4280/4280 4266/4266/4266 4279/4279/4279
f 4281/4281/4281 4265/4265/4265 4280/4280/4280
f 4264/4264/4264 4265/4265/4265 4281/4281/4281
f 4262/4262/4262 4263/4263/4263 4264/4264/4264
f 4262/4262/4262 4264/4264/4264 4281/4281/4281
g colour6
usemtl colour6
v 3.707107 0.707107 0.060000
v 3.707107 0.707107 5.060000
v 2.292893 -0.707107 5.060000
v 2.292893 -0.707107 0.060000
vn -0.707107 0.707107 -0.000000
vn -0.707107 0.707107 -0.000000
vn -0.707107 0.707107 -0.000000
vn -0.707107 0.707107 -0.000000
vt 0.000000 0.000000
vt 0.000000 -5.000000
vt 2.000000 -5.000000
vt 2.000000 0.000000
f 4285/4285/4285 4283/4283/4283 4282/4282/4282
f 4285/4285/4285 4284/4284/4284 4283/4283/4283
v 2.292893 -0.707107 0.060000
v 2.292893 -0.707107 5.060000
v 12.292893 -10.707107 5.060000
v 12.292893 -10.707107 0.060000
vn -0.707107 -0.707107 -0.000000
vn -0.707107 -0.707107 -0.000000
vn -0.707107 -0.707107 -0.000000
vn -0.707107 -0.707107 -0.000000
vt 0.000000 0.000000
vt 0.000000 -5.000000
vt 14.142136 -5.000000
vt 14.142136 0.000000
f 4289/4289/4289 4287/4287/4287 4286/4286/4286
f 4289/4289/4289 4288/4288/4288 4287/4287/4287
v 12.292893 -10.707107 0.060000
v 12.292893 -10.707107 5.060000
v 12.354882 -10.772162 5.060000
v 12.354882 -10.772162 0.060000
v 12.321119 -10.736341 3.393333
v 12.300118 -10.714495 3.393333
v 12.300118 -10.714495 1.726667
v 12.321119 -10.736341 1.726667
vn -0.707107 -0.707107 0.000000
vn -0.707107 -0.707107 0.000000
vn -0.731055 -0.682318 0.000000
vn -0.731055 -0.682318 0.000000
vn -0.723962 -0.689840 0.000000
vn -0.717159 -0.696909 0.000000
vn -0.717159 -0.696909 0.000000
vn -0.723962 -0.689840 0.000000
vt 0.000000 0.000000
vt 0.000000 -5.000000
vt 1.000000 -5.000000
vt 1.000000 0.000000
vt 0.666667 -3.333333
vt 0.333333 -3.333333
vt 0.333333 -1.666667
vt 0.666667 -1.666667
f 4294/4294/4294 4292/4292/4292 4291/4291/4291
f 4294/4294/4294 4291/4291/4291 4295/4295/4295
f 4296/4296/4296 4291/4291/4291 4290/4290/4290
f 4296/4296/4296 4295/4295/4295 4291/4291/4291
f 4297/4297/4297 4293/4293/4293 4292/4292/4292
f 4297/4297/4297 4290/4290/4290 4293/4293/4293
f 4297/4297/4297 4295/4295/4295 4296/4296/4296
f 4297/4297/4297 4292/4292/4292 4294/4294/4294
f 4297/4297/4297 4294/4294/4294 4295/4295/4295
f 4297/4297/4297 4296/4296/4296 4290/4290/4290
v 12.354882 -10.772162 0.060000
v 12.354882 -10.772162 5.060000
v 12.553244 -10.994541 5.060000
v 12.553244 -10.994541 0.060000
v 12.475940 -10.905684 3.393333
v 12.409353 -10.831338 3.393333
v 12.409353 -10.831338 1.726667
v 12.475940 -10.905684 1.726667
vn -0.731055 -0.682318 0.000000
vn -0.731055 -0.682318 0.000000
vn -0.759257 -0.650791 0.000000
vn -0.759257 -0.650791 0.000000
vn -0.749474 -0.662034 0.000000
vn -0.740101 -0.672496 0.000000
vn -0.740101 -0.672496 0.000000
vn -0.749474 -0.662034 0.000000
vt 0.000000 0.000000
vt 0.000000 -5.000000
vt 1.000000 -5.000000
vt 1.000000 0.000000
vt 0.666667 -3.333333
vt 0.333333 -3.333333
vt 0.333333 -1.666667
vt 0.666667 -1.666667
f 4302/4302/4302 4300/4300/4300 4299/4299/4299
f 4302/4302/4302 4299/4299/4299 4303/4303/4303
f 4304/4304/4304 4299/4299/4299 4298/4298/4298
f 4304/4304/4304 4303/4303/4303 4299/4299/4299
f 4305/4305/4305 4301/4301/4301 4300/4300/4300
f 4305/4305/4305 4298/4298/4298 4301/4301/4301
f 4305/4305/4305 4303/4303/4303 4304/4304/4304
f 4305/4305/4305 4300/4300/4300 4302/4302/4302
f 4305/4305/4305 4302/4302/4302 4303/4303/4303
f 4305/4305/4305 4304/4304/4304 4298/4298/4298
v 12.553244 -10.994541 0.060000
v 12.553244 -10.994541 5.060000
v 13.167950 -11.804700 5.060000
v 13.167950 -11.804700 0.060000
v 12.946301 -11.488781 3.393333
v 12.737524 -11.217039 3.393333
v 12.737524 -11.217039 1.726667
v 12.946301 -11.488781 1.726667
vn -0.759257 -0.650791 0.000000
vn -0.759257 -0.650791 0.000000
vn -0.832050 -0.554700 0.000000
vn -0.832050 -0.554700 0.000000
vn -0.805029 -0.593235 0.000000
vn -0.780725 -0.624875 0.000000
vn -0.780725 -0.624875 0.000000
vn -0.805029 -0.593235 0.000000
vt 0.000000 0.000000
vt 0.000000 -5.000000
vt 1.000000 -5.000000
vt 1.000000 0.000000
vt 0.666667 -3.333333
vt 0.333333 -3.333333
vt 0.333333 -1.666667
vt 0.666667 -1.666667
f 4310/4310/4310 4308/4308/4308 4307/4307/4307
f 4310/4310/4310 4307/4307/4307 4311/4311/4311
f 4312/4312/4312 4307/4307/4307 4306/4306/4306
f 4312/4312/4312 4311/4311/4311 4307/4307/4307
f 4313/4313/4313 4309/4309/4309 4308/4308/4308
f 4313/4313/4313 4306/4306/4306 4309/4309/4309
f 4313/4313/4313 4311/4311/4311 4312/4312/4312
f 4313/4313/4313 4308/4308/4308 4310/4310/4310
f 4313/4313/4313 4310/4310/4310 4311/4311/4311
f 4313/4313/4313 4312/4312/4312 4306/4306/4306
v 13.167950 -11.804700 0.060000
v 13.167950 -11.804700 5.060000
v 13.489292 -12.334321 5.060000
v 13.489292 -12.334321 0.060000
v 13.384698 -12.149884 3.393333
v 13.277104 -11.973174 3.393333
v 13.277104 -11.973174 1.726667
v 13.384698 -12.149884 1.726667
vn -0.832050 -0.554700 0.000000
vn -0.832050 -0.554700 0.000000
vn -0.877896 -0.478852 0.000000
vn -0.877896 -0.478852 0.000000
vn -0.861802 -0.507245 0.000000
vn -0.846474 -0.532430 0.000000
vn -0.846474 -0.532430 0.000000
vn -0.861802 -0.507245 0.000000
vt 0.000000 0.000000
vt 0.000000 -5.000000
vt 1.000000 -5.000000
vt 1.000000 0.000000
vt 0.666667 -3.333333
vt 0.333333 -3.333333
vt 0.333333 -1.666667
vt 0.666667 -1.666667
f 4318/4318/4318 4316/4316/4316 4315/4315/4315
f 4318/4318/4318 4315/4315/4315 4319/4319/4319
f 4320/4320/4320 4315/4315/4315 4314/4314/4314
f 4320/4320/4320 4319/4319/4319 4315/4315/4315
f 4321/4321/4321 4317/4317/4317 4316/4316/4316
f 4321/4321/4321 4314/4314/4314 4317/4317/4317
f 4321/4321/4321 4319/4319/4319 4320/4320/4320
f 4321/4321/4321 4316/4316/4316 4318/4318/4318
f 4321/4321/4321 4318/4318/4318 4319/4319/4319
f 4321/4321/4321 4320/4320/4320 4314/4314/4314
v 13.489292 -12.334321 0.060000
v 13.489292 -12.334321 5.060000
v 13.759024 -12.902640 5.060000
v 13.759024 -12.902640 0.060000
v 13.675934 -12.707780 3.393333
v 13.585541 -12.518216 3.393333
v 13.585541 -12.518216 1.726667
v 13.675934 -12.707780 1.726667
vn -0.877896 -0.478852 0.000000
vn -0.877896 -0.478852 0.000000
vn -0.928477 -0.371391 0.000000
vn -0.928477 -0.371391 0.000000
vn -0.911105 -0.412175 0.000000
vn -0.894108 -0.447852 0.000000
vn -0.894108 -0.447852 0.000000
vn -0.911105 -0.412175 0.000000
vt 0.000000 0.000000
vt 0.000000 -5.000000
vt 1.000000 -5.000000
vt 1.000000 0.000000
vt 0.666667 -3.333333
vt 0.333333 -3.333333
vt 0.333333 -1.666667
vt 0.666667 -1.666667
f 4326/4326/4326 4324/4324/4324 4323/4323/4323
f 4326/4326/4326 4323/4323/4323 4327/4327/4327
f 4328/4328/4328 4323/4323/4323 4322/4322/4322
f 4328/4328/4328 4327/4327/4327 4323/4323/4323
f 4329/4329/4329 4325/4325/4325 4324/4324/4324
f 4329/4329/4329 4322/4322/4322 4325/4325/4325
f 4329/4329/4329 4327/4327/4327 4328/4328/4328
f 4329/4329/4329 4324/4324/4324 4326/4326/4326
f 4329/4329/4329 4326/4326/4326 4327/4327/4327
f 4329/4329/4329 4328/4328/4328 4322/4322/4322
v 13.759024 -12.902640 0.060000
v 13.759024 -12.902640 5.060000
v 13.937876 -13.470837 5.060000
v 13.937876 -13.470837 0.060000
v 13.828636 -13.088919 3.393333
v 13.888772 -13.278406 3.393333
v 13.828636 -13.088919 1.726667
v 13.888772 -13.278406 1.726667
vn -0.928477 -0.371391 0.000000
vn -0.928477 -0.371391 0.000000
vn -0.976187 -0.216930 0.000000
vn -0.976187 -0.216930 0.000000
vn -0.944859 -0.327477 0.000000
vn -0.961116 -0.276145 0.000000
vn -0.944859 -0.327477 0.000000
vn -0.961116 -0.276145 0.000000
vt 0.000000 0.000000
vt 0.000000 -5.000000
vt 1.000000 -5.000000
vt 1.000000 0.000000
vt 0.333333 -3.333333
vt 0.666667 -3.333333
vt 0.333333 -1.666667
vt 0.666667 -1.666667
f 4334/4334/4334 4331/4331/4331 4330/4330/4330
f 4335/4335/4335 4332/4332/4332 4331/4331/4331
f 4335/4335/4335 4331/4331/4331 4334/4334/4334
f 4336/4336/4336 4334/4334/4334 4330/4330/4330
f 4337/4337/4337 4333/4333/4333 4332/4332/4332
f 4337/4337/4337 4330/4330/4330 4333/4333/4333
f 4337/4337/4337 4334/4334/4334 4336/4336/4336
f 4337/4337/4337 4332/4332/4332 4335/4335/4335
f 4337/4337/4337 4335/4335/4335 4334/4334/4334
f 4337/4337/4337 4336/4336/4336 4330/4330/4330
v 13.937876 -13.470837 0.060000
v 13.937876 -13.470837 5.060000
v 14.000000 -14.000000 5.060000
v 14.000000 -14.000000 0.060000
v 13.971230 -13.646218 3.393333
v 13.992517 -13.822770 3.393333
v 13.971230 -13.646218 1.726667
v 13.992517 -13.822770 1.726667
vn -0.976187 -0.216930 0.000000
vn -0.976187 -0.216930 0.000000
vn -1.000000 -0.000000 0.000000
vn -1.000000 -0.000000 0.000000
vn -0.987923 -0.154943 0.000000
vn -0.996580 -0.082640 0.000000
vn -0.987923 -0.154943 0.000000
vn -0.996580 -0.082640 0.000000
vt 0.000000 0.000000
vt 0.000000 -5.000000
vt 1.000000 -5.000000
vt 1.000000 0.000000
vt 0.333333 -3.333333
vt 0.666667 -3.333333
vt 0.333333 -1.666667
vt 0.666667 -1.666667
f 4342/4342/4342 4339/4339/4339 4338/4338/4338
f 4343/4343/4343 4340/4340/4340 4339/4339/4339
f 4343/4343/4343 4341/4341/4341 4340/4340/4340
f 4343/4343/4343 4339/4339/4339 4342/4342/4342
f 4344/4344/4344 4342/4342/4342 4338/4338/4338
f 4345/4345/4345 4338/4338/4338 4341/4341/4341
f 4345/4345/4345 4342/4342/4342 4344/4344/4344
f 4345/4345/4345 4341/4341/4341 4343/4343/4343
f 4345/4345/4345 4343/4343/4343 4342/4342/4342
f 4345/4345/4345 4344/4344/4344 4338/4338/4338
v 14.000000 -14.000000 0.060000
v 14.000000 -14.000000 5.060000
v 14.000000 -18.000000 5.060000
v 14.000000 -18.000000 0.060000
vn -1.000000 -0.000000 -0.000000
vn -1.000000 -0.000000 -0.000000
vn -1.000000 -0.000000 -0.000000
vn -1.000000 -0.000000 -0.000000
vt 0.000000 0.000000
vt 0.000000 -5.000000
vt 4.000000 -5.000000
vt 4.000000 0.000000
f 4349/4349/4349 4347/4347/4347 4346/4346/4346
f 4349/4349/4349 4348/4348/4348 4347/4347/4347
v 14.000000 -18.000000 0.060000
v 14.000000 -18.000000 5.060000
v 16.000000 -18.000000 5.060000
v 16.000000 -18.000000 0.060000
vn 0.000000 -1.000000 -0.000000
vn 0.000000 -1.000000 -0.000000
vn 0.000000 -1.000000 -0.000000
vn 0.000000 -1.000000 -0.000000
vt 0.000000 0.000000
vt 0.000000 -5.000000
vt 2.000000 -5.000000
vt 2.000000 0.000000
f 4353/4353/4353 4351/4351/4351 4350/4350/4350
f 4353/4353/4353 4352/4352/4352 4351/4351/4351
v 16.000000 -18.000000 0.060000
v 16.000000 -18.000000 5.060000
v 16.000000 -14.000000 5.060000
v 16.000000 -14.000000 0.060000
vn 1.000000 -0.000000 -0.000000
vn 1.000000 -0.000000 -0.000000
vn 1.000000 -0.000000 -0.000000
vn 1.000000 -0.000000 -0.000000
vt 0.000000 0.000000
vt 0.000000 -5.000000
vt 4.000000 -5.000000
vt 4.000000 0.000000
f 4357/4357/4357 4355/4355/4355 4354/4354/4354
f 4357/4357/4357 4356/4356/4356 4355/4355/4355
v 16.000000 -14.000000 0.060000
v 16.000000 -14.000000 5.060000
v 15.890249 -13.036976 5.060000
v 15.890249 -13.036976 0.060000
v 15.950067 -13.356096 3.393333
v 15.987227 -13.677519 3.393333
v 15.987227 -13.677519 1.726667
v 15.950067 -13.356096 1.726667
vn 1.000000 -0.000000 -0.000000
vn 1.000000 -0.000000 -0.000000
vn 0.976187 0.216930 -0.000000
vn 0.976187 0.216930 -0.000000
vn 0.988614 0.150470 -0.000000
vn 0.996941 0.078154 -0.000000
vn 0.996941 0.078154 -0.000000
vn 0.988614 0.150470 -0.000000
vt 0.000000 0.000000
vt 0.000000 -5.000000
vt 1.000000 -5.000000
vt 1.000000 0.000000
vt 0.666667 -3.333333
vt 0.333333 -3.333333
vt 0.333333 -1.666667
vt 0.666667 -1.666667
f 4362/4362/4362 4360/4360/4360 4359/4359/4359
f 4362/4362/4362 4359/4359/4359 4363/4363/4363
f 4364/4364/4364 4359/4359/4359 4358/4358/4358
f 4364/4364/4364 4363/4363/4363 4359/4359/4359
f 4365/4365/4365 4361/4361/4361 4360/4360/4360
f 4365/4365/4365 4358/4358/4358 4361/4361/4361
f 4365/4365/4365 4363/4363/4363 4364/4364/4364
f 4365/4365/4365 4360/4360/4360 4362/4362/4362
f 4365/4365/4365 4362/4362/4362 4363/4363/4363
f 4365/4365/4365 4364/4364/4364 4358/4358/4358
v 15.890249 -13.036976 0.060000
v 15.890249 -13.036976 5.060000
v 15.615976 -12.159860 5.060000
v 15.615976 -12.159860 0.060000
v 15.722868 -12.447250 3.393333
v 15.814932 -12.740112 3.393333
v 15.814932 -12.740112 1.726667
v 15.722868 -12.447250 1.726667
vn 0.976187 0.216930 -0.000000
vn 0.976187 0.216930 -0.000000
vn 0.928477 0.371391 -0.000000
vn 0.928477 0.371391 -0.000000
vn 0.945705 0.325027 -0.000000
vn 0.961787 0.273799 -0.000000
vn 0.961787 0.273799 -0.000000
vn 0.945705 0.325027 -0.000000
vt 0.000000 0.000000
vt 0.000000 -5.000000
vt 1.000000 -5.000000
vt 1.000000 0.000000
vt 0.666667 -3.333333
vt 0.333333 -3.333333
vt 0.333333 -1.666667
vt 0.666667 -1.666667
f 4370/4370/4370 4368/4368/4368 4367/4367/4367
f 4370/4370/4370 4367/4367/4367 4371/4371/4371
f 4372/4372/4372 4367/4367/4367 4366/4366/4366
f 4372/4372/4372 4371/4371/4371 4367/4367/4367
f 4373/4373/4373 4369/4369/4369 4368/4368/4368
f 4373/4373/4373 4366/4366/4366 4369/4369/4369
f 4373/4373/4373 4371/4371/4371 4372/4372/4372
f 4373/4373/4373 4368/4368/4368 4370/4370/4370
f 4373/4373/4373 4370/4370/4370 4371/4371/4371
f 4373/4373/4373 4372/4372/4372 4366/4366/4366
v 15.615976 -12.159860 0.060000
v 15.615976 -12.159860 5.060000
v 15.245083 -11.376616 5.060000
v 15.245083 -11.376616 0.060000
v 15.377422 -11.629932 3.393333
v 15.501728 -11.891468 3.393333
v 15.501728 -11.891468 1.726667
v 15.377422 -11.629932 1.726667
vn 0.928477 0.371391 -0.000000
vn 0.928477 0.371391 -0.000000
vn 0.877896 0.478852 -0.000000
vn 0.877896 0.478852 -0.000000
vn 0.894659 0.446750 -0.000000
vn 0.911563 0.411160 -0.000000
vn 0.911563 0.411160 -0.000000
vn 0.894659 0.446750 -0.000000
vt 0.000000 0.000000
vt 0.000000 -5.000000
vt 1.000000 -5.000000
vt 1.000000 0.000000
vt 0.666667 -3.333333
vt 0.333333 -3.333333
vt 0.333333 -1.666667
vt 0.666667 -1.666667
f 4378/4378/4378 4376/4376/4376 4375/4375/4375
f 4378/4378/4378 4377/4377/4377 4376/4376/4376
f 4378/4378/4378 4375/4375/4375 4379/4379/4379
f 4380/4380/4380 4375/4375/4375 4374/4374/4374
f 4380/4380/4380 4379/4379/4379 4375/4375/4375
f 4381/4381/4381 4374/4374/4374 4377/4377/4377
f 4381/4381/4381 4379/4379/4379 4380/4380/4380
f 4381/4381/4381 4377/4377/4377 4378/4378/4378
f 4381/4381/4381 4378/4378/4378 4379/4379/4379
f 4381/4381/4381 4380/4380/4380 4374/4374/4374
v 15.245083 -11.376616 0.060000
v 15.245083 -11.376616 5.060000
v 14.832050 -10.695300 5.060000
v 14.832050 -10.695300 0.060000
v 14.972317 -10.911953 3.393333
v 15.110673 -11.139467 3.393333
v 15.110673 -11.139467 1.726667
v 14.972317 -10.911953 1.726667
vn 0.877896 0.478852 -0.000000
vn 0.877896 0.478852 -0.000000
vn 0.832050 0.554700 -0.000000
vn 0.832050 0.554700 -0.000000
vn 0.846763 0.531971 -0.000000
vn 0.862037 0.506846 -0.000000
vn 0.862037 0.506846 -0.000000
vn 0.846763 0.531971 -0.000000
vt 0.000000 0.000000
vt 0.000000 -5.000000
vt 1.000000 -5.000000
vt 1.000000 0.000000
vt 0.666667 -3.333333
vt 0.333333 -3.333333
vt 0.333333 -1.666667
vt 0.666667 -1.666667
f 4386/4386/4386 4384/4384/4384 4383/4383/4383
f 4386/4386/4386 4383/4383/4383 4387/4387/4387
f 4388/4388/4388 4383/4383/4383 4382/4382/4382
f 4388/4388/4388 4387/4387/4387 4383/4383/4383
f 4389/4389/4389 4385/4385/4385 4384/4384/4384
f 4389/4389/4389 4382/4382/4382 4385/4385/4385
f 4389/4389/4389 4387/4387/4387 4388/4388/4388
f 4389/4389/4389 4384/4384/4384 4386/4386/4386
f 4389/4389/4389 4386/4386/4386 4387/4387/4387
f 4389/4389/4389 4388/4388/4388 4382/4382/4382
v 14.832050 -10.695300 0.060000
v 14.832050 -10.695300 5.060000
v 14.071756 -9.692959 5.060000
v 14.071756 -9.692959 0.060000
v 14.299513 -9.968146 3.393333
v 14.558330 -10.305200 3.393333
v 14.558330 -10.305200 1.726667
v 14.299513 -9.968146 1.726667
vn 0.832050 0.554700 -0.000000
vn 0.832050 0.554700 -0.000000
vn 0.759257 0.650791 -0.000000
vn 0.759257 0.650791 -0.000000
vn 0.780985 0.624550 -0.000000
vn 0.805077 0.593170 -0.000000
vn 0.805077 0.593170 -0.000000
vn 0.780985 0.624550 -0.000000
vt 0.000000 0.000000
vt 0.000000 -5.000000
vt 1.000000 -5.000000
vt 1.000000 0.000000
vt 0.666667 -3.333333
vt 0.333333 -3.333333
vt 0.333333 -1.666667
vt 0.666667 -1.666667
f 4394/4394/4394 4392/4392/4392 4391/4391/4391
f 4394/4394/4394 4391/4391/4391 4395/4395/4395
f 4396/4396/4396 4391/4391/4391 4390/4390/4390
f 4396/4396/4396 4390/4390/4390 4393/4393/4393
f 4396/4396/4396 4395/4395/4395 4391/4391/4391
f 4397/4397/4397 4393/4393/4393 4392/4392/4392
f 4397/4397/4397 4395/4395/4395 4396/4396/4396
f 4397/4397/4397 4396/4396/4396 4393/4393/4393
f 4397/4397/4397 4392/4392/4392 4394/4394/4394
f 4397/4397/4397 4394/4394/4394 4395/4395/4395
v 14.071756 -9.692959 0.060000
v 14.071756 -9.692959 5.060000
v 13.816993 -9.407525 5.060000
v 13.816993 -9.407525 0.060000
v 13.972555 -9.578981 3.393333
v 13.886943 -9.483477 3.393333
v 13.972555 -9.578981 1.726667
v 13.886943 -9.483477 1.726667
vn 0.759257 0.650791 -0.000000
vn 0.759257 0.650791 -0.000000
vn 0.731055 0.682318 -0.000000
vn 0.731055 0.682318 -0.000000
vn 0.749216 0.662326 -0.000000
vn 0.739815 0.672810 -0.000000
vn 0.749216 0.662326 -0.000000
vn 0.739815 0.672810 -0.000000
vt 0.000000 0.000000
vt 0.000000 -5.000000
vt 1.000000 -5.000000
vt 1.000000 0.000000
vt 0.333333 -3.333333
vt 0.666667 -3.333333
vt 0.333333 -1.666667
vt 0.666667 -1.666667
f 4402/4402/4402 4399/4399/4399 4398/4398/4398
f 4403/4403/4403 4400/4400/4400 4399/4399/4399
f 4403/4403/4403 4399/4399/4399 4402/4402/4402
f 4404/4404/4404 4402/4402/4402 4398/4398/4398
f 4405/4405/4405 4401/4401/4401 4400/4400/4400
f 4405/4405/4405 4398/4398/4398 4401/4401/4401
f 4405/4405/4405 4402/4402/4402 4404/4404/4404
f 4405/4405/4405 4400/4400/4400 4403/4403/4403
f 4405/4405/4405 4403/4403/4403 4402/4402/4402
f 4405/4405/4405 4404/4404/4404 4398/4398/4398
v 13.816993 -9.407525 0.060000
v 13.816993 -9.407525 5.060000
v 13.707107 -9.292893 5.060000
v 13.707107 -9.292893 0.060000
v 13.720136 -9.306048 3.393333
v 13.757585 -9.344678 3.393333
v 13.757585 -9.344678 1.726667
v 13.720136 -9.306048 1.726667
vn 0.731055 0.682318 -0.000000
vn 0.731055 0.682318 -0.000000
vn 0.707107 0.707107 -0.000000
vn 0.707107 0.707107 -0.000000
vn 0.713270 0.700889 -0.000000
vn 0.721894 0.692004 -0.000000
vn 0.721894 0.692004 -0.000000
vn 0.713270 0.700889 -0.000000
vt 0.000000 0.000000
vt 0.000000 -5.000000
vt 1.000000 -5.000000
vt 1.000000 0.000000
vt 0.666667 -3.333333
vt 0.333333 -3.333333
vt 0.333333 -1.666667
vt 0.666667 -1.666667
f 4410/4410/4410 4408/4408/4408 4407/4407/4407
f 4410/4410/4410 4407/4407/4407 4411/4411/4411
f 4412/4412/4412 4407/4407/4407 4406/4406/4406
f 4412/4412/4412 4411/4411/4411 4407/4407/4407
f 4413/4413/4413 4409/4409/4409 4408/4408/4408
f 4413/4413/4413 4406/4406/4406 4409/4409/4409
f 4413/4413/4413 4411/4411/4411 4412/4412/4412
f 4413/4413/4413 4408/4408/4408 4410/4410/4410
f 4413/4413/4413 4410/4410/4410 4411/4411/4411
f 4413/4413/4413 4412/4412/4412 4406/4406/4406
v 13.707107 -9.292893 0.060000
v 13.707107 -9.292893 5.060000
v 3.707107 0.707107 5.060000
v 3.707107 0.707107 0.060000
vn 0.707107 0.707107 -0.000000
vn 0.707107 0.707107 -0.000000
vn 0.707107 0.707107 -0.000000
vn 0.707107 0.707107 -0.000000
vt 0.000000 0.000000
vt 0.000000 -5.000000
vt 14.142136 -5.000000
vt 14.142136 0.000000
f 4416/4416/4416 4415/4415/4415 4414/4414/4414
f 4417/4417/4417 4416/4416/4416 4414/4414/4414
v 3.707107 0.707107 0.060000
v 2.292893 -0.707107 0.060000
v 12.292893 -10.707107 0.060000
v 12.354882 -10.772162 0.060000
v 12.553244 -10.994541 0.060000
v 13.167950 -11.804700 0.060000
v 13.489292 -12.334321 0.060000
v 13.759024 -12.902640 0.060000
v 13.937876 -13.470837 0.060000
v 14.000000 -14.000000 0.060000
v 14.000000 -18.000000 0.060000
v 16.000000 -18.000000 0.060000
v 16.000000 -14.000000 0.060000
v 15.890249 -13.036976 0.060000
v 15.615976 -12.159860 0.060000
v 15.245083 -11.376616 0.060000
v 14.832050 -10.695300 0.060000
v 14.071756 -9.692959 0.060000
v 13.816993 -9.407525 0.060000
v 13.707107 -9.292893 0.060000
vn -0.000000 -0.000000 -1.000000
vn -0.000000 -0.000000 -1.000000
vn -0.000000 -0.000000 -1.000000
vn -0.000000 -0.000000 -1.000000
vn -0.000000 -0.000000 -1.000000
vn -0.000000 -0.000000 -1.000000
vn -0.000000 -0.000000 -1.000000
vn -0.000000 -0.000000 -1.000000
vn -0.000000 -0.000000 -1.000000
vn -0.000000 -0.000000 -1.000000
vn -0.000000 -0.000000 -1.000000
vn -0.000000 -0.000000 -1.000000
vn -0.000000 -0.000000 -1.000000
vn -0.000000 -0.000000 -1.000000
vn -0.000000 -0.000000 -1.000000
vn -0.000000 -0.000000 -1.000000
vn -0.000000 -0.000000 -1.000000
vn -0.000000 -0.000000 -1.000000
vn -0.000000 -0.000000 -1.000000
vn -0.000000 -0.000000 -1.000000
vt -6.689576 9.073532
vt -8.103789 7.659319
vt 1.896211 -2.340681
vt 1.958200 -2.405736
vt 2.156561 -2.628116
vt 2.771267 -3.438275
vt 3.092609 -3.967896
vt 3.362341 -4.536215
vt 3.541193 -5.104411
vt 3.603317 -5.633574
vt 3.603317 -9.633574
vt 5.603317 -9.633574
vt 5.603317 -5.633574
vt 5.493567 -4.670550
vt 5.219294 -3.793434
vt 4.848401 -3.010191
vt 4.435368 -2.328874
vt 3.675074 -1.326533
vt 3.420310 -1.041100
vt 3.310424 -0.926468
f 4427/4427/4427 4429/4429/4429 4428/4428/4428
f 4430/4430/4430 4429/4429/4429 4427/4427/4427
f 4431/4431/4431 4427/4427/4427 4426/4426/4426
f 4431/4431/4431 4430/4430/4430 4427/4427/4427
f 4432/4432/4432 4426/4426/4426 4425/4425/4425
f 4432/4432/4432 4431/4431/4431 4426/4426/4426
f 4433/4433/4433 4425/4425/4425 4424/4424/4424
f 4433/4433/4433 4432/4432/4432 4425/4425/4425
f 4434/4434/4434 4424/4424/4424 4423/4423/4423
f 4434/4434/4434 4433/4433/4433 4424/4424/4424
f 4435/4435/4435 4422/4422/4422 4421/4421/4421
f 4435/4435/4435 4423/4423/4423 4422/4422/4422
f 4435/4435/4435 4434/4434/4434 4423/4423/4423
f 4436/4436/4436 4421/4421/4421 4420/4420/4420
f 4436/4436/4436 4435/4435/4435 4421/4421/4421
f 4437/4437/4437 4436/4436/4436 4420/4420/4420
f 4418/4418/4418 4420/4420/4420 4419/4419/4419
f 4418/4418/4418 4437/4437/4437 4420/4420/4420
v 3.707107 0.707107 5.060000
v 2.292893 -0.707107 5.060000
v 12.292893 -10.707107 5.060000
v 12.354882 -10.772162 5.060000
v 12.553244 -10.994541 5.060000
v 13.167950 -11.804700 5.060000
v 13.489292 -12.334321 5.060000
v 13.759024 -12.902640 5.060000
v 13.937876 -13.470837 5.060000
v 14.000000 -14.000000 5.060000
v 14.000000 -18.000000 5.060000
v 16.000000 -18.000000 5.060000
v 16.000000 -14.000000 5.060000
v 15.890249 -13.036976 5.060000
v 15.615976 -12.159860 5.060000
v 15.245083 -11.376616 5.060000
v 14.832050 -10.695300 5.060000
v 14.071756 -9.692959 5.060000
v 13.816993 -9.407525 5.060000
v 13.707107 -9.292893 5.060000
vn 0.000000 0.000000 1.000000
vn 0.000000 0.000000 1.000000
vn 0.000000 0.000000 1.000000
vn 0.000000 0.000000 1.000000
vn 0.000000 0.000000 1.000000
vn 0.000000 0.000000 1.000000
vn 0.000000 0.000000 1.000000
vn 0.000000 0.000000 1.000000
vn 0.000000 0.000000 1.000000
vn 0.000000 0.000000 1.000000
vn 0.000000 0.000000 1.000000
vn 0.000000 0.000000 1.000000
vn 0.000000 0.000000 1.000000
vn 0.000000 0.000000 1.000000
vn 0.000000 0.000000 1.000000
vn 0.000000 0.000000 1.000000
vn 0.000000 0.000000 1.000000
vn 0.000000 0.000000 1.000000
vn 0.000000 0.000000 1.000000
vn 0.000000 0.000000 1.000000
vt -6.689576 9.073532
vt -8.103789 7.659319
vt 1.896211 -2.340681
vt 1.958200 -2.405736
vt 2.156561 -2.628116
vt 2.771267 -3.438275
vt 3.092609 -3.967896
vt 3.362341 -4.536215
vt 3.541193 -5.104411
vt 3.603317 -5.633574
vt 3.603317 -9.633574
vt 5.603317 -9.633574
vt 5.603317 -5.633574
vt 5.493567 -4.670550
vt 5.219294 -3.793434
vt 4.848401 -3.010191
vt 4.435368 -2.328874
vt 3.675074 -1.326533
vt 3.420310 -1.041100
vt 3.310424 -0.926468
f 4447/4447/4447 4448/4448/4448 4449/4449/4449
f 4450/4450/4450 4447/4447/4447 4449/4449/4449
f 4451/4451/4451 4446/4446/4446 4447/4447/4447
f 4451/4451/4451 4447/4447/4447 4450/4450/4450
f 4452/4452/4452 4445/4445/4445 4446/4446/4446
f 4452/4452/4452 4446/4446/4446 4451/4451/4451
f 4453/4453/4453 4444/4444/4444 4445/4445/4445
f 4453/4453/4453 4445/4445/4445 4452/4452/4452
f 4454/4454/4454 4443/4443/4443 4444/4444/4444
f 4454/4454/4454 4444/4444/4444 4453/4453/4453
f 4455/4455/4455 4441/4441/4441 4442/4442/4442
f 4455/4455/4455 4442/4442/4442 4443/4443/4443
f 4455/4455/4455 4443/4443/4443 4454/4454/4454
f 4456/4456/4456 4440/4440/4440 4441/4441/4441
f 4456/4456/4456 4441/4441/4441 4455/4455/4455
f 4457/4457/4457 4440/4440/4440 4456/4456/4456
f 4438/4438/4438 4439/4439/4439 4440/4440/4440
f 4438/4438/4438 4440/4440/4440 4457/4457/4457
g colour7
usemtl colour7
v 2.292893 -0.707107 0.070000
v 2.292893 -0.707107 5.070000
v 3.707107 0.707107 5.070000
v 3.707107 0.707107 0.070000
vn 0.707107 -0.707107 -0.000000
vn 0.707107 -0.707107 -0.000000
vn 0.707107 -0.707107 -0.000000
vn 0.707107 -0.707107 -0.000000
vt 0.000000 0.000000
vt 0.000000 -5.000000
vt 2.000000 -5.000000
vt 2.000000 0.000000
f 4461/4461/4461 4459/4459/4459 4458/4458/4458
f 4461/4461/4461 4460/4460/4460 4459/4459/4459
v 3.707107 0.707107 0.070000
v 3.707107 0.707107 5.070000
v -6.292893 10.707107 5.070000
v -6.292893 10.707107 0.070000
vn 0.707107 0.707107 -0.000000
vn 0.707107 0.707107 -0.000000
vn 0.707107 0.707107 -0.000000
vn 0.707107 0.707107 -0.000000
vt 0.000000 0.000000
vt 0.000000 -5.000000
vt 14.142136 -5.000000
vt 14.142136 0.000000
f 4465/4465/4465 4463/4463/4463 4462/4462/4462
f 4465/4465/4465 4464/4464/4464 4463/4463/4463
v -6.292893 10.707107 0.070000
v -6.292893 10.707107 5.070000
v -6.354882 10.772162 5.070000
v -6.354882 10.772162 0.070000
v -6.321119 10.736341 3.403333
v -6.300118 10.714495 3.403333
v -6.300118 10.714495 1.736667
v -6.321119 10.736341 1.736667
vn 0.707107 0.707107 -0.000000
vn 0.707107 0.707107 -0.000000
vn 0.731055 0.682318 -0.000000
vn 0.731055 0.682318 -0.000000
vn 0.723962 0.689840 -0.000000
vn 0.717159 0.696909 -0.000000
vn 0.717159 0.696909 -0.000000
vn 0.723962 0.689840 -0.000000
vt 0.000000 0.000000
vt 0.000000 -5.000000
vt 1.000000 -5.000000
vt 1.000000 0.000000
vt 0.666667 -3.333333
vt 0.333333 -3.333333
vt 0.333333 -1.666667
vt 0.666667 -1.666667
f 4470/4470/4470 4468/4468/4468 4467/4467/4467
f 4470/4470/4470 4467/4467/4467 4471/4471/4471
f 4472/4472/4472 4467/4467/4467 4466/4466/4466
f 4472/4472/4472 4471/4471/4471 4467/4467/4467
f 4473/4473/4473 4469/4469/4469 4468/4468/4468
f 4473/4473/4473 4466/4466/4466 4469/4469/4469
f 4473/4473/4473 4471/4471/4471 4472/4472/4472
f 4473/4473/4473 4468/4468/4468 4470/4470/4470
f 4473/4473/4473 4470/4470/4470 4471/4471/4471
f 4473/4473/4473 4472/4472/4472 4466/4466/4466
v -6.354882 10.772162 0.070000
v -6.354882 10.772162 5.070000
v -6.553243 10.994541 5.070000
v -6.553243 10.994541 0.070000
v -6.475940 10.905684 3.403333
v -6.409354 10.831338 3.403333
v -6.409354 10.831338 1.736667
v -6.475940 10.905684 1.736667
vn 0.731055 0.682318 -0.000000
vn 0.731055 0.682318 -0.000000
vn 0.759257 0.650791 -0.000000
vn 0.759257 0.650791 -0.000000
vn 0.749474 0.662034 -0.000000
vn 0.740101 0.672496 -0.000000
vn 0.740101 0.672496 -0.000000
vn 0.749474 0.662034 -0.000000
vt 0.000000 0.000000
vt 0.000000 -5.000000
vt 1.000000 -5.000000
vt 1.000000 0.000000
vt 0.666667 -3.333333
vt 0.333333 -3.333333
vt 0.333333 -1.666667
vt 0.666667 -1.666667
f 4478/4478/4478 4476/4476/4476 4475/4475/4475
f 4478/4478/4478 4475/4475/4475 4479/4479/4479
f 4480/4480/4480 4475/4475/4475 4474/4474/4474
f 4480/4480/4480 4479/4479/4479 4475/4475/4475
f 4481/4481/4481 4477/4477/4477 4476/4476/4476
f 4481/4481/4481 4474/4474/4474 4477/4477/4477
f 4481/4481/4481 4479/4479/4479 4480/4480/4480
f 4481/4481/4481 4476/4476/4476 4478/4478/4478
f 4481/4481/4481 4478/4478/4478 4479/4479/4479
f 4481/4481/4481 4480/4480/4480 4474/4474/4474
v -6.553243 10.994541 0.070000
v -6.553243 10.994541 5.070000
v -7.167950 11.804700 5.070000
v -7.167950 11.804700 0.070000
v -6.737524 11.217039 3.403333
v -6.946301 11.488781 3.403333
v -6.737524 11.217039 1.736667
v -6.946301 11.488781 1.736667
vn 0.759257 0.650791 -0.000000
vn 0.759257 0.650791 -0.000000
vn 0.832050 0.554700 -0.000000
vn 0.832050 0.554700 -0.000000
vn 0.780725 0.624875 -0.000000
vn 0.805029 0.593235 -0.000000
vn 0.780725 0.624875 -0.000000
vn 0.805029 0.593235 -0.000000
vt 0.000000 0.000000
vt 0.000000 -5.000000
vt 1.000000 -5.000000
vt 1.000000 0.000000
vt 0.333333 -3.333333
vt 0.666667 -3.333333
vt 0.333333 -1.666667
vt 0.666667 -1.666667
f 4486/4486/4486 4483/4483/4483 4482/4482/4482
f 4487/4487/4487 4484/4484/4484 4483/4483/4483
f 4487/4487/4487 4485/4485/4485 4484/4484/4484
f 4487/4487/4487 4483/4483/4483 4486/4486/4486
f 4488/4488/4488 4486/4486/4486 4482/4482/4482
f 4489/4489/4489 4482/4482/4482 4485/4485/4485
f 4489/4489/4489 4486/4486/4486 4488/4488/4488
f 4489/4489/4489 4485/4485/4485 4487/4487/4487
f 4489/4489/4489 4487/4487/4487 4486/4486/4486
f 4489/4489/4489 4488/4488/4488 4482/4482/4482
v -7.167950 11.804700 0.070000
v -7.167950 11.804700 5.070000
v -7.489292 12.334321 5.070000
v -7.489292 12.334321 0.070000
v -7.384697 12.149884 3.403333
v -7.277105 11.973174 3.403333
v -7.277105 11.973174 1.736667
v -7.384697 12.149884 1.736667
vn 0.832050 0.554700 -0.000000
vn 0.832050 0.554700 -0.000000
vn 0.877896 0.478852 -0.000000
vn 0.877896 0.478852 -0.000000
vn 0.861802 0.507245 -0.000000
vn 0.846474 0.532430 -0.000000
vn 0.846474 0.532430 -0.000000
vn 0.861802 0.507245 -0.000000
vt 0.000000 0.000000
vt 0.000000 -5.000000
vt 1.000000 -5.000000
vt 1.000000 0.000000
vt 0.666667 -3.333333
vt 0.333333 -3.333333
vt 0.333333 -1.666667
vt 0.666667 -1.666667
f 4494/4494/4494 4492/4492/4492 4491/4491/4491
f 4494/4494/4494 4491/4491/4491 4495/4495/4495
f 4496/4496/4496 4491/4491/4491 4490/4490/4490
f 4496/4496/4496 4495/4495/4495 4491/4491/4491
f 4497/4497/4497 4493/4493/4493 4492/4492/4492
f 4497/4497/4497 4490/4490/4490 4493/4493/4493
f 4497/4497/4497 4495/4495/4495 4496/4496/4496
f 4497/4497/4497 4492/4492/4492 4494/4494/4494
f 4497/4497/4497 4494/4494/4494 4495/4495/4495
f 4497/4497/4497 4496/4496/4496 4490/4490/4490
v -7.489292 12.334321 0.070000
v -7.489292 12.334321 5.070000
v -7.759023 12.902640 5.070000
v -7.759023 12.902640 0.070000
v -7.585540 12.518216 3.403333
v -7.675934 12.707780 3.403333
v -7.585540 12.518216 1.736667
v -7.675934 12.707780 1.736667
vn 0.877896 0.478852 -0.000000
vn 0.877896 0.478852 -0.000000
vn 0.928477 0.371391 -0.000000
vn 0.928477 0.371391 -0.000000
vn 0.894108 0.447852 -0.000000
vn 0.911105 0.412175 -0.000000
vn 0.894108 0.447852 -0.000000
vn 0.911105 0.412175 -0.000000
vt 0.000000 0.000000
vt 0.000000 -5.000000
vt 1.000000 -5.000000
vt 1.000000 0.000000
vt 0.333333 -3.333333
vt 0.666667 -3.333333
vt 0.333333 -1.666667
vt 0.666667 -1.666667
f 4502/4502/4502 4499/4499/4499 4498/4498/4498
f 4503/4503/4503 4500/4500/4500 4499/4499/4499
f 4503/4503/4503 4501/4501/4501 4500/4500/4500
f 4503/4503/4503 4499/4499/4499 4502/4502/4502
f 4504/4504/4504 4502/4502/4502 4498/4498/4498
f 4505/4505/4505 4498/4498/4498 4501/4501/4501
f 4505/4505/4505 4502/4502/4502 4504/4504/4504
f 4505/4505/4505 4501/4501/4501 4503/4503/4503
f 4505/4505/4505 4503/4503/4503 4502/4502/4502
f 4505/4505/4505 4504/4504/4504 4498/4498/4498
v -7.759023 12.902640 0.070000
v -7.759023 12.902640 5.070000
v -7.937875 13.470837 5.070000
v -7.937875 13.470837 0.070000
v -7.828637 13.088919 3.403333
v -7.888772 13.278406 3.403333
v -7.828637 13.088919 1.736667
v -7.888772 13.278406 1.736667
vn 0.928477 0.371391 -0.000000
vn 0.928477 0.371391 -0.000000
vn 0.976187 0.216930 -0.000000
vn 0.976187 0.216930 -0.000000
vn 0.944859 0.327477 -0.000000
vn 0.961116 0.276145 -0.000000
vn 0.944859 0.327477 -0.000000
vn 0.961116 0.276145 -0.000000
vt 0.000000 0.000000
vt 0.000000 -5.000000
vt 1.000000 -5.000000
vt 1.000000 0.000000
vt 0.333333 -3.333333
vt 0.666667 -3.333333
vt 0.333333 -1.666667
vt 0.666667 -1.666667
f 4510/4510/4510 4507/4507/4507 4506/4506/4506
f 4511/4511/4511 4508/4508/4508 4507/4507/4507
f 4511/4511/4511 4507/4507/4507 4510/4510/4510
f 4512/4512/4512 4510/4510/4510 4506/4506/4506
f 4513/4513/4513 4509/4509/4509 4508/4508/4508
f 4513/4513/4513 4506/4506/4506 4509/4509/4509
f 4513/4513/4513 4510/4510/4510 4512/4512/4512
f 4513/4513/4513 4508/4508/4508 4511/4511/4511
f 4513/4513/4513 4511/4511/4511 4510/4510/4510
f 4513/4513/4513 4512/4512/4512 4506/4506/4506
v -7.937875 13.470837 0.070000
v -7.937875 13.470837 5.070000
v -8.000000 14.000000 5.070000
v -8.000000 14.000000 0.070000
v -7.971230 13.646218 3.403333
v -7.992517 13.822770 3.403333
v -7.971230 13.646218 1.736667
v -7.992517 13.822770 1.736667
vn 0.976187 0.216930 -0.000000
vn 0.976187 0.216930 -0.000000
vn 1.000000 -0.000000 -0.000000
vn 1.000000 -0.000000 -0.000000
vn 0.987923 0.154943 -0.000000
vn 0.996580 0.082640 -0.000000
vn 0.987923 0.154943 -0.000000
vn 0.996580 0.082640 -0.000000
vt 0.000000 0.000000
vt 0.000000 -5.000000
vt 1.000000 -5.000000
vt 1.000000 0.000000
vt 0.333333 -3.333333
vt 0.666667 -3.333333
vt 0.333333 -1.666667
vt 0.666667 -1.666667
f 4518/4518/4518 4515/4515/4515 4514/4514/4514
f 4519/4519/4519 4516/4516/4516 4515/4515/4515
f 4519/4519/4519 4517/4517/4517 4516/4516/4516
f 4519/4519/4519 4515/4515/4515 4518/4518/4518
f 4520/4520/4520 4518/4518/4518 4514/4514/4514
f 4521/4521/4521 4514/4514/4514 4517/4517/4517
f 4521/4521/4521 4518/4518/4518 4520/4520/4520
f 4521/4521/4521 4517/4517/4517 4519/4519/4519
f 4521/4521/4521 4519/4519/4519 4518/4518/4518
f 4521/4521/4521 4520/4520/4520 4514/4514/4514
v -8.000000 14.000000 0.070000
v -8.000000 14.000000 5.070000
v -8.000000 18.000000 5.070000
v -8.000000 18.000000 0.070000
vn 1.000000 -0.000000 -0.000000
vn 1.000000 -0.000000 -0.000000
vn 1.000000 -0.000000 -0.000000
vn 1.000000 -0.000000 -0.000000
vt 0.000000 0.000000
vt 0.000000 -5.000000
vt 4.000000 -5.000000
vt 4.000000 0.000000
f 4525/4525/4525 4523/4523/4523 4522/4522/4522
f 4525/4525/4525 4524/4524/4524 4523/4523/4523
v -8.000000 18.000000 0.070000
v -8.000000 18.000000 5.070000
v -10.000000 18.000000 5.070000
v -10.000000 18.000000 0.070000
vn -0.000000 1.000000 -0.000000
vn -0.000000 1.000000 -0.000000
vn -0.000000 1.000000 -0.000000
vn -0.000000 1.000000 -0.000000
vt 0.000000 0.000000
vt 0.000000 -5.000000
vt 2.000000 -5.000000
vt 2.000000 0.000000
f 4529/4529/4529 4527/4527/4527 4526/4526/4526
f 4529/4529/4529 4528/4528/4528 4527/4527/4527
v -10.000000 18.000000 0.070000
v -10.000000 18.000000 5.070000
v -10.000000 14.000000 5.070000
v -10.000000 14.000000 0.070000
vn -1.000000 -0.000000 -0.000000
vn -1.000000 -0.000000 -0.000000
vn -1.000000 -0.000000 -0.000000
vn -1.000000 -0.000000 -0.000000
vt 0.000000 0.000000
vt 0.000000 -5.000000
vt 4.000000 -5.000000
vt 4.000000 0.000000
f 4533/4533/4533 4531/4531/4531 4530/4530/4530
f 4533/4533/4533 4532/4532/4532 4531/4531/4531
v -10.000000 14.000000 0.070000
v -10.000000 14.000000 5.070000
v -9.890249 13.036976 5.070000
v -9.890249 13.036976 0.070000
v -9.950067 13.356096 3.403333
v -9.987227 13.677519 3.403333
v -9.987227 13.677519 1.736667
v -9.950067 13.356096 1.736667
vn -1.000000 -0.000000 0.000000
vn -1.000000 -0.000000 0.000000
vn -0.976187 -0.216930 0.000000
vn -0.976187 -0.216930 0.000000
vn -0.988614 -0.150470 0.000000
vn -0.996941 -0.078154 0.000000
vn -0.996941 -0.078154 0.000000
vn -0.988614 -0.150470 0.000000
vt 0.000000 0.000000
vt 0.000000 -5.000000
vt 1.000000 -5.000000
vt 1.000000 0.000000
vt 0.666667 -3.333333
vt 0.333333 -3.333333
vt 0.333333 -1.666667
vt 0.666667 -1.666667
f 4538/4538/4538 4536/4536/4536 4535/4535/4535
f 4538/4538/4538 4535/4535/4535 4539/4539/4539
f 4540/4540/4540 4535/4535/4535 4534/4534/4534
f 4540/4540/4540 4539/4539/4539 4535/4535/4535
f 4541/4541/4541 4537/4537/4537 4536/4536/4536
f 4541/4541/4541 4534/4534/4534 4537/4537/4537
f 4541/4541/4541 4539/4539/4539 4540/4540/4540
f 4541/4541/4541 4536/4536/4536 4538/4538/4538
f 4541/4541/4541 4538/4538/4538 4539/4539/4539
f 4541/4541/4541 4540/4540/4540 4534/4534/4534
v -9.890249 13.036976 0.070000
v -9.890249 13.036976 5.070000
v -9.615976 12.159860 5.070000
v -9.615976 12.159860 0.070000
v -9.722868 12.447250 3.403333
v -9.814932 12.740112 3.403333
v -9.814932 12.740112 1.736667
v -9.722868 12.447250 1.736667
vn -0.976187 -0.216930 0.000000
vn -0.976187 -0.216930 0.000000
vn -0.928477 -0.371391 0.000000
vn -0.928477 -0.371391 0.000000
vn -0.945705 -0.325027 0.000000
vn -0.961787 -0.273799 0.000000
vn -0.961787 -0.273799 0.000000
vn -0.945705 -0.325027 0.000000
vt 0.000000 0.000000
vt 0.000000 -5.000000
vt 1.000000 -5.000000
vt 1.000000 0.000000
vt 0.666667 -3.333333
vt 0.333333 -3.333333
vt 0.333333 -1.666667
vt 0.666667 -1.666667
f 4546/4546/4546 4544/4544/4544 4543/4543/4543
f 4546/4546/4546 4545/4545/4545 4544/4544/4544
f 4546/4546/4546 4543/4543/4543 4547/4547/4547
f 4548/4548/4548 4543/4543/4543 4542/4542/4542
f 4548/4548/4548 4547/4547/4547 4543/4543/4543
f 4549/4549/4549 4542/4542/4542 4545/4545/4545
f 4549/4549/4549 4547/4547/4547 4548/4548/4548
f 4549/4549/4549 4545/4545/4545 4546/4546/4546
f 4549/4549/4549 4546/4546/4546 4547/4547/4547
f 4549/4549/4549 4548/4548/4548 4542/4542/4542
v -9.615976 12.159860 0.070000
v -9.615976 12.159860 5.070000
v -9.245083 11.376616 5.070000
v -9.245083 11.376616 0.070000
v -9.501728 11.891468 3.403333
v -9.377422 11.629932 3.403333
v -9.501728 11.891468 1.736667
v -9.377422 11.629932 1.736667
vn -0.928477 -0.371391 0.000000
vn -0.928477 -0.371391 0.000000
vn -0.877896 -0.478852 0.000000
vn -0.877896 -0.478852 0.000000
vn -0.911563 -0.411160 0.000000
vn -0.894659 -0.446750 0.000000
vn -0.911563 -0.411160 0.000000
vn -0.894659 -0.446750 0.000000
vt 0.000000 0.000000
vt 0.000000 -5.000000
vt 1.000000 -5.000000
vt 1.000000 0.000000
vt 0.333333 -3.333333
vt 0.666667 -3.333333
vt 0.333333 -1.666667
vt 0.666667 -1.666667
f 4554/4554/4554 4551/4551/4551 4550/4550/4550
f 4555/4555/4555 4552/4552/4552 4551/4551/4551
f 4555/4555/4555 4551/4551/4551 4554/4554/4554
f 4556/4556/4556 4554/4554/4554 4550/4550/4550
f 4557/4557/4557 4553/4553/4553 4552/4552/4552
f 4557/4557/4557 4550/4550/4550 4553/4553/4553
f 4557/4557/4557 4554/4554/4554 4556/4556/4556
f 4557/4557/4557 4552/4552/4552 4555/4555/4555
f 4557/4557/4557 4555/4555/4555 4554/4554/4554
f 4557/4557/4557 4556/4556/4556 4550/4550/4550
v -9.245083 11.376616 0.070000
v -9.245083 11.376616 5.070000
v -8.832050 10.695300 5.070000
v -8.832050 10.695300 0.070000
v -9.110673 11.139467 3.403333
v -8.972317 10.911953 3.403333
v -9.110673 11.139467 1.736667
v -8.972317 10.911953 1.736667
vn -0.877896 -0.478852 0.000000
vn -0.877896 -0.478852 0.000000
vn -0.832050 -0.554700 0.000000
vn -0.832050 -0.554700 0.000000
vn -0.862037 -0.506846 0.000000
vn -0.846763 -0.531971 0.000000
vn -0.862037 -0.506846 0.000000
vn -0.846763 -0.531971 0.000000
vt 0.000000 0.000000
vt 0.000000 -5.000000
vt 1.000000 -5.000000
vt 1.000000 0.000000
vt 0.333333 -3.333333
vt 0.666667 -3.333333
vt 0.333333 -1.666667
vt 0.666667 -1.666667
f 4562/4562/4562 4559/4559/4559 4558/4558/4558
f 4563/4563/4563 4560/4560/4560 4559/4559/4559
f 4563/4563/4563 4559/4559/4559 4562/4562/4562
f 4564/4564/4564 4562/4562/4562 4558/4558/4558
f 4565/4565/4565 4561/4561/4561 4560/4560/4560
f 4565/4565/4565 4558/4558/4558 4561/4561/4561
f 4565/4565/4565 4562/4562/4562 4564/4564/4564
f 4565/4565/4565 4560/4560/4560 4563/4563/4563
f 4565/4565/4565 4563/4563/4563 4562/4562/4562
f 4565/4565/4565 4564/4564/4564 4558/4558/4558
v -8.832050 10.695300 0.070000
v -8.832050 10.695300 5.070000
v -8.071756 9.692959 5.070000
v -8.071756 9.692959 0.070000
v -8.299513 9.968146 3.403333
v -8.558330 10.305200 3.403333
v -8.558330 10.305200 1.736667
v -8.299513 9.968146 1.736667
vn -0.832050 -0.554700 0.000000
vn -0.832050 -0.554700 0.000000
vn -0.759257 -0.650791 0.000000
vn -0.759257 -0.650791 0.000000
vn -0.780985 -0.624550 0.000000
vn -0.805077 -0.593170 0.000000
vn -0.805077 -0.593170 0.000000
vn -0.780985 -0.624550 0.000000
vt 0.000000 0.000000
vt 0.000000 -5.000000
vt 1.000000 -5.000000
vt 1.000000 0.000000
vt 0.666667 -3.333333
vt 0.333333 -3.333333
vt 0.333333 -1.666667
vt 0.666667 -1.666667
f 4570/4570/4570 4568/4568/4568 4567/4567/4567
f 4570/4570/4570 4567/4567/4567 4571/4571/4571
f 4572/4572/4572 4567/4567/4567 4566/4566/4566
f 4572/4572/4572 4571/4571/4571 4567/4567/4567
f 4573/4573/4573 4569/4569/4569 4568/4568/4568
f 4573/4573/4573 4566/4566/4566 4569/4569/4569
f 4573/4573/4573 4571/4571/4571 4572/4572/4572
f 4573/4573/4573 4568/4568/4568 4570/4570/4570
f 4573/4573/4573 4570/4570/4570 4571/4571/4571
f 4573/4573/4573 4572/4572/4572 4566/4566/4566
v -8.071756 9.692959 0.070000
v -8.071756 9.692959 5.070000
v -7.816993 9.407525 5.070000
v -7.816993 9.407525 0.070000
v -7.972556 9.578981 3.403333
v -7.886943 9.483477 3.403333
v -7.972556 9.578981 1.736667
v -7.886943 9.483477 1.736667
vn -0.759257 -0.650791 0.000000
vn -0.759257 -0.650791 0.000000
vn -0.731055 -0.682318 0.000000
vn -0.731055 -0.682318 0.000000
vn -0.749216 -0.662326 0.000000
vn -0.739815 -0.672810 0.000000
vn -0.749216 -0.662326 0.000000
vn -0.739815 -0.672810 0.000000
vt 0.000000 0.000000
vt 0.000000 -5.000000
vt 1.000000 -5.000000
vt 1.000000 0.000000
vt 0.333333 -3.333333
vt 0.666667 -3.333333
vt 0.333333 -1.666667
vt 0.666667 -1.666667
f 4578/4578/4578 4575/4575/4575 4574/4574/4574
f 4579/4579/4579 4576/4576/4576 4575/4575/4575
f 4579/4579/4579 4577/4577/4577 4576/4576/4576
f 4579/4579/4579 4575/4575/4575 4578/4578/4578
f 4580/4580/4580 4578/4578/4578 4574/4574/4574
f 4581/4581/4581 4574/4574/4574 4577/4577/4577
f 4581/4581/4581 4578/4578/4578 4580/4580/4580
f 4581/4581/4581 4577/4577/4577 4579/4579/4579
f 4581/4581/4581 4579/4579/4579 4578/4578/4578
f 4581/4581/4581 4580/4580/4580 4574/4574/4574
v -7.816993 9.407525 0.070000
v -7.816993 9.407525 5.070000
v -7.707107 9.292893 5.070000
v -7.707107 9.292893 0.070000
v -7.720136 9.306048 3.403333
v -7.757585 9.344678 3.403333
v -7.757585 9.344678 1.736667
v -7.720136 9.306048 1.736667
vn -0.731055 -0.682318 0.000000
vn -0.731055 -0.682318 0.000000
vn -0.707107 -0.707107 0.000000
vn -0.707107 -0.707107 0.000000
vn -0.713270 -0.700889 0.000000
vn -0.721894 -0.692004 0.000000
vn -0.721894 -0.692004 0.000000
vn -0.713270 -0.700889 0.000000
vt 0.000000 0.000000
vt 0.000000 -5.000000
vt 1.000000 -5.000000
vt 1.000000 0.000000
vt 0.666667 -3.333333
vt 0.333333 -3.333333
vt 0.333333 -1.666667
vt 0.666667 -1.666667
f 4586/4586/4586 4584/4584/4584 4583/4583/4583
f 4586/4586/4586 4583/4583/4583 4587/4587/4587
f 4588/4588/4588 4583/4583/4583 4582/4582/4582
f 4588/4588/4588 4587/4587/4587 4583/4583/4583
f 4589/4589/4589 4585/4585/4585 4584/4584/4584
f 4589/4589/4589 4582/4582/4582 4585/4585/4585
f 4589/4589/4589 4587/4587/4587 4588/4588/4588
f 4589/4589/4589 4584/4584/4584 4586/4586/4586
f 4589/4589/4589 4586/4586/4586 4587/4587/4587
f 4589/4589/4589 4588/4588/4588 4582/4582/4582
v -7.707107 9.292893 0.070000
v -7.707107 9.292893 5.070000
v 2.292893 -0.707107 5.070000
v 2.292893 -0.707107 0.070000
vn -0.707107 -0.707107 -0.000000
vn -0.707107 -0.707107 -0.000000
vn -0.707107 -0.707107 -0.000000
vn -0.707107 -0.707107 -0.000000
vt 0.000000 0.000000
vt 0.000000 -5.000000
vt 14.142136 -5.000000
vt 14.142136 0.000000
f 4592/4592/4592 4591/4591/4591 4590/4590/4590
f 4593/4593/4593 4592/4592/4592 4590/4590/4590
v 2.292893 -0.707107 0.070000
v 3.707107 0.707107 0.070000
v -6.292893 10.707107 0.070000
v -6.354882 10.772162 0.070000
v -6.553243 10.994541 0.070000
v -7.167950 11.804700 0.070000
v -7.489292 12.334321 0.070000
v -7.759023 12.902640 0.070000
v -7.937875 13.470837 0.070000
v -8.000000 14.000000 0.070000
v -8.000000 18.000000 0.070000
v -10.000000 18.000000 0.070000
v -10.000000 14.000000 0.070000
v -9.890249 13.036976 0.070000
v -9.615976 12.159860 0.070000
v -9.245083 11.376616 0.070000
v -8.832050 10.695300 0.070000
v -8.071756 9.692959 0.070000
v -7.816993 9.407525 0.070000
v -7.707107 9.292893 0.070000
vn -0.000000 -0.000000 -1.000000
vn -0.000000 -0.000000 -1.000000
vn -0.000000 -0.000000 -1.000000
vn -0.000000 -0.000000 -1.000000
vn -0.000000 -0.000000 -1.000000
vn -0.000000 -0.000000 -1.000000
vn -0.000000 -0.000000 -1.000000
vn -0.000000 -0.000000 -1.000000
vn -0.000000 -0.000000 -1.000000
vn -0.000000 -0.000000 -1.000000
vn -0.000000 -0.000000 -1.000000
vn -0.000000 -0.000000 -1.000000
vn -0.000000 -0.000000 -1.000000
vn -0.000000 -0.000000 -1.000000
vn -0.000000 -0.000000 -1.000000
vn -0.000000 -0.000000 -1.000000
vn -0.000000 -0.000000 -1.000000
vn -0.000000 -0.000000 -1.000000
vn -0.000000 -0.000000 -1.000000
vn -0.000000 -0.000000 -1.000000
vt 6.689576 -9.073532
vt 8.103789 -7.659319
vt -1.896211 2.340681
vt -1.958200 2.405736
vt -2.156561 2.628116
vt -2.771267 3.438275
vt -3.092609 3.967896
vt -3.362341 4.536215
vt -3.541193 5.104411
vt -3.603317 5.633574
vt -3.603317 9.633574
vt -5.603317 9.633574
vt -5.603317 5.633574
vt -5.493567 4.670550
vt -5.219294 3.793434
vt -4.848401 3.010191
vt -4.435368 2.328874
vt -3.675074 1.326533
vt -3.420310 1.041100
vt -3.310424 0.926468
f 4596/4596/4596 4613/4613/4613 4612/4612/4612
f 4595/4595/4595 4594/4594/4594 4613/4613/4613
f 4595/4595/4595 4613/4613/4613 4596/4596/4596
f 4597/4597/4597 4612/4612/4612 4611/4611/4611
f 4597/4597/4597 4596/4596/4596 4612/4612/4612
f 4598/4598/4598 4597/4597/4597 4611/4611/4611
f 4599/4599/4599 4611/4611/4611 4610/4610/4610
f 4599/4599/4599 4598/4598/4598 4611/4611/4611
f 4600/4600/4600 4610/4610/4610 4609/4609/4609
f 4600/4600/4600 4599/4599/4599 4610/4610/4610
f 4601/4601/4601 4609/4609/4609 4608/4608/4608
f 4601/4601/4601 4600/4600/4600 4609/4609/4609
f 4602/4602/4602 4608/4608/4608 4607/4607/4607
f 4602/4602/4602 4601/4601/4601 4608/4608/4608
f 4603/4603/4603 4607/4607/4607 4606/4606/4606
f 4603/4603/4603 4602/4602/4602 4607/4607/4607
f 4604/4604/4604 4606/4606/4606 4605/4605/4605
f 4604/4604/4604 4603/4603/4603 4606/4606/4606
v 2.292893 -0.707107 5.070000
v 3.707107 0.707107 5.070000
v -6.292893 10.707107 5.070000
v -6.354882 10.772162 5.070000
v -6.553243 10.994541 5.070000
v -7.167950 11.804700 5.070000
v -7.489292 12.334321 5.070000
v -7.759023 12.902640 5.070000
v -7.937875 13.470837 5.070000
v -8.000000 14.000000 5.070000
v -8.000000 18.000000 5.070000
v -10.000000 18.000000 5.070000
v -10.000000 14.000000 5.070000
v -9.890249 13.036976 5.070000
v -9.615976 12.159860 5.070000
v -9.245083 11.376616 5.070000
v -8.832050 10.695300 5.070000
v -8.071756 9.692959 5.070000
v -7.816993 9.407525 5.070000
v -7.707107 9.292893 5.070000
vn 0.000000 0.000000 1.000000
vn 0.000000 0.000000 1.000000
vn 0.000000 0.000000 1.000000
vn 0.000000 0.000000 1.000000
vn 0.000000 0.000000 1.000000
vn 0.000000 0.000000 1.000000
vn 0.000000 0.000000 1.000000
vn 0.000000 0.000000 1.000000
vn 0.000000 0.000000 1.000000
vn 0.000000 0.000000 1.000000
vn 0.000000 0.000000 1.000000
vn 0.000000 0.000000 1.000000
vn 0.000000 0.000000 1.000000
vn 0.000000 0.000000 1.000000
vn 0.000000 0.000000 1.000000
vn 0.000000 0.000000 1.000000
vn 0.000000 0.000000 1.000000
vn 0.000000 0.000000 1.000000
vn 0.000000 0.000000 1.000000
vn 0.000000 0.000000 1.000000
vt 6.689576 -9.073532
vt 8.103789 -7.659319
vt -1.896211 2.340681
vt -1.958200 2.405736
vt -2.156561 2.628116
vt -2.771267 3.438275
vt -3.092609 3.967896
vt -3.362341 4.536215
vt -3.541193 5.104411
vt -3.603317 5.633574
vt -3.603317 9.633574
vt -5.603317 9.633574
vt -5.603317 5.633574
vt -5.493567 4.670550
vt -5.219294 3.793434
vt -4.848401 3.010191
vt -4.435368 2.328874
vt -3.675074 1.326533
vt -3.420310 1.041100
vt -3.310424 0.926468
f 4616/4616/4616 4632/4632/4632 4633/4633/4633
f 4615/4615/4615 4633/4633/4633 4614/4614/4614
f 4615/4615/4615 4616/4616/4616 4633/4633/4633
f 4617/4617/4617 4631/4631/4631 4632/4632/4632
f 4617/4617/4617 4632/4632/4632 4616/4616/4616
f 4618/4618/4618 4631/4631/4631 4617/4617/4617
f 4619/4619/4619 4630/4630/4630 4631/4631/4631
f 4619/4619/4619 4631/4631/4631 4618/4618/4618
f 4620/4620/4620 4629/4629/4629 4630/4630/4630
f 4620/4620/4620 4630/4630/4630 4619/4619/4619
f 4621/4621/4621 4628/4628/4628 4629/4629/4629
f 4621/4621/4621 4629/4629/4629 4620/4620/4620
f 4622/4622/4622 4627/4627/4627 4628/4628/4628
f 4622/4622/4622 4628/4628/4628 4621/4621/4621
f 4623/4623/4623 4626/4626/4626 4627/4627/4627
f 4623/4623/4623 4627/4627/4627 4622/4622/4622
f 4624/4624/4624 4625/4625/4625 4626/4626/4626
f 4624/4624/4624 4626/4626/4626 4623/4623/4623
g colour8
usemtl colour8
v -8.292893 -0.707107 0.080000
v -8.292893 -0.707107 5.080000
v -9.707107 0.707107 5.080000
v -9.707107 0.707107 0.080000
vn 0.707107 0.707107 -0.000000
vn 0.707107 0.707107 -0.000000
vn 0.707107 0.707107 -0.000000
vn 0.707107 0.707107 -0.000000
vt 0.000000 0.000000
vt 0.000000 -5.000000
vt 2.000000 -5.000000
vt 2.000000 0.000000
f 4637/4637/4637 4635/4635/4635 4634/4634/4634
f 4637/4637/4637 4636/4636/4636 4635/4635/4635
v -9.707107 0.707107 0.080000
v -9.707107 0.707107 5.080000
v -19.707108 -9.292893 5.080000
v -19.707108 -9.292893 0.080000
vn -0.707107 0.707107 -0.000000
vn -0.707107 0.707107 -0.000000
vn -0.707107 0.707107 -0.000000
vn -0.707107 0.707107 -0.000000
vt 0.000000 0.000000
vt 0.000000 -5.000000
vt 14.142136 -5.000000
vt 14.142136 0.000000
f 4641/4641/4641 4639/4639/4639 4638/4638/4638
f 4641/4641/4641 4640/4640/4640 4639/4639/4639
v -19.707108 -9.292893 0.080000
v -19.707108 -9.292893 5.080000
v -19.816994 -9.407525 5.080000
v -19.816994 -9.407525 0.080000
v -19.757584 -9.344678 3.413333
v -19.720137 -9.306048 3.413333
v -19.720137 -9.306048 1.746667
v -19.757584 -9.344678 1.746667
vn -0.707105 0.707109 -0.000000
vn -0.707105 0.707109 -0.000000
vn -0.731055 0.682318 -0.000000
vn -0.731055 0.682318 -0.000000
vn -0.721894 0.692004 -0.000000
vn -0.713270 0.700889 -0.000000
vn -0.713270 0.700889 -0.000000
vn -0.721894 0.692004 -0.000000
vt 0.000000 0.000000
vt 0.000000 -5.000000
vt 1.000000 -5.000000
vt 1.000000 0.000000
vt 0.666667 -3.333333
vt 0.333333 -3.333333
vt 0.333333 -1.666667
vt 0.666667 -1.666667
f 4646/4646/4646 4644/4644/4644 4643/4643/4643
f 4646/4646/4646 4643/4643/4643 4647/4647/4647
f 4648/4648/4648 4643/4643/4643 4642/4642/4642
f 4648/4648/4648 4647/4647/4647 4643/4643/4643
f 4649/4649/4649 4645/4645/4645 4644/4644/4644
f 4649/4649/4649 4642/4642/4642 4645/4645/4645
f 4649/4649/4649 4647/4647/4647 4648/4648/4648
f 4649/4649/4649 4644/4644/4644 4646/4646/4646
f 4649/4649/4649 4646/4646/4646 4647/4647/4647
f 4649/4649/4649 4648/4648/4648 4642/4642/4642
v -19.816994 -9.407525 0.080000
v -19.816994 -9.407525 5.080000
v -20.071756 -9.692959 5.080000
v -20.071756 -9.692959 0.080000
v -19.972555 -9.578981 3.413333
v -19.886942 -9.483477 3.413333
v -19.886942 -9.483477 1.746667
v -19.972555 -9.578981 1.746667
vn -0.731055 0.682318 -0.000000
vn -0.731055 0.682318 -0.000000
vn -0.759257 0.650791 -0.000000
vn -0.759257 0.650791 -0.000000
vn -0.749216 0.662326 -0.000000
vn -0.739815 0.672810 -0.000000
vn -0.739815 0.672810 -0.000000
vn -0.749216 0.662326 -0.000000
vt 0.000000 0.000000
vt 0.000000 -5.000000
vt 1.000000 -5.000000
vt 1.000000 0.000000
vt 0.666667 -3.333333
vt 0.333333 -3.333333
vt 0.333333 -1.666667
vt 0.666667 -1.666667
f 4654/4654/4654 4652/4652/4652 4651/4651/4651
f 4654/4654/4654 4651/4651/4651 4655/4655/4655
f 4656/4656/4656 4651/4651/4651 4650/4650/4650
f 4656/4656/4656 4655/4655/4655 4651/4651/4651
f 4657/4657/4657 4653/4653/4653 4652/4652/4652
f 4657/4657/4657 4650/4650/4650 4653/4653/4653
f 4657/4657/4657 4655/4655/4655 4656/4656/4656
f 4657/4657/4657 4652/4652/4652 4654/4654/4654
f 4657/4657/4657 4654/4654/4654 4655/4655/4655
f 4657/4657/4657 4656/4656/4656 4650/4650/4650
v -20.071756 -9.692959 0.080000
v -20.071756 -9.692959 5.080000
v -20.832050 -10.695300 5.080000
v -20.832050 -10.695300 0.080000
v -20.558329 -10.305200 3.413333
v -20.299513 -9.968146 3.413333
v -20.299513 -9.968146 1.746667
v -20.558329 -10.305200 1.746667
vn -0.759257 0.650791 -0.000000
vn -0.759257 0.650791 -0.000000
vn -0.832050 0.554700 -0.000000
vn -0.832050 0.554700 -0.000000
vn -0.805077 0.593170 -0.000000
vn -0.780985 0.624550 -0.000000
vn -0.780985 0.624550 -0.000000
vn -0.805077 0.593170 -0.000000
vt 0.000000 0.000000
vt 0.000000 -5.000000
vt 1.000000 -5.000000
vt 1.000000 0.000000
vt 0.666667 -3.333333
vt 0.333333 -3.333333
vt 0.333333 -1.666667
vt 0.666667 -1.666667
f 4662/4662/4662 4660/4660/4660 4659/4659/4659
f 4662/4662/4662 4659/4659/4659 4663/4663/4663
f 4664/4664/4664 4659/4659/4659 4658/4658/4658
f 4664/4664/4664 4663/4663/4663 4659/4659/4659
f 4665/4665/4665 4661/4661/4661 4660/4660/4660
f 4665/4665/4665 4658/4658/4658 4661/4661/4661
f 4665/4665/4665 4663/4663/4663 4664/4664/4664
f 4665/4665/4665 4660/4660/4660 4662/4662/4662
f 4665/4665/4665 4662/4662/4662 4663/4663/4663
f 4665/4665/4665 4664/4664/4664 4658/4658/4658
v -20.832050 -10.695300 0.080000
v -20.832050 -10.695300 5.080000
v -21.245083 -11.376616 5.080000
v -21.245083 -11.376616 0.080000
v -21.110672 -11.139467 3.413333
v -20.972317 -10.911953 3.413333
v -20.972317 -10.911953 1.746667
v -21.110672 -11.139467 1.746667
vn -0.832050 0.554700 -0.000000
vn -0.832050 0.554700 -0.000000
vn -0.877896 0.478852 -0.000000
vn -0.877896 0.478852 -0.000000
vn -0.862037 0.506846 -0.000000
vn -0.846763 0.531971 -0.000000
vn -0.846763 0.531971 -0.000000
vn -0.862037 0.506846 -0.000000
vt 0.000000 0.000000
vt 0.000000 -5.000000
vt 1.000000 -5.000000
vt 1.000000 0.000000
vt 0.666667 -3.333333
vt 0.333333 -3.333333
vt 0.333333 -1.666667
vt 0.666667 -1.666667
f 4670/4670/4670 4668/4668/4668 4667/4667/4667
f 4670/4670/4670 4667/4667/4667 4671/4671/4671
f 4672/4672/4672 4667/4667/4667 4666/4666/4666
f 4672/4672/4672 4671/4671/4671 4667/4667/4667
f 4673/4673/4673 4669/4669/4669 4668/4668/4668
f 4673/4673/4673 4666/4666/4666 4669/4669/4669
f 4673/4673/4673 4671/4671/4671 4672/4672/4672
f 4673/4673/4673 4668/4668/4668 4670/4670/4670
f 4673/4673/4673 4670/4670/4670 4671/4671/4671
f 4673/4673/4673 4672/4672/4672 4666/4666/4666
v -21.245083 -11.376616 0.080000
v -21.245083 -11.376616 5.080000
v -21.615976 -12.159860 5.080000
v -21.615976 -12.159860 0.080000
v -21.377422 -11.629932 3.413333
v -21.501728 -11.891468 3.413333
v -21.377422 -11.629932 1.746667
v -21.501728 -11.891468 1.746667
vn -0.877896 0.478852 -0.000000
vn -0.877896 0.478852 -0.000000
vn -0.928477 0.371391 -0.000000
vn -0.928477 0.371391 -0.000000
vn -0.894659 0.446750 -0.000000
vn -0.911563 0.411160 -0.000000
vn -0.894659 0.446750 -0.000000
vn -0.911563 0.411160 -0.000000
vt 0.000000 0.000000
vt 0.000000 -5.000000
vt 1.000000 -5.000000
vt 1.000000 0.000000
vt 0.333333 -3.333333
vt 0.666667 -3.333333
vt 0.333333 -1.666667
vt 0.666667 -1.666667
f 4678/4678/4678 4675/4675/4675 4674/4674/4674
f 4679/4679/4679 4676/4676/4676 4675/4675/4675
f 4679/4679/4679 4677/4677/4677 4676/4676/4676
f 4679/4679/4679 4675/4675/4675 4678/4678/4678
f 4680/4680/4680 4678/4678/4678 4674/4674/4674
f 4681/4681/4681 4674/4674/4674 4677/4677/4677
f 4681/4681/4681 4678/4678/4678 4680/4680/4680
f 4681/4681/4681 4677/4677/4677 4679/4679/4679
f 4681/4681/4681 4679/4679/4679 4678/4678/4678
f 4681/4681/4681 4680/4680/4680 4674/4674/4674
v -21.615976 -12.159860 0.080000
v -21.615976 -12.159860 5.080000
v -21.890249 -13.036976 5.080000
v -21.890249 -13.036976 0.080000
v -21.814932 -12.740112 3.413333
v -21.722868 -12.447250 3.413333
v -21.722868 -12.447250 1.746667
v -21.814932 -12.740112 1.746667
vn -0.928477 0.371391 -0.000000
vn -0.928477 0.371391 -0.000000
vn -0.976187 0.216930 -0.000000
vn -0.976187 0.216930 -0.000000
vn -0.961787 0.273799 -0.000000
vn -0.945705 0.325027 -0.000000
vn -0.945705 0.325027 -0.000000
vn -0.961787 0.273799 -0.000000
vt 0.000000 0.000000
vt 0.000000 -5.000000
vt 1.000000 -5.000000
vt 1.000000 0.000000
vt 0.666667 -3.333333
vt 0.333333 -3.333333
vt 0.333333 -1.666667
vt 0.666667 -1.666667
f 4686/4686/4686 4684/4684/4684 4683/4683/4683
f 4686/4686/4686 4683/4683/4683 4687/4687/4687
f 4688/4688/4688 4683/4683/4683 4682/4682/4682
f 4688/4688/4688 4687/4687/4687 4683/4683/4683
f 4689/4689/4689 4685/4685/4685 4684/4684/4684
f 4689/4689/4689 4682/4682/4682 4685/4685/4685
f 4689/4689/4689 4687/4687/4687 4688/4688/4688
f 4689/4689/4689 4684/4684/4684 4686/4686/4686
f 4689/4689/4689 4686/4686/4686 4687/4687/4687
f 4689/4689/4689 4688/4688/4688 4682/4682/4682
v -21.890249 -13.036976 0.080000
v -21.890249 -13.036976 5.080000
v -22.000000 -14.000000 5.080000
v -22.000000 -14.000000 0.080000
v -21.987228 -13.677519 3.413333
v -21.950068 -13.356096 3.413333
v -21.950068 -13.356096 1.746667
v -21.987228 -13.677519 1.746667
vn -0.976187 0.216930 -0.000000
vn -0.976187 0.216930 -0.000000
vn -1.000000 -0.000000 0.000000
vn -1.000000 -0.000000 0.000000
vn -0.996941 0.078154 -0.000000
vn -0.988614 0.150470 -0.000000
vn -0.988614 0.150470 -0.000000
vn -0.996941 0.078154 -0.000000
vt 0.000000 0.000000
vt 0.000000 -5.000000
vt 1.000000 -5.000000
vt 1.000000 0.000000
vt 0.666667 -3.333333
vt 0.333333 -3.333333
vt 0.333333 -1.666667
vt 0.666667 -1.666667
f 4694/4694/4694 4692/4692/4692 4691/4691/4691
f 4694/4694/4694 4691/4691/4691 4695/4695/4695
f 4696/4696/4696 4691/4691/4691 4690/4690/4690
f 4696/4696/4696 4695/4695/4695 4691/4691/4691
f 4697/4697/4697 4693/4693/4693 4692/4692/4692
f 4697/4697/4697 4690/4690/4690 4693/4693/4693
f 4697/4697/4697 4695/4695/4695 4696/4696/4696
f 4697/4697/4697 4692/4692/4692 4694/4694/4694
f 4697/4697/4697 4694/4694/4694 4695/4695/4695
f 4697/4697/4697 4696/4696/4696 4690/4690/4690
v -22.000000 -14.000000 0.080000
v -22.000000 -14.000000 5.080000
v -22.000000 -18.000000 5.080000
v -22.000000 -18.000000 0.080000
vn -1.000000 -0.000000 -0.000000
vn -1.000000 -0.000000 -0.000000
vn -1.000000 -0.000000 -0.000000
vn -1.000000 -0.000000 -0.000000
vt 0.000000 0.000000
vt 0.000000 -5.000000
vt 4.000000 -5.000000
vt 4.000000 0.000000
f 4701/4701/4701 4699/4699/4699 4698/4698/4698
f 4701/4701/4701 4700/4700/4700 4699/4699/4699
v -22.000000 -18.000000 0.080000
v -22.000000 -18.000000 5.080000
v -20.000000 -18.000000 5.080000
v -20.000000 -18.000000 0.080000
vn 0.000000 -1.000000 -0.000000
vn 0.000000 -1.000000 -0.000000
vn 0.000000 -1.000000 -0.000000
vn 0.000000 -1.000000 -0.000000
vt 0.000000 0.000000
vt 0.000000 -5.000000
vt 2.000000 -5.000000
vt 2.000000 0.000000
f 4705/4705/4705 4703/4703/4703 4702/4702/4702
f 4705/4705/4705 4704/4704/4704 4703/4703/4703
v -20.000000 -18.000000 0.080000
v -20.000000 -18.000000 5.080000
v -20.000000 -14.000000 5.080000
v -20.000000 -14.000000 0.080000
vn 1.000000 -0.000000 -0.000000
vn 1.000000 -0.000000 -0.000000
vn 1.000000 -0.000000 -0.000000
vn 1.000000 -0.000000 -0.000000
vt 0.000000 0.000000
vt 0.000000 -5.000000
vt 4.000000 -5.000000
vt 4.000000 0.000000
f 4709/4709/4709 4707/4707/4707 4706/4706/4706
f 4709/4709/4709 4708/4708/4708 4707/4707/4707
v -20.000000 -14.000000 0.080000
v -20.000000 -14.000000 5.080000
v -19.937876 -13.470837 5.080000
v -19.937876 -13.470837 0.080000
v -19.992517 -13.822770 3.413333
v -19.971230 -13.646218 3.413333
v -19.992517 -13.822770 1.746667
v -19.971230 -13.646218 1.746667
vn 1.000000 -0.000000 -0.000000
vn 1.000000 -0.000000 -0.000000
vn 0.976187 -0.216930 -0.000000
vn 0.976187 -0.216930 -0.000000
vn 0.996580 -0.082640 -0.000000
vn 0.987923 -0.154943 -0.000000
vn 0.996580 -0.082640 -0.000000
vn 0.987923 -0.154943 -0.000000
vt 0.000000 0.000000
vt 0.000000 -5.000000
vt 1.000000 -5.000000
vt 1.000000 0.000000
vt 0.333333 -3.333333
vt 0.666667 -3.333333
vt 0.333333 -1.666667
vt 0.666667 -1.666667
f 4714/4714/4714 4711/4711/4711 4710/4710/4710
f 4715/4715/4715 4712/4712/4712 4711/4711/4711
f 4715/4715/4715 4711/4711/4711 4714/4714/4714
f 4716/4716/4716 4714/4714/4714 4710/4710/4710
f 4717/4717/4717 4713/4713/4713 4712/4712/4712
f 4717/4717/4717 4710/4710/4710 4713/4713/4713
f 4717/4717/4717 4714/4714/4714 4716/4716/4716
f 4717/4717/4717 4712/4712/4712 4715/4715/4715
f 4717/4717/4717 4715/4715/4715 4714/4714/4714
f 4717/4717/4717 4716/4716/4716 4710/4710/4710
v -19.937876 -13.470837 0.080000
v -19.937876 -13.470837 5.080000
v -19.759024 -12.902640 5.080000
v -19.759024 -12.902640 0.080000
v -19.828636 -13.088919 3.413333
v -19.888771 -13.278406 3.413333
v -19.888771 -13.278406 1.746667
v -19.828636 -13.088919 1.746667
vn 0.976187 -0.216930 -0.000000
vn 0.976187 -0.216930 -0.000000
vn 0.928477 -0.371391 -0.000000
vn 0.928477 -0.371391 -0.000000
vn 0.944859 -0.327477 -0.000000
vn 0.961116 -0.276145 -0.000000
vn 0.961116 -0.276145 -0.000000
vn 0.944859 -0.327477 -0.000000
vt 0.000000 0.000000
vt 0.000000 -5.000000
vt 1.000000 -5.000000
vt 1.000000 0.000000
vt 0.666667 -3.333333
vt 0.333333 -3.333333
vt 0.333333 -1.666667
vt 0.666667 -1.666667
f 4722/4722/4722 4720/4720/4720 4719/4719/4719
f 4722/4722/4722 4719/4719/4719 4723/4723/4723
f 4724/4724/4724 4719/4719/4719 4718/4718/4718
f 4724/4724/4724 4723/4723/4723 4719/4719/4719
f 4725/4725/4725 4721/4721/4721 4720/4720/4720
f 4725/4725/4725 4718/4718/4718 4721/4721/4721
f 4725/4725/4725 4723/4723/4723 4724/4724/4724
f 4725/4725/4725 4720/4720/4720 4722/4722/4722
f 4725/4725/4725 4722/4722/4722 4723/4723/4723
f 4725/4725/4725 4724/4724/4724 4718/4718/4718
v -19.759024 -12.902640 0.080000
v -19.759024 -12.902640 5.080000
v -19.489292 -12.334321 5.080000
v -19.489292 -12.334321 0.080000
v -19.585541 -12.518216 3.413333
v -19.675934 -12.707780 3.413333
v -19.675934 -12.707780 1.746667
v -19.585541 -12.518216 1.746667
vn 0.928477 -0.371391 -0.000000
vn 0.928477 -0.371391 -0.000000
vn 0.877896 -0.478852 -0.000000
vn 0.877896 -0.478852 -0.000000
vn 0.894108 -0.447852 -0.000000
vn 0.911105 -0.412175 -0.000000
vn 0.911105 -0.412175 -0.000000
vn 0.894108 -0.447852 -0.000000
vt 0.000000 0.000000
vt 0.000000 -5.000000
vt 1.000000 -5.000000
vt 1.000000 0.000000
vt 0.666667 -3.333333
vt 0.333333 -3.333333
vt 0.333333 -1.666667
vt 0.666667 -1.666667
f 4730/4730/4730 4728/4728/4728 4727/4727/4727
f 4730/4730/4730 4727/4727/4727 4731/4731/4731
f 4732/4732/4732 4727/4727/4727 4726/4726/4726
f 4732/4732/4732 4731/4731/4731 4727/4727/4727
f 4733/4733/4733 4729/4729/4729 4728/4728/4728
f 4733/4733/4733 4726/4726/4726 4729/4729/4729
f 4733/4733/4733 4731/4731/4731 4732/4732/4732
f 4733/4733/4733 4728/4728/4728 4730/4730/4730
f 4733/4733/4733 4730/4730/4730 4731/4731/4731
f 4733/4733/4733 4732/4732/4732 4726/4726/4726
v -19.489292 -12.334321 0.080000
v -19.489292 -12.334321 5.080000
v -19.167950 -11.804700 5.080000
v -19.167950 -11.804700 0.080000
v -19.277105 -11.973174 3.413333
v -19.384697 -12.149884 3.413333
v -19.384697 -12.149884 1.746667
v -19.277105 -11.973174 1.746667
vn 0.877896 -0.478852 -0.000000
vn 0.877896 -0.478852 -0.000000
vn 0.832050 -0.554700 -0.000000
vn 0.832050 -0.554700 -0.000000
vn 0.846474 -0.532430 -0.000000
vn 0.861802 -0.507245 -0.000000
vn 0.861802 -0.507245 -0.000000
vn 0.846474 -0.532430 -0.000000
vt 0.000000 0.000000
vt 0.000000 -5.000000
vt 1.000000 -5.000000
vt 1.000000 0.000000
vt 0.666667 -3.333333
vt 0.333333 -3.333333
vt 0.333333 -1.666667
vt 0.666667 -1.666667
f 4738/4738/4738 4736/4736/4736 4735/4735/4735
f 4738/4738/4738 4735/4735/4735 4739/4739/4739
f 4740/4740/4740 4735/4735/4735 4734/4734/4734
f 4740/4740/4740 4739/4739/4739 4735/4735/4735
f 4741/4741/4741 4737/4737/4737 4736/4736/4736
f 4741/4741/4741 4734/4734/4734 4737/4737/4737
f 4741/4741/4741 4739/4739/4739 4740/4740/4740
f 4741/4741/4741 4736/4736/4736 4738/4738/4738
f 4741/4741/4741 4738/4738/4738 4739/4739/4739
f 4741/4741/4741 4740/4740/4740 4734/4734/4734
v -19.167950 -11.804700 0.080000
v -19.167950 -11.804700 5.080000
v -18.553244 -10.994541 5.080000
v -18.553244 -10.994541 0.080000
v -18.737524 -11.217039 3.413333
v -18.946301 -11.488781 3.413333
v -18.946301 -11.488781 1.746667
v -18.737524 -11.217039 1.746667
vn 0.832050 -0.554700 -0.000000
vn 0.832050 -0.554700 -0.000000
vn 0.759257 -0.650791 -0.000000
vn 0.759257 -0.650791 -0.000000
vn 0.780725 -0.624875 -0.000000
vn 0.805029 -0.593235 -0.000000
vn 0.805029 -0.593235 -0.000000
vn 0.780725 -0.624875 -0.000000
vt 0.000000 0.000000
vt 0.000000 -5.000000
vt 1.000000 -5.000000
vt 1.000000 0.000000
vt 0.666667 -3.333333
vt 0.333333 -3.333333
vt 0.333333 -1.666667
vt 0.666667 -1.666667
f 4746/4746/4746 4744/4744/4744 4743/4743/4743
f 4746/4746/4746 4743/4743/4743 4747/4747/4747
f 4748/4748/4748 4743/4743/4743 4742/4742/4742
f 4748/4748/4748 4747/4747/4747 4743/4743/4743
f 4749/4749/4749 4745/4745/4745 4744/4744/4744
f 4749/4749/4749 4742/4742/4742 4745/4745/4745
f 4749/4749/4749 4747/4747/4747 4748/4748/4748
f 4749/4749/4749 4744/4744/4744 4746/4746/4746
f 4749/4749/4749 4746/4746/4746 4747/4747/4747
f 4749/4749/4749 4748/4748/4748 4742/4742/4742
v -18.553244 -10.994541 0.080000
v -18.553244 -10.994541 5.080000
v -18.354881 -10.772162 5.080000
v -18.354881 -10.772162 0.080000
v -18.409353 -10.831338 3.413333
v -18.475941 -10.905684 3.413333
v -18.475941 -10.905684 1.746667
v -18.409353 -10.831338 1.746667
vn 0.759257 -0.650791 -0.000000
vn 0.759257 -0.650791 -0.000000
vn 0.731055 -0.682318 -0.000000
vn 0.731055 -0.682318 -0.000000
vn 0.740101 -0.672496 -0.000000
vn 0.749474 -0.662034 -0.000000
vn 0.749474 -0.662034 -0.000000
vn 0.740101 -0.672496 -0.000000
vt 0.000000 0.000000
vt 0.000000 -5.000000
vt 1.000000 -5.000000
vt 1.000000 0.000000
vt 0.666667 -3.333333
vt 0.333333 -3.333333
vt 0.333333 -1.666667
vt 0.666667 -1.666667
f 4754/4754/4754 4752/4752/4752 4751/4751/4751
f 4754/4754/4754 4751/4751/4751 4755/4755/4755
f 4756/4756/4756 4751/4751/4751 4750/4750/4750
f 4756/4756/4756 4755/4755/4755 4751/4751/4751
f 4757/4757/4757 4753/4753/4753 4752/4752/4752
f 4757/4757/4757 4750/4750/4750 4753/4753/4753
f 4757/4757/4757 4755/4755/4755 4756/4756/4756
f 4757/4757/4757 4752/4752/4752 4754/4754/4754
f 4757/4757/4757 4754/4754/4754 4755/4755/4755
f 4757/4757/4757 4756/4756/4756 4750/4750/4750
v -18.354881 -10.772162 0.080000
v -18.354881 -10.772162 5.080000
v -18.292892 -10.707107 5.080000
v -18.292892 -10.707107 0.080000
v -18.300119 -10.714495 3.413333
v -18.321119 -10.736341 3.413333
v -18.321119 -10.736341 1.746667
v -18.300119 -10.714495 1.746667
vn 0.731055 -0.682318 -0.000000
vn 0.731055 -0.682318 -0.000000
vn 0.707107 -0.707107 -0.000000
vn 0.707107 -0.707107 -0.000000
vn 0.717159 -0.696909 -0.000000
vn 0.723962 -0.689840 -0.000000
vn 0.723962 -0.689840 -0.000000
vn 0.717159 -0.696909 -0.000000
vt 0.000000 0.000000
vt 0.000000 -5.000000
vt 1.000000 -5.000000
vt 1.000000 0.000000
vt 0.666667 -3.333333
vt 0.333333 -3.333333
vt 0.333333 -1.666667
vt 0.666667 -1.666667
f 4762/4762/4762 4760/4760/4760 4759/4759/4759
f 4762/4762/4762 4759/4759/4759 4763/4763/4763
f 4764/4764/4764 4759/4759/4759 4758/4758/4758
f 4764/4764/4764 4763/4763/4763 4759/4759/4759
f 4765/4765/4765 4761/4761/4761 4760/4760/4760
f 4765/4765/4765 4758/4758/4758 4761/4761/4761
f 4765/4765/4765 4763/4763/4763 4764/4764/4764
f 4765/4765/4765 4760/4760/4760 4762/4762/4762
f 4765/4765/4765 4762/4762/4762 4763/4763/4763
f 4765/4765/4765 4764/4764/4764 4758/4758/4758
v -18.292892 -10.707107 0.080000
v -18.292892 -10.707107 5.080000
v -8.292893 -0.707107 5.080000
v -8.292893 -0.707107 0.080000
vn 0.707107 -0.707107 -0.000000
vn 0.707107 -0.707107 -0.000000
vn 0.707107 -0.707107 -0.000000
vn 0.707107 -0.707107 -0.000000
vt 0.000000 0.000000
vt 0.000000 -5.000000
vt 14.142136 -5.000000
vt 14.142136 0.000000
f 4769/4769/4769 4767/4767/4767 4766/4766/4766
f 4769/4769/4769 4768/4768/4768 4767/4767/4767
v -8.292893 -0.707107 0.080000
v -9.707107 0.707107 0.080000
v -19.707108 -9.292893 0.080000
v -19.816994 -9.407525 0.080000
v -20.071756 -9.692959 0.080000
v -20.832050 -10.695300 0.080000
v -21.245083 -11.376616 0.080000
v -21.615976 -12.159860 0.080000
v -21.890249 -13.036976 0.080000
v -22.000000 -14.000000 0.080000
v -22.000000 -18.000000 0.080000
v -20.000000 -18.000000 0.080000
v -20.000000 -14.000000 0.080000
v -19.937876 -13.470837 0.080000
v -19.759024 -12.902640 0.080000
v -19.489292 -12.334321 0.080000
v -19.167950 -11.804700 0.080000
v -18.553244 -10.994541 0.080000
v -18.354881 -10.772162 0.080000
v -18.292892 -10.707107 0.080000
vn -0.000000 -0.000000 -1.000000
vn -0.000000 -0.000000 -1.000000
vn -0.000000 -0.000000 -1.000000
vn -0.000000 -0.000000 -1.000000
vn -0.000000 -0.000000 -1.000000
vn -0.000000 -0.000000 -1.000000
vn -0.000000 -0.000000 -1.000000
vn -0.000000 -0.000000 -1.000000
vn -0.000000 -0.000000 -1.000000
vn -0.000000 -0.000000 -1.000000
vn -0.000000 -0.000000 -1.000000
vn -0.000000 -0.000000 -1.000000
vn -0.000000 -0.000000 -1.000000
vn -0.000000 -0.000000 -1.000000
vn -0.000000 -0.000000 -1.000000
vn -0.000000 -0.000000 -1.000000
vn -0.000000 -0.000000 -1.000000
vn -0.000000 -0.000000 -1.000000
vn -0.000000 -0.000000 -1.000000
vn -0.000000 -0.000000 -1.000000
vt 8.103789 7.659319
vt 6.689576 9.073532
vt -3.310424 -0.926468
vt -3.420310 -1.041100
vt -3.675074 -1.326533
vt -4.435368 -2.328874
vt -4.848401 -3.010191
vt -5.219294 -3.793434
vt -5.493567 -4.670550
vt -5.603317 -5.633574
vt -5.603317 -9.633574
vt -3.603317 -9.633574
vt -3.603317 -5.633574
vt -3.541193 -5.104411
vt -3.362341 -4.536215
vt -3.092609 -3.967896
vt -2.771267 -3.438275
vt -2.156561 -2.628116
vt -1.958200 -2.405736
vt -1.896211 -2.340681
f 4782/4782/4782 4779/4779/4779 4778/4778/4778
f 4782/4782/4782 4780/4780/4780 4779/4779/4779
f 4782/4782/4782 4781/4781/4781 4780/4780/4780
f 4783/4783/4783 4778/4778/4778 4777/4777/4777
f 4783/4783/4783 4782/4782/4782 4778/4778/4778
f 4784/4784/4784 4783/4783/4783 4777/4777/4777
f 4776/4776/4776 4784/4784/4784 4777/4777/4777
f 4785/4785/4785 4784/4784/4784 4776/4776/4776
f 4775/4775/4775 4785/4785/4785 4776/4776/4776
f 4786/4786/4786 4785/4785/4785 4775/4775/4775
f 4774/4774/4774 4786/4786/4786 4775/4775/4775
f 4787/4787/4787 4786/4786/4786 4774/4774/4774
f 4788/4788/4788 4774/4774/4774 4773/4773/4773
f 4788/4788/4788 4787/4787/4787 4774/4774/4774
f 4789/4789/4789 4788/4788/4788 4773/4773/4773
f 4772/4772/4772 4789/4789/4789 4773/4773/4773
f 4771/4771/4771 4770/4770/4770 4789/4789/4789
f 4771/4771/4771 4789/4789/4789 4772/4772/4772
v -8.292893 -0.707107 5.080000
v -9.707107 0.707107 5.080000
v -19.707108 -9.292893 5.080000
v -19.816994 -9.407525 5.080000
v -20.071756 -9.692959 5.080000
v -20.832050 -10.695300 5.080000
v -21.245083 -11.376616 5.080000
v -21.615976 -12.159860 5.080000
v -21.890249 -13.036976 5.080000
v -22.000000 -14.000000 5.080000
v -22.000000 -18.000000 5.080000
v -20.000000 -18.000000 5.080000
v -20.000000 -14.000000 5.080000
v -19.937876 -13.470837 5.080000
v -19.759024 -12.902640 5.080000
v -19.489292 -12.334321 5.080000
v -19.167950 -11.804700 5.080000
v -18.553244 -10.994541 5.080000
v -18.354881 -10.772162 5.080000
v -18.292892 -10.707107 5.080000
vn 0.000000 0.000000 1.000000
vn 0.000000 0.000000 1.000000
vn 0.000000 0.000000 1.000000
vn 0.000000 0.000000 1.000000
vn 0.000000 0.000000 1.000000
vn 0.000000 0.000000 1.000000
vn 0.000000 0.000000 1.000000
vn 0.000000 0.000000 1.000000
vn 0.000000 0.000000 1.000000
vn 0.000000 0.000000 1.000000
vn 0.000000 0.000000 1.000000
vn 0.000000 0.000000 1.000000
vn 0.000000 0.000000 1.000000
vn 0.000000 0.000000 1.000000
vn 0.000000 0.000000 1.000000
vn 0.000000 0.000000 1.000000
vn 0.000000 0.000000 1.000000
vn 0.000000 0.000000 1.000000
vn 0.000000 0.000000 1.000000
vn 0.000000 0.000000 1.000000
vt 8.103789 7.659319
vt 6.689576 9.073532
vt -3.310424 -0.926468
vt -3.420310 -1.041100
vt -3.675074 -1.326533
vt -4.435368 -2.328874
vt -4.848401 -3.010191
vt -5.219294 -3.793434
vt -5.493567 -4.670550
vt -5.603317 -5.633574
vt -5.603317 -9.633574
vt -3.603317 -9.633574
vt -3.603317 -5.633574
vt -3.541193 -5.104411
vt -3.362341 -4.536215
vt -3.092609 -3.967896
vt -2.771267 -3.438275
vt -2.156561 -2.628116
vt -1.958200 -2.405736
vt -1.896211 -2.340681
f 4802/4802/4802 4798/4798/4798 4799/4799/4799
f 4802/4802/4802 4799/4799/4799 4800/4800/4800
f 4802/4802/4802 4800/4800/4800 4801/4801/4801
f 4803/4803/4803 4797/4797/4797 4798/4798/4798
f 4803/4803/4803 4798/4798/4798 4802/4802/4802
f 4804/4804/4804 4797/4797/4797 4803/4803/4803
f 4796/4796/4796 4797/4797/4797 4804/4804/4804
f 4805/4805/4805 4796/4796/4796 4804/4804/4804
f 4795/4795/4795 4796/4796/4796 4805/4805/4805
f 4806/4806/4806 4795/4795/4795 4805/4805/4805
f 4794/4794/4794 4795/4795/4795 4806/4806/4806
f 4807/4807/4807 4794/4794/4794 4806/4806/4806
f 4808/4808/4808 4793/4793/4793 4794/4794/4794
f 4808/4808/4808 4794/4794/4794 4807/4807/4807
f 4809/4809/4809 4793/4793/4793 4808/4808/4808
f 4792/4792/4792 4793/4793/4793 4809/4809/4809
f 4791/4791/4791 4809/4809/4809 4790/4790/4790
f 4791/4791/4791 4792/4792/4792 4809/4809/4809
g colour9
usemtl colour9
v -9.707107 -0.707107 0.090000
v -9.707107 -0.707107 5.090000
v -8.292893 0.707107 5.090000
v -8.292893 0.707107 0.090000
vn 0.707107 -0.707107 -0.000000
vn 0.707107 -0.707107 -0.000000
vn 0.707107 -0.707107 -0.000000
vn 0.707107 -0.707107 -0.000000
vt 0.000000 0.000000
vt 0.000000 -5.000000
vt 2.000000 -5.000000
vt 2.000000 0.000000
f 4813/4813/4813 4811/4811/4811 4810/4810/4810
f 4813/4813/4813 4812/4812/4812 4811/4811/4811
v -8.292893 0.707107 0.090000
v -8.292893 0.707107 5.090000
v -18.292892 10.707107 5.090000
v -18.292892 10.707107 0.090000
vn 0.707107 0.707107 -0.000000
vn 0.707107 0.707107 -0.000000
vn 0.707107 0.707107 -0.000000
vn 0.707107 0.707107 -0.000000
vt 0.000000 0.000000
vt 0.000000 -5.000000
vt 14.142136 -5.000000
vt 14.142136 0.000000
f 4816/4816/4816 4815/4815/4815 4814/4814/4814
f 4817/4817/4817 4816/4816/4816 4814/4814/4814
v -18.292892 10.707107 0.090000
v -18.292892 10.707107 5.090000
v -18.354881 10.772162 5.090000
v -18.354881 10.772162 0.090000
v -18.321119 10.736341 3.423333
v -18.300119 10.714495 3.423333
v -18.300119 10.714495 1.756667
v -18.321119 10.736341 1.756667
vn 0.707107 0.707107 -0.000000
vn 0.707107 0.707107 -0.000000
vn 0.731055 0.682318 -0.000000
vn 0.731055 0.682318 -0.000000
vn 0.723962 0.689840 -0.000000
vn 0.717159 0.696909 -0.000000
vn 0.717159 0.696909 -0.000000
vn 0.723962 0.689840 -0.000000
vt 0.000000 0.000000
vt 0.000000 -5.000000
vt 1.000000 -5.000000
vt 1.000000 0.000000
vt 0.666667 -3.333333
vt 0.333333 -3.333333
vt 0.333333 -1.666667
vt 0.666667 -1.666667
f 4822/4822/4822 4820/4820/4820 4819/4819/4819
f 4822/4822/4822 4819/4819/4819 4823/4823/4823
f 4824/4824/4824 4819/4819/4819 4818/4818/4818
f 4824/4824/4824 4823/4823/4823 4819/4819/4819
f 4825/4825/4825 4821/4821/4821 4820/4820/4820
f 4825/4825/4825 4818/4818/4818 4821/4821/4821
f 4825/4825/4825 4823/4823/4823 4824/4824/4824
f 4825/4825/4825 4820/4820/4820 4822/4822/4822
f 4825/4825/4825 4822/4822/4822 4823/4823/4823
f 4825/4825/4825 4824/4824/4824 4818/4818/4818
v -18.354881 10.772162 0.090000
v -18.354881 10.772162 5.090000
v -18.553244 10.994541 5.090000
v -18.553244 10.994541 0.090000
v -18.475941 10.905684 3.423333
v -18.409353 10.831338 3.423333
v -18.409353 10.831338 1.756667
v -18.475941 10.905684 1.756667
vn 0.731055 0.682318 -0.000000
vn 0.731055 0.682318 -0.000000
vn 0.759257 0.650791 -0.000000
vn 0.759257 0.650791 -0.000000
vn 0.749474 0.662034 -0.000000
vn 0.740101 0.672496 -0.000000
vn 0.740101 0.672496 -0.000000
vn 0.749474 0.662034 -0.000000
vt 0.000000 0.000000
vt 0.000000 -5.000000
vt 1.000000 -5.000000
vt 1.000000 0.000000
vt 0.666667 -3.333333
vt 0.333333 -3.333333
vt 0.333333 -1.666667
vt 0.666667 -1.666667
f 4830/4830/4830 4828/4828/4828 4827/4827/4827
f 4830/4830/4830 4827/4827/4827 4831/4831/4831
f 4832/4832/4832 4827/4827/4827 4826/4826/4826
f 4832/4832/4832 4831/4831/4831 4827/4827/4827
f 4833/4833/4833 4829/4829/4829 4828/4828/4828
f 4833/4833/4833 4826/4826/4826 4829/4829/4829
f 4833/4833/4833 4831/4831/4831 4832/4832/4832
f 4833/4833/4833 4828/4828/4828 4830/4830/4830
f 4833/4833/4833 4830/4830/4830 4831/4831/4831
f 4833/4833/4833 4832/4832/4832 4826/4826/4826
v -18.553244 10.994541 0.090000
v -18.553244 10.994541 5.090000
v -19.167950 11.804700 5.090000
v -19.167950 11.804700 0.090000
v -18.946301 11.488781 3.423333
v -18.737524 11.217039 3.423333
v -18.737524 11.217039 1.756667
v -18.946301 11.488781 1.756667
vn 0.759257 0.650791 -0.000000
vn 0.759257 0.650791 -0.000000
vn 0.832050 0.554700 -0.000000
vn 0.832050 0.554700 -0.000000
vn 0.805029 0.593235 -0.000000
vn 0.780725 0.624875 -0.000000
vn 0.780725 0.624875 -0.000000
vn 0.805029 0.593235 -0.000000
vt 0.000000 0.000000
vt 0.000000 -5.000000
vt 1.000000 -5.000000
vt 1.000000 0.000000
vt 0.666667 -3.333333
vt 0.333333 -3.333333
vt 0.333333 -1.666667
vt 0.666667 -1.666667
f 4838/4838/4838 4836/4836/4836 4835/4835/4835
f 4838/4838/4838 4835/4835/4835 4839/4839/4839
f 4840/4840/4840 4835/4835/4835 4834/4834/4834
f 4840/4840/4840 4839/4839/4839 4835/4835/4835
f 4841/4841/4841 4837/4837/4837 4836/4836/4836
f 4841/4841/4841 4834/4834/4834 4837/4837/4837
f 4841/4841/4841 4839/4839/4839 4840/4840/4840
f 4841/4841/4841 4836/4836/4836 4838/4838/4838
f 4841/4841/4841 4838/4838/4838 4839/4839/4839
f 4841/4841/4841 4840/4840/4840 4834/4834/4834
v -19.167950 11.804700 0.090000
v -19.167950 11.804700 5.090000
v -19.489292 12.334321 5.090000
v -19.489292 12.334321 0.090000
v -19.384697 12.149884 3.423333
v -19.277105 11.973174 3.423333
v -19.277105 11.973174 1.756667
v -19.384697 12.149884 1.756667
vn 0.832050 0.554700 -0.000000
vn 0.832050 0.554700 -0.000000
vn 0.877896 0.478852 -0.000000
vn 0.877896 0.478852 -0.000000
vn 0.861802 0.507245 -0.000000
vn 0.846474 0.532430 -0.000000
vn 0.846474 0.532430 -0.000000
vn 0.861802 0.507245 -0.000000
vt 0.000000 0.000000
vt 0.000000 -5.000000
vt 1.000000 -5.000000
vt 1.000000 0.000000
vt 0.666667 -3.333333
vt 0.333333 -3.333333
vt 0.333333 -1.666667
vt 0.666667 -1.666667
f 4846/4846/4846 4844/4844/4844 4843/4843/4843
f 4846/4846/4846 4843/4843/4843 4847/4847/4847
f 4848/4848/4848 4843/4843/4843 4842/4842/4842
f 4848/4848/4848 4847/4847/4847 4843/4843/4843
f 4849/4849/4849 4845/4845/4845 4844/4844/4844
f 4849/4849/4849 4842/4842/4842 4845/4845/4845
f 4849/4849/4849 4847/4847/4847 4848/4848/4848
f 4849/4849/4849 4844/4844/4844 4846/4846/4846
f 4849/4849/4849 4846/4846/4846 4847/4847/4847
f 4849/4849/4849 4848/4848/4848 4842/4842/4842
v -19.489292 12.334321 0.090000
v -19.489292 12.334321 5.090000
v -19.759024 12.902640 5.090000
v -19.759024 12.902640 0.090000
v -19.675934 12.707780 3.423333
v -19.585541 12.518216 3.423333
v -19.585541 12.518216 1.756667
v -19.675934 12.707780 1.756667
vn 0.877896 0.478852 -0.000000
vn 0.877896 0.478852 -0.000000
vn 0.928477 0.371391 -0.000000
vn 0.928477 0.371391 -0.000000
vn 0.911105 0.412175 -0.000000
vn 0.894108 0.447852 -0.000000
vn 0.894108 0.447852 -0.000000
vn 0.911105 0.412175 -0.000000
vt 0.000000 0.000000
vt 0.000000 -5.000000
vt 1.000000 -5.000000
vt 1.000000 0.000000
vt 0.666667 -3.333333
vt 0.333333 -3.333333
vt 0.333333 -1.666667
vt 0.666667 -1.666667
f 4854/4854/4854 4852/4852/4852 4851/4851/4851
f 4854/4854/4854 4853/4853/4853 4852/4852/4852
f 4854/4854/4854 4851/4851/4851 4855/4855/4855
f 4856/4856/4856 4851/4851/4851 4850/4850/4850
f 4856/4856/4856 4855/4855/4855 4851/4851/4851
f 4857/4857/4857 4850/4850/4850 4853/4853/4853
f 4857/4857/4857 4855/4855/4855 4856/4856/4856
f 4857/4857/4857 4853/4853/4853 4854/4854/4854
f 4857/4857/4857 4854/4854/4854 4855/4855/4855
f 4857/4857/4857 4856/4856/4856 4850/4850/4850
v -19.759024 12.902640 0.090000
v -19.759024 12.902640 5.090000
v -19.937876 13.470837 5.090000
v -19.937876 13.470837 0.090000
v -19.888771 13.278406 3.423333
v -19.828636 13.088919 3.423333
v -19.828636 13.088919 1.756667
v -19.888771 13.278406 1.756667
vn 0.928477 0.371391 -0.000000
vn 0.928477 0.371391 -0.000000
vn 0.976187 0.216930 -0.000000
vn 0.976187 0.216930 -0.000000
vn 0.961116 0.276145 -0.000000
vn 0.944859 0.327477 -0.000000
vn 0.944859 0.327477 -0.000000
vn 0.961116 0.276145 -0.000000
vt 0.000000 0.000000
vt 0.000000 -5.000000
vt 1.000000 -5.000000
vt 1.000000 0.000000
vt 0.666667 -3.333333
vt 0.333333 -3.333333
vt 0.333333 -1.666667
vt 0.666667 -1.666667
f 4862/4862/4862 4860/4860/4860 4859/4859/4859
f 4862/4862/4862 4859/4859/4859 4863/4863/4863
f 4864/4864/4864 4859/4859/4859 4858/4858/4858
f 4864/4864/4864 4863/4863/4863 4859/4859/4859
f 4865/4865/4865 4861/4861/4861 4860/4860/4860
f 4865/4865/4865 4858/4858/4858 4861/4861/4861
f 4865/4865/4865 4863/4863/4863 4864/4864/4864
f 4865/4865/4865 4860/4860/4860 4862/4862/4862
f 4865/4865/4865 4862/4862/4862 4863/4863/4863
f 4865/4865/4865 4864/4864/4864 4858/4858/4858
v -19.937876 13.470837 0.090000
v -19.937876 13.470837 5.090000
v -20.000000 14.000000 5.090000
v -20.000000 14.000000 0.090000
v -19.971230 13.646218 3.423333
v -19.992517 13.822770 3.423333
v -19.971230 13.646218 1.756667
v -19.992517 13.822770 1.756667
vn 0.976187 0.216930 -0.000000
vn 0.976187 0.216930 -0.000000
vn 1.000000 -0.000000 -0.000000
vn 1.000000 -0.000000 -0.000000
vn 0.987923 0.154943 -0.000000
vn 0.996580 0.082640 -0.000000
vn 0.987923 0.154943 -0.000000
vn 0.996580 0.082640 -0.000000
vt 0.000000 0.000000
vt 0.000000 -5.000000
vt 1.000000 -5.000000
vt 1.000000 0.000000
vt 0.333333 -3.333333
vt 0.666667 -3.333333
vt 0.333333 -1.666667
vt 0.666667 -1.666667
f 4870/4870/4870 4867/4867/4867 4866/4866/4866
f 4871/4871/4871 4868/4868/4868 4867/4867/4867
f 4871/4871/4871 4869/4869/4869 4868/4868/4868
f 4871/4871/4871 4867/4867/4867 4870/4870/4870
f 4872/4872/4872 4870/4870/4870 4866/4866/4866
f 4873/4873/4873 4866/4866/4866 4869/4869/4869
f 4873/4873/4873 4870/4870/4870 4872/4872/4872
f 4873/4873/4873 4869/4869/4869 4871/4871/4871
f 4873/4873/4873 4871/4871/4871 4870/4870/4870
f 4873/4873/4873 4872/4872/4872 4866/4866/4866
v -20.000000 14.000000 0.090000
v -20.000000 14.000000 5.090000
v -20.000000 18.000000 5.090000
v -20.000000 18.000000 0.090000
vn 1.000000 -0.000000 -0.000000
vn 1.000000 -0.000000 -0.000000
vn 1.000000 -0.000000 -0.000000
vn 1.000000 -0.000000 -0.000000
vt 0.000000 0.000000
vt 0.000000 -5.000000
vt 4.000000 -5.000000
vt 4.000000 0.000000
f 4877/4877/4877 4875/4875/4875 4874/4874/4874
f 4877/4877/4877 4876/4876/4876 4875/4875/4875
v -20.000000 18.000000 0.090000
v -20.000000 18.000000 5.090000
v -22.000000 18.000000 5.090000
v -22.000000 18.000000 0.090000
vn -0.000000 1.000000 -0.000000
vn -0.000000 1.000000 -0.000000
vn -0.000000 1.000000 -0.000000
vn -0.000000 1.000000 -0.000000
vt 0.000000 0.000000
vt 0.000000 -5.000000
vt 2.000000 -5.000000
vt 2.000000 0.000000
f 4881/4881/4881 4879/4879/4879 4878/4878/4878
f 4881/4881/4881 4880/4880/4880 4879/4879/4879
v -22.000000 18.000000 0.090000
v -22.000000 18.000000 5.090000
v -22.000000 14.000000 5.090000
v -22.000000 14.000000 0.090000
vn -1.000000 -0.000000 -0.000000
vn -1.000000 -0.000000 -0.000000
vn -1.000000 -0.000000 -0.000000
vn -1.000000 -0.000000 -0.000000
vt 0.000000 0.000000
vt 0.000000 -5.000000
vt 4.000000 -5.000000
vt 4.000000 0.000000
f 4885/4885/4885 4883/4883/4883 4882/4882/4882
f 4885/4885/4885 4884/4884/4884 4883/4883/4883
v -22.000000 14.000000 0.090000
v -22.000000 14.000000 5.090000
v -21.890249 13.036976 5.090000
v -21.890249 13.036976 0.090000
v -21.950068 13.356096 3.423333
v -21.987228 13.677519 3.423333
v -21.987228 13.677519 1.756667
v -21.950068 13.356096 1.756667
vn -1.000000 -0.000000 0.000000
vn -1.000000 -0.000000 0.000000
vn -0.976187 -0.216930 0.000000
vn -0.976187 -0.216930 0.000000
vn -0.988614 -0.150470 0.000000
vn -0.996941 -0.078154 0.000000
vn -0.996941 -0.078154 0.000000
vn -0.988614 -0.150470 0.000000
vt 0.000000 0.000000
vt 0.000000 -5.000000
vt 1.000000 -5.000000
vt 1.000000 0.000000
vt 0.666667 -3.333333
vt 0.333333 -3.333333
vt 0.333333 -1.666667
vt 0.666667 -1.666667
f 4890/4890/4890 4888/4888/4888 4887/4887/4887
f 4890/4890/4890 4887/4887/4887 4891/4891/4891
f 4892/4892/4892 4887/4887/4887 4886/4886/4886
f 4892/4892/4892 4891/4891/4891 4887/4887/4887
f 4893/4893/4893 4889/4889/4889 4888/4888/4888
f 4893/4893/4893 4886/4886/4886 4889/4889/4889
f 4893/4893/4893 4891/4891/4891 4892/4892/4892
f 4893/4893/4893 4888/4888/4888 4890/4890/4890
f 4893/4893/4893 4890/4890/4890 4891/4891/4891
f 4893/4893/4893 4892/4892/4892 4886/4886/4886
v -21.890249 13.036976 0.090000
v -21.890249 13.036976 5.090000
v -21.615976 12.159860 5.090000
v -21.615976 12.159860 0.090000
v -21.722868 12.447250 3.423333
v -21.814932 12.740112 3.423333
v -21.814932 12.740112 1.756667
v -21.722868 12.447250 1.756667
vn -0.976187 -0.216930 0.000000
vn -0.976187 -0.216930 0.000000
vn -0.928477 -0.371391 0.000000
vn -0.928477 -0.371391 0.000000
vn -0.945705 -0.325027 0.000000
vn -0.961787 -0.273799 0.000000
vn -0.961787 -0.273799 0.000000
vn -0.945705 -0.325027 0.000000
vt 0.000000 0.000000
vt 0.000000 -5.000000
vt 1.000000 -5.000000
vt 1.000000 0.000000
vt 0.666667 -3.333333
vt 0.333333 -3.333333
vt 0.333333 -1.666667
vt 0.666667 -1.666667
f 4898/4898/4898 4896/4896/4896 4895/4895/4895
f 4898/4898/4898 4895/4895/4895 4899/4899/4899
f 4900/4900/4900 4895/4895/4895 4894/4894/4894
f 4900/4900/4900 4899/4899/4899 4895/4895/4895
f 4901/4901/4901 4897/4897/4897 4896/4896/4896
f 4901/4901/4901 4894/4894/4894 4897/4897/4897
f 4901/4901/4901 4899/4899/4899 4900/4900/4900
f 4901/4901/4901 4896/4896/4896 4898/4898/4898
f 4901/4901/4901 4898/4898/4898 4899/4899/4899
f 4901/4901/4901 4900/4900/4900 4894/4894/4894
v -21.615976 12.159860 0.090000
v -21.615976 12.159860 5.090000
v -21.245083 11.376616 5.090000
v -21.245083 11.376616 0.090000
v -21.501728 11.891468 3.423333
v -21.377422 11.629932 3.423333
v -21.501728 11.891468 1.756667
v -21.377422 11.629932 1.756667
vn -0.928477 -0.371391 0.000000
vn -0.928477 -0.371391 0.000000
vn -0.877896 -0.478852 0.000000
vn -0.877896 -0.478852 0.000000
vn -0.911563 -0.411160 0.000000
vn -0.894659 -0.446750 0.000000
vn -0.911563 -0.411160 0.000000
vn -0.894659 -0.446750 0.000000
vt 0.000000 0.000000
vt 0.000000 -5.000000
vt 1.000000 -5.000000
vt 1.000000 0.000000
vt 0.333333 -3.333333
vt 0.666667 -3.333333
vt 0.333333 -1.666667
vt 0.666667 -1.666667
f 4906/4906/4906 4903/4903/4903 4902/4902/4902
f 4907/4907/4907 4904/4904/4904 4903/4903/4903
f 4907/4907/4907 4905/4905/4905 4904/4904/4904
f 4907/4907/4907 4903/4903/4903 4906/4906/4906
f 4908/4908/4908 4906/4906/4906 4902/4902/4902
f 4909/4909/4909 4902/4902/4902 4905/4905/4905
f 4909/4909/4909 4906/4906/4906 4908/4908/4908
f 4909/4909/4909 4905/4905/4905 4907/4907/4907
f 4909/4909/4909 4907/4907/4907 4906/4906/4906
f 4909/4909/4909 4908/4908/4908 4902/4902/4902
v -21.245083 11.376616 0.090000
v -21.245083 11.376616 5.090000
v -20.832050 10.695300 5.090000
v -20.832050 10.695300 0.090000
v -20.972317 10.911953 3.423333
v -21.110672 11.139467 3.423333
v -21.110672 11.139467 1.756667
v -20.972317 10.911953 1.756667
vn -0.877896 -0.478852 0.000000
vn -0.877896 -0.478852 0.000000
vn -0.832050 -0.554700 0.000000
vn -0.832050 -0.554700 0.000000
vn -0.846763 -0.531971 0.000000
vn -0.862037 -0.506846 0.000000
vn -0.862037 -0.506846 0.000000
vn -0.846763 -0.531971 0.000000
vt 0.000000 0.000000
vt 0.000000 -5.000000
vt 1.000000 -5.000000
vt 1.000000 0.000000
vt 0.666667 -3.333333
vt 0.333333 -3.333333
vt 0.333333 -1.666667
vt 0.666667 -1.666667
f 4914/4914/4914 4912/4912/4912 4911/4911/4911
f 4914/4914/4914 4911/4911/4911 4915/4915/4915
f 4916/4916/4916 4911/4911/4911 4910/4910/4910
f 4916/4916/4916 4915/4915/4915 4911/4911/4911
f 4917/4917/4917 4913/4913/4913 4912/4912/4912
f 4917/4917/4917 4910/4910/4910 4913/4913/4913
f 4917/4917/4917 4915/4915/4915 4916/4916/4916
f 4917/4917/4917 4912/4912/4912 4914/4914/4914
f 4917/4917/4917 4914/4914/4914 4915/4915/4915
f 4917/4917/4917 4916/4916/4916 4910/4910/4910
v -20.832050 10.695300 0.090000
v -20.832050 10.695300 5.090000
v -20.071756 9.692959 5.090000
v -20.071756 9.692959 0.090000
v -20.299513 9.968146 3.423333
v -20.558329 10.305200 3.423333
v -20.558329 10.305200 1.756667
v -20.299513 9.968146 1.756667
vn -0.832050 -0.554700 0.000000
vn -0.832050 -0.554700 0.000000
vn -0.759257 -0.650791 0.000000
vn -0.759257 -0.650791 0.000000
vn -0.780985 -0.624550 0.000000
vn -0.805077 -0.593170 0.000000
vn -0.805077 -0.593170 0.000000
vn -0.780985 -0.624550 0.000000
vt 0.000000 0.000000
vt 0.000000 -5.000000
vt 1.000000 -5.000000
vt 1.000000 0.000000
vt 0.666667 -3.333333
vt 0.333333 -3.333333
vt 0.333333 -1.666667
vt 0.666667 -1.666667
f 4922/4922/4922 4920/4920/4920 4919/4919/4919
f 4922/4922/4922 4919/4919/4919 4923/4923/4923
f 4924/4924/4924 4919/4919/4919 4918/4918/4918
f 4924/4924/4924 4923/4923/4923 4919/4919/4919
f 4925/4925/4925 4921/4921/4921 4920/4920/4920
f 4925/4925/4925 4918/4918/4918 4921/4921/4921
f 4925/4925/4925 4923/4923/4923 4924/4924/4924
f 4925/4925/4925 4920/4920/4920 4922/4922/4922
f 4925/4925/4925 4922/4922/4922 4923/4923/4923
f 4925/4925/4925 4924/4924/4924 4918/4918/4918
v -20.071756 9.692959 0.090000
v -20.071756 9.692959 5.090000
v -19.816994 9.407525 5.090000
v -19.816994 9.407525 0.090000
v -19.972555 9.578981 3.423333
v -19.886942 9.483477 3.423333
v -19.972555 9.578981 1.756667
v -19.886942 9.483477 1.756667
vn -0.759257 -0.650791 0.000000
vn -0.759257 -0.650791 0.000000
vn -0.731055 -0.682318 0.000000
vn -0.731055 -0.682318 0.000000
vn -0.749216 -0.662326 0.000000
vn -0.739815 -0.672810 0.000000
vn -0.749216 -0.662326 0.000000
vn -0.739815 -0.672810 0.000000
vt 0.000000 0.000000
vt 0.000000 -5.000000
vt 1.000000 -5.000000
vt 1.000000 0.000000
vt 0.333333 -3.333333
vt 0.666667 -3.333333
vt 0.333333 -1.666667
vt 0.666667 -1.666667
f 4930/4930/4930 4927/4927/4927 4926/4926/4926
f 4931/4931/4931 4928/4928/4928 4927/4927/4927
f 4931/4931/4931 4927/4927/4927 4930/4930/4930
f 4932/4932/4932 4930/4930/4930 4926/4926/4926
f 4933/4933/4933 4929/4929/4929 4928/4928/4928
f 4933/4933/4933 4926/4926/4926 4929/4929/4929
f 4933/4933/4933 4930/4930/4930 4932/4932/4932
f 4933/4933/4933 4928/4928/4928 4931/4931/4931
f 4933/4933/4933 4931/4931/4931 4930/4930/4930
f 4933/4933/4933 4932/4932/4932 4926/4926/4926
v -19.816994 9.407525 0.090000
v -19.816994 9.407525 5.090000
v -19.707108 9.292893 5.090000
v -19.707108 9.292893 0.090000
v -19.720137 9.306048 3.423333
v -19.757584 9.344678 3.423333
v -19.757584 9.344678 1.756667
v -19.720137 9.306048 1.756667
vn -0.731055 -0.682318 0.000000
vn -0.731055 -0.682318 0.000000
vn -0.707109 -0.707105 0.000000
vn -0.707109 -0.707105 0.000000
vn -0.713270 -0.700889 0.000000
vn -0.721894 -0.692004 0.000000
vn -0.721894 -0.692004 0.000000
vn -0.713270 -0.700889 0.000000
vt 0.000000 0.000000
vt 0.000000 -5.000000
vt 1.000000 -5.000000
vt 1.000000 0.000000
vt 0.666667 -3.333333
vt 0.333333 -3.333333
vt 0.333333 -1.666667
vt 0.666667 -1.666667
f 4938/4938/4938 4936/4936/4936 4935/4935/4935
f 4938/4938/4938 4935/4935/4935 4939/4939/4939
f 4940/4940/4940 4935/4935/4935 4934/4934/4934
f 4940/4940/4940 4939/4939/4939 4935/4935/4935
f 4941/4941/4941 4937/4937/4937 4936/4936/4936
f 4941/4941/4941 4934/4934/4934 4937/4937/4937
f 4941/4941/4941 4939/4939/4939 4940/4940/4940
f 4941/4941/4941 4936/4936/4936 4938/4938/4938
f 4941/4941/4941 4938/4938/4938 4939/4939/4939
f 4941/4941/4941 4940/4940/4940 4934/4934/4934
v -19.707108 9.292893 0.090000
v -19.707108 9.292893 5.090000
v -9.707107 -0.707107 5.090000
v -9.707107 -0.707107 0.090000
vn -0.707107 -0.707107 -0.000000
vn -0.707107 -0.707107 -0.000000
vn -0.707107 -0.707107 -0.000000
vn -0.707107 -0.707107 -0.000000
vt 0.000000 0.000000
vt 0.000000 -5.000000
vt 14.142136 -5.000000
vt 14.142136 0.000000
f 4945/4945/4945 4943/4943/4943 4942/4942/4942
f 4945/4945/4945 4944/4944/4944 4943/4943/4943
v -9.707107 -0.707107 0.090000
v -8.292893 0.707107 0.090000
v -18.292892 10.707107 0.090000
v -18.354881 10.772162 0.090000
v -18.553244 10.994541 0.090000
v -19.167950 11.804700 0.090000
v -19.489292 12.334321 0.090000
v -19.759024 12.902640 0.090000
v -19.937876 13.470837 0.090000
v -20.000000 14.000000 0.090000
v -20.000000 18.000000 0.090000
v -22.000000 18.000000 0.090000
v -22.000000 14.000000 0.090000
v -21.890249 13.036976 0.090000
v -21.615976 12.159860 0.090000
v -21.245083 11.376616 0.090000
v -20.832050 10.695300 0.090000
v -20.071756 9.692959 0.090000
v -19.816994 9.407525 0.090000
v -19.707108 9.292893 0.090000
vn -0.000000 -0.000000 -1.000000
vn -0.000000 -0.000000 -1.000000
vn -0.000000 -0.000000 -1.000000
vn -0.000000 -0.000000 -1.000000
vn -0.000000 -0.000000 -1.000000
vn -0.000000 -0.000000 -1.000000
vn -0.000000 -0.000000 -1.000000
vn -0.000000 -0.000000 -1.000000
vn -0.000000 -0.000000 -1.000000
vn -0.000000 -0.000000 -1.000000
vn -0.000000 -0.000000 -1.000000
vn -0.000000 -0.000000 -1.000000
vn -0.000000 -0.000000 -1.000000
vn -0.000000 -0.000000 -1.000000
vn -0.000000 -0.000000 -1.000000
vn -0.000000 -0.000000 -1.000000
vn -0.000000 -0.000000 -1.000000
vn -0.000000 -0.000000 -1.000000
vn -0.000000 -0.000000 -1.000000
vn -0.000000 -0.000000 -1.000000
vt 6.689576 -9.073532
vt 8.103789 -7.659319
vt -1.896211 2.340681
vt -1.958200 2.405736
vt -2.156561 2.628116
vt -2.771267 3.438275
vt -3.092609 3.967896
vt -3.362341 4.536215
vt -3.541193 5.104411
vt -3.603317 5.633574
vt -3.603317 9.633574
vt -5.603317 9.633574
vt -5.603317 5.633574
vt -5.493567 4.670550
vt -5.219294 3.793434
vt -4.848401 3.010191
vt -4.435368 2.328874
vt -3.675074 1.326533
vt -3.420310 1.041100
vt -3.310424 0.926468
f 4948/4948/4948 4965/4965/4965 4964/4964/4964
f 4947/4947/4947 4946/4946/4946 4965/4965/4965
f 4947/4947/4947 4965/4965/4965 4948/4948/4948
f 4949/4949/4949 4964/4964/4964 4963/4963/4963
f 4949/4949/4949 4948/4948/4948 4964/4964/4964
f 4950/4950/4950 4949/4949/4949 4963/4963/4963
f 4951/4951/4951 4963/4963/4963 4962/4962/4962
f 4951/4951/4951 4950/4950/4950 4963/4963/4963
f 4952/4952/4952 4962/4962/4962 4961/4961/4961
f 4952/4952/4952 4951/4951/4951 4962/4962/4962
f 4953/4953/4953 4961/4961/4961 4960/4960/4960
f 4953/4953/4953 4952/4952/4952 4961/4961/4961
f 4954/4954/4954 4960/4960/4960 4959/4959/4959
f 4954/4954/4954 4953/4953/4953 4960/4960/4960
f 4955/4955/4955 4959/4959/4959 4958/4958/4958
f 4955/4955/4955 4954/4954/4954 4959/4959/4959
f 4956/4956/4956 4958/4958/4958 4957/4957/4957
f 4956/4956/4956 4955/4955/4955 4958/4958/4958
v -9.707107 -0.707107 5.090000
v -8.292893 0.707107 5.090000
v -18.292892 10.707107 5.090000
v -18.354881 10.772162 5.090000
v -18.553244 10.994541 5.090000
v -19.167950 11.804700 5.090000
v -19.489292 12.334321 5.090000
v -19.759024 12.902640 5.090000
v -19.937876 13.470837 5.090000
v -20.000000 14.000000 5.090000
v -20.000000 18.000000 5.090000
v -22.000000 18.000000 5.090000
v -22.000000 14.000000 5.090000
v -21.890249 13.036976 5.090000
v -21.615976 12.159860 5.090000
v -21.245083 11.376616 5.090000
v -20.832050 10.695300 5.090000
v -20.071756 9.692959 5.090000
v -19.816994 9.407525 5.090000
v -19.707108 9.292893 5.090000
vn 0.000000 0.000000 1.000000
vn 0.000000 0.000000 1.000000
vn 0.000000 0.000000 1.000000
vn 0.000000 0.000000 1.000000
vn 0.000000 0.000000 1.000000
vn 0.000000 0.000000 1.000000
vn 0.000000 0.000000 1.000000
vn 0.000000 0.000000 1.000000
vn 0.000000 0.000000 1.000000
vn 0.000000 0.000000 1.000000
vn 0.000000 0.000000 1.000000
vn 0.000000 0.000000 1.000000
vn 0.000000 0.000000 1.000000
vn 0.000000 0.000000 1.000000
vn 0.000000 0.000000 1.000000
vn 0.000000 0.000000 1.000000
vn 0.000000 0.000000 1.000000
vn 0.000000 0.000000 1.000000
vn 0.000000 0.000000 1.000000
vn 0.000000 0.000000 1.000000
vt 6.689576 -9.073532
vt 8.103789 -7.659319
vt -1.896211 2.340681
vt -1.958200 2.405736
vt -2.156561 2.628116
vt -2.771267 3.438275
vt -3.092609 3.967896
vt -3.362341 4.536215
vt -3.541193 5.104411
vt -3.603317 5.633574
vt -3.603317 9.633574
vt -5.603317 9.633574
vt -5.603317 5.633574
vt -5.493567 4.670550
vt -5.219294 3.793434
vt -4.848401 3.010191
vt -4.435368 2.328874
vt -3.675074 1.326533
vt -3.420310 1.041100
vt -3.310424 0.926468
f 4968/4968/4968 4984/4984/4984 4985/4985/4985
f 4967/4967/4967 4985/4985/4985 4966/4966/4966
f 4967/4967/4967 4968/4968/4968 4985/4985/4985
f 4969/4969/4969 4983/4983/4983 4984/4984/4984
f 4969/4969/4969 4984/4984/4984 4968/4968/4968
f 4970/4970/4970 4983/4983/4983 4969/4969/4969
f 4971/4971/4971 4982/4982/4982 4983/4983/4983
f 4971/4971/4971 4983/4983/4983 4970/4970/4970
f 4972/4972/4972 4981/4981/4981 4982/4982/4982
f 4972/4972/4972 4982/4982/4982 4971/4971/4971
f 4973/4973/4973 4980/4980/4980 4981/4981/4981
f 4973/4973/4973 4981/4981/4981 4972/4972/4972
f 4974/4974/4974 4979/4979/4979 4980/4980/4980
f 4974/4974/4974 4980/4980/4980 4973/4973/4973
f 4975/4975/4975 4978/4978/4978 4979/4979/4979
f 4975/4975/4975 4979/4979/4979 4974/4974/4974
f 4976/4976/4976 4977/4977/4977 4978/4978/4978
f 4976/4976/4976 4978/4978/4978 4975/4975/4975
g colour10
usemtl colour10
v 12.000000 -6.000000 0.100000
v 12.000000 -6.000000 5.100000
v 11.917122 -5.296768 5.100000
v 11.681347 -4.653044 5.100000
v 11.311966 -4.088116 5.100000
v 10.828268 -3.621275 5.100000
v 10.249546 -3.271813 5.100000
v 9.649343 -3.070462 5.100000
v 9.000000 -3.000000 5.100000
v 9.000000 -3.000000 0.100000
v 11.917122 -5.296768 0.100000
v 11.681347 -4.653044 0.100000
v 11.311966 -4.088116 0.100000
v 10.828268 -3.621275 0.100000
v 10.249546 -3.271813 0.100000
v 9.649343 -3.070462 0.100000
v 11.590412 -4.485843 3.433333
v 10.514157 -3.409588 3.433333
v 11.590412 -4.485843 1.766667
v 10.514157 -3.409588 1.766667
v 11.892838 -5.202481 4.266667
v 11.892838 -5.202481 3.433333
v 9.797519 -3.107163 4.266667
v 11.892838 -5.202481 0.933333
v 9.797519 -3.107163 3.433333
v 9.797519 -3.107163 0.933333
vn 1.000000 -0.000000 -0.000000
vn 1.000000 -0.000000 -0.000000
vn 0.972343 0.233557 -0.000000
vn 0.893235 0.449591 -0.000000
vn 0.770281 0.637704 -0.000000
vn 0.609963 0.792430 -0.000000
vn 0.416977 0.908917 -0.000000
vn 0.215475 0.976509 -0.000000
vn -0.000000 1.000000 -0.000000
vn -0.000000 1.000000 -0.000000
vn 0.972343 0.233557 -0.000000
vn 0.893235 0.449591 -0.000000
vn 0.770281 0.637704 -0.000000
vn 0.609963 0.792430 -0.000000
vn 0.416977 0.908917 -0.000000
vn 0.215475 0.976509 -0.000000
vn 0.862856 0.505449 -0.000000
vn 0.505449 0.862856 -0.000000
vn 0.862856 0.505449 -0.000000
vn 0.505449 0.862856 -0.000000
vn 0.964188 0.265218 -0.000000
vn 0.964188 0.265218 -0.000000
vn 0.265218 0.964188 -0.000000
vn 0.964188 0.265218 -0.000000
vn 0.265218 0.964188 -0.000000
vn 0.265218 0.964188 -0.000000
vt 0.000000 0.000000
vt 0.000000 -5.000000
vt 0.146172 -5.000000
vt 0.292343 -5.000000
vt 0.438515 -5.000000
vt 0.584686 -5.000000
vt 0.730858 -5.000000
vt 0.865429 -5.000000
vt 1.000000 -5.000000
vt 1.000000 0.000000
vt 0.146172 0.000000
vt 0.292343 0.000000
vt 0.438515 0.000000
vt 0.584686 0.000000
vt 0.730858 0.000000
vt 0.865429 0.000000
vt 0.333333 -3.333333
vt 0.666667 -3.333333
vt 0.333333 -1.666667
vt 0.666667 -1.666667
vt 0.166667 -4.166667
vt 0.166667 -3.333333
vt 0.833333 -4.166667
vt 0.166667 -0.833333
vt 0.833333 -3.333333
vt 0.833333 -0.833333
f 5002/5002/5002 4990/4990/4990 4989/4989/4989
f 5003/5003/5003 4991/4991/4991 4990/4990/4990
f 5003/5003/5003 4990/4990/4990 5002/5002/5002
f 5004/5004/5004 4997/4997/4997 4998/4998/4998
f 5005/5005/5005 4998/4998/4998 4999/4999/4999
f 5005/5005/5005 5004/5004/5004 4998/4998/4998
f 5005/5005/5005 5002/5002/5002 5004/5004/5004
f 5005/5005/5005 5003/5003/5003 5002/5002/5002
f 5006/5006/5006 4988/4988/4988 4987/4987/4987
f 5006/5006/5006 4989/4989/4989 4988/4988/4988
f 5006/5006/5006 5002/5002/5002 4989/4989/4989
f 5007/5007/5007 4987/4987/4987 4986/4986/4986
f 5007/5007/5007 5002/5002/5002 5006/5006/5006
f 5007/5007/5007 5004/5004/5004 5002/5002/5002
f 5007/5007/5007 5006/5006/5006 4987/4987/4987
f 5008/5008/5008 4992/4992/4992 4991/4991/4991
f 5008/5008/5008 4993/4993/4993 4992/4992/4992
f 5008/5008/5008 4994/4994/4994 4993/4993/4993
f 5008/5008/5008 4991/4991/4991 5003/5003/5003
f 5009/5009/5009 4986/4986/4986 4996/4996/4996
f 5009/5009/5009 4996/4996/4996 4997/4997/4997
f 5009/5009/5009 5004/5004/5004 5007/5007/5007
f 5009/5009/5009 5007/5007/5007 4986/4986/4986
f 5009/5009/5009 4997/4997/4997 5004/5004/5004
f 5010/5010/5010 4995/4995/4995 4994/4994/4994
f 5010/5010/5010 5008/5008/5008 5003/5003/5003
f 5010/5010/5010 4994/4994/4994 5008/5008/5008
f 5010/5010/5010 5003/5003/5003 5005/5005/5005
f 5011/5011/5011 4999/4999/4999 5000/5000/5000
f 5011/5011/5011 5000/5000/5000 5001/5001/5001
f 5011/5011/5011 5001/5001/5001 4995/4995/4995
f 5011/5011/5011 5005/5005/5005 4999/4999/4999
f 5011/5011/5011 4995/4995/4995 5010/5010/5010
f 5011/5011/5011 5010/5010/5010 5005/5005/5005
v 9.000000 -3.000000 0.100000
v 9.000000 -3.000000 5.100000
v 8.296768 -3.082878 5.100000
v 7.653044 -3.318653 5.100000
v 7.088116 -3.688035 5.100000
v 6.621275 -4.171731 5.100000
v 6.271813 -4.750454 5.100000
v 6.070462 -5.350657 5.100000
v 6.000000 -6.000000 5.100000
v 6.000000 -6.000000 0.100000
v 8.296768 -3.082878 0.100000
v 7.653044 -3.318653 0.100000
v 7.088116 -3.688035 0.100000
v 6.621275 -4.171731 0.100000
v 6.271813 -4.750454 0.100000
v 6.070462 -5.350657 0.100000
v 7.485843 -3.409588 3.433333
v 6.409588 -4.485843 3.433333
v 7.485843 -3.409588 1.766667
v 6.409588 -4.485843 1.766667
v 8.202481 -3.107163 4.266667
v 8.202481 -3.107163 3.433333
v 6.107163 -5.202481 4.266667
v 8.202481 -3.107163 0.933333
v 6.107163 -5.202481 3.433333
v 6.107163 -5.202481 0.933333
vn -0.000000 1.000000 -0.000000
vn -0.000000 1.000000 -0.000000
vn -0.233557 0.972343 -0.000000
vn -0.449591 0.893235 -0.000000
vn -0.637704 0.770281 -0.000000
vn -0.792430 0.609963 -0.000000
vn -0.908917 0.416977 -0.000000
vn -0.976509 0.215475 -0.000000
vn -1.000000 0.000000 -0.000000
vn -1.000000 0.000000 -0.000000
vn -0.233557 0.972343 -0.000000
vn -0.449591 0.893235 -0.000000
vn -0.637704 0.770281 -0.000000
vn -0.792430 0.609963 -0.000000
vn -0.908917 0.416977 -0.000000
vn -0.976509 0.215475 -0.000000
vn -0.505449 0.862856 -0.000000
vn -0.862856 0.505449 -0.000000
vn -0.505449 0.862856 -0.000000
vn -0.862856 0.505449 -0.000000
vn -0.265218 0.964188 -0.000000
vn -0.265218 0.964188 -0.000000
vn -0.964188 0.265218 -0.000000
vn -0.265218 0.964188 -0.000000
vn -0.964188 0.265218 -0.000000
vn -0.964188 0.265218 -0.000000
vt 0.000000 0.000000
vt 0.000000 -5.000000
vt 0.146172 -5.000000
vt 0.292343 -5.000000
vt 0.438515 -5.000000
vt 0.584686 -5.000000
vt 0.730858 -5.000000
vt 0.865429 -5.000000
vt 1.000000 -5.000000
vt 1.000000 0.000000
vt 0.146172 0.000000
vt 0.292343 0.000000
vt 0.438515 0.000000
vt 0.584686 0.000000
vt 0.730858 0.000000
vt 0.865429 0.000000
vt 0.333333 -3.333333
vt 0.666667 -3.333333
vt 0.333333 -1.666667
vt 0.666667 -1.666667
vt 0.166667 -4.166667
vt 0.166667 -3.333333
vt 0.833333 -4.166667
vt 0.166667 -0.833333
vt 0.833333 -3.333333
vt 0.833333 -0.833333
f 5028/5028/5028 5016/5016/5016 5015/5015/5015
f 5029/5029/5029 5017/5017/5017 5016/5016/5016
f 5029/5029/5029 5016/5016/5016 5028/5028/5028
f 5030/5030/5030 5023/5023/5023 5024/5024/5024
f 5031/5031/5031 5024/5024/5024 5025/5025/5025
f 5031/5031/5031 5030/5030/5030 5024/5024/5024
f 5031/5031/5031 5028/5028/5028 5030/5030/5030
f 5031/5031/5031 5029/5029/5029 5028/5028/5028
f 5032/5032/5032 5014/5014/5014 5013/5013/5013
f 5032/5032/5032 5015/5015/5015 5014/5014/5014
f 5032/5032/5032 5028/5028/5028 5015/5015/5015
f 5033/5033/5033 5013/5013/5013 5012/5012/5012
f 5033/5033/5033 5028/5028/5028 5032/5032/5032
f 5033/5033/5033 5030/5030/5030 5028/5028/5028
f 5033/5033/5033 5032/5032/5032 5013/5013/5013
f 5034/5034/5034 5018/5018/5018 5017/5017/5017
f 5034/5034/5034 5019/5019/5019 5018/5018/5018
f 5034/5034/5034 5020/5020/5020 5019/5019/5019
f 5034/5034/5034 5017/5017/5017 5029/5029/5029
f 5035/5035/5035 5012/5012/5012 5022/5022/5022
f 5035/5035/5035 5022/5022/5022 5023/5023/5023
f 5035/5035/5035 5030/5030/5030 5033/5033/5033
f 5035/5035/5035 5033/5033/5033 5012/5012/5012
f 5035/5035/5035 5023/5023/5023 5030/5030/5030
f 5036/5036/5036 5021/5021/5021 5020/5020/5020
f 5036/5036/5036 5034/5034/5034 5029/5029/5029
f 5036/5036/5036 5020/5020/5020 5034/5034/5034
f 5036/5036/5036 5029/5029/5029 5031/5031/5031
f 5037/5037/5037 5025/5025/5025 5026/5026/5026
f 5037/5037/5037 5026/5026/5026 5027/5027/5027
f 5037/5037/5037 5027/5027/5027 5021/5021/5021
f 5037/5037/5037 5031/5031/5031 5025/5025/5025
f 5037/5037/5037 5021/5021/5021 5036/5036/5036
f 5037/5037/5037 5036/5036/5036 5031/5031/5031
v 6.000000 -6.000000 0.100000
v 6.000000 -6.000000 5.100000
v 6.082879 -6.703232 5.100000
v 6.318653 -7.346956 5.100000
v 6.688035 -7.911884 5.100000
v 7.171731 -8.378725 5.100000
v 7.750454 -8.728188 5.100000
v 8.350657 -8.929538 5.100000
v 9.000000 -9.000000 5.100000
v 9.000000 -9.000000 0.100000
v 6.082879 -6.703232 0.100000
v 6.318653 -7.346956 0.100000
v 6.688035 -7.911884 0.100000
v 7.171731 -8.378725 0.100000
v 7.750454 -8.728188 0.100000
v 8.350657 -8.929538 0.100000
v 6.409588 -7.514157 3.433333
v 7.485843 -8.590412 3.433333
v 6.409588 -7.514157 1.766667
v 7.485843 -8.590412 1.766667
v 6.107163 -6.797519 4.266667
v 6.107163 -6.797519 3.433333
v 8.202481 -8.892838 4.266667
v 6.107163 -6.797519 0.933333
v 8.202481 -8.892838 3.433333
v 8.202481 -8.892838 0.933333
vn -1.000000 -0.000000 0.000000
vn -1.000000 -0.000000 0.000000
vn -0.972343 -0.233557 0.000000
vn -0.893235 -0.449591 0.000000
vn -0.770281 -0.637704 0.000000
vn -0.609963 -0.792430 0.000000
vn -0.416977 -0.908917 0.000000
vn -0.215475 -0.976509 0.000000
vn -0.000000 -1.000000 0.000000
vn -0.000000 -1.000000 0.000000
vn -0.972343 -0.233557 0.000000
vn -0.893235 -0.449591 0.000000
vn -0.770281 -0.637704 0.000000
vn -0.609963 -0.792430 0.000000
vn -0.416977 -0.908917 0.000000
vn -0.215475 -0.976509 0.000000
vn -0.862856 -0.505449 0.000000
vn -0.505449 -0.862856 0.000000
vn -0.862856 -0.505449 0.000000
vn -0.505449 -0.862856 0.000000
vn -0.964188 -0.265218 0.000000
vn -0.964188 -0.265218 0.000000
vn -0.265218 -0.964188 0.000000
vn -0.964188 -0.265218 0.000000
vn -0.265218 -0.964188 0.000000
vn -0.265218 -0.964188 0.000000
vt 0.000000 0.000000
vt 0.000000 -5.000000
vt 0.146172 -5.000000
vt 0.292343 -5.000000
vt 0.438515 -5.000000
vt 0.584686 -5.000000
vt 0.730858 -5.000000
vt 0.865429 -5.000000
vt 1.000000 -5.000000
vt 1.000000 0.000000
vt 0.146172 0.000000
vt 0.292343 0.000000
vt 0.438515 0.000000
vt 0.584686 0.000000
vt 0.730858 0.000000
vt 0.865429 0.000000
vt 0.333333 -3.333333
vt 0.666667 -3.333333
vt 0.333333 -1.666667
vt 0.666667 -1.666667
vt 0.166667 -4.166667
vt 0.166667 -3.333333
vt 0.833333 -4.166667
vt 0.166667 -0.833333
vt 0.833333 -3.333333
vt 0.833333 -0.833333
f 5054/5054/5054 5042/5042/5042 5041/5041/5041
f 5055/5055/5055 5043/5043/5043 5042/5042/5042
f 5055/5055/5055 5042/5042/5042 5054/5054/5054
f 5056/5056/5056 5049/5049/5049 5050/5050/5050
f 5057/5057/5057 5050/5050/5050 5051/5051/5051
f 5057/5057/5057 5056/5056/5056 5050/5050/5050
f 5057/5057/5057 5054/5054/5054 5056/5056/5056
f 5057/5057/5057 5055/5055/5055 5054/5054/5054
f 5058/5058/5058 5040/5040/5040 5039/5039/5039
f 5058/5058/5058 5041/5041/5041 5040/5040/5040
f 5058/5058/5058 5054/5054/5054 5041/5041/5041
f 5059/5059/5059 5039/5039/5039 5038/5038/5038
f 5059/5059/5059 5054/5054/5054 5058/5058/5058
f 5059/5059/5059 5056/5056/5056 5054/5054/5054
f 5059/5059/5059 5058/5058/5058 5039/5039/5039
f 5060/5060/5060 5044/5044/5044 5043/5043/5043
f 5060/5060/5060 5045/5045/5045 5044/5044/5044
f 5060/5060/5060 5046/5046/5046 5045/5045/5045
f 5060/5060/5060 5043/5043/5043 5055/5055/5055
f 5061/5061/5061 5038/5038/5038 5048/5048/5048
f 5061/5061/5061 5048/5048/5048 5049/5049/5049
f 5061/5061/5061 5056/5056/5056 5059/5059/5059
f 5061/5061/5061 5059/5059/5059 5038/5038/5038
f 5061/5061/5061 5049/5049/5049 5056/5056/5056
f 5062/5062/5062 5047/5047/5047 5046/5046/5046
f 5062/5062/5062 5060/5060/5060 5055/5055/5055
f 5062/5062/5062 5046/5046/5046 5060/5060/5060
f 5062/5062/5062 5055/5055/5055 5057/5057/5057
f 5063/5063/5063 5051/5051/5051 5052/5052/5052
f 5063/5063/5063 5052/5052/5052 5053/5053/5053
f 5063/5063/5063 5053/5053/5053 5047/5047/5047
f 5063/5063/5063 5057/5057/5057 5051/5051/5051
f 5063/5063/5063 5047/5047/5047 5062/5062/5062
f 5063/5063/5063 5062/5062/5062 5057/5057/5057
v 9.000000 -9.000000 0.100000
v 9.000000 -9.000000 5.100000
v 9.703232 -8.917122 5.100000
v 10.346956 -8.681347 5.100000
v 10.911884 -8.311966 5.100000
v 11.378725 -7.828269 5.100000
v 11.728188 -7.249546 5.100000
v 11.929538 -6.649343 5.100000
v 12.000000 -6.000000 5.100000
v 12.000000 -6.000000 0.100000
v 9.703232 -8.917122 0.100000
v 10.346956 -8.681347 0.100000
v 10.911884 -8.311966 0.100000
v 11.378725 -7.828269 0.100000
v 11.728188 -7.249546 0.100000
v 11.929538 -6.649343 0.100000
v 10.514157 -8.590412 3.433333
v 11.590412 -7.514157 3.433333
v 10.514157 -8.590412 1.766667
v 11.590412 -7.514157 1.766667
v 9.797519 -8.892838 4.266667
v 9.797519 -8.892838 3.433333
v 11.892838 -6.797519 4.266667
v 9.797519 -8.892838 0.933333
v 11.892838 -6.797519 3.433333
v 11.892838 -6.797519 0.933333
vn -0.000000 -1.000000 -0.000000
vn -0.000000 -1.000000 -0.000000
vn 0.233557 -0.972343 -0.000000
vn 0.449591 -0.893235 -0.000000
vn 0.637704 -0.770281 -0.000000
vn 0.792430 -0.609963 -0.000000
vn 0.908917 -0.416977 -0.000000
vn 0.976509 -0.215475 -0.000000
vn 1.000000 -0.000000 -0.000000
vn 1.000000 -0.000000 -0.000000
vn 0.233557 -0.972343 -0.000000
vn 0.449591 -0.893235 -0.000000
vn 0.637704 -0.770281 -0.000000
vn 0.792430 -0.609963 -0.000000
vn 0.908917 -0.416977 -0.000000
vn 0.976509 -0.215475 -0.000000
vn 0.505449 -0.862856 -0.000000
vn 0.862856 -0.505449 -0.000000
vn 0.505449 -0.862856 -0.000000
vn 0.862856 -0.505449 -0.000000
vn 0.265218 -0.964188 -0.000000
vn 0.265218 -0.964188 -0.000000
vn 0.964188 -0.265218 -0.000000
vn 0.265218 -0.964188 -0.000000
vn 0.964188 -0.265218 -0.000000
vn 0.964188 -0.265218 -0.000000
vt 0.000000 0.000000
vt 0.000000 -5.000000
vt 0.146172 -5.000000
vt 0.292343 -5.000000
vt 0.438515 -5.000000
vt 0.584686 -5.000000
vt 0.730858 -5.000000
vt 0.865429 -5.000000
vt 1.000000 -5.000000
vt 1.000000 0.000000
vt 0.146172 0.000000
vt 0.292343 0.000000
vt 0.438515 0.000000
vt 0.584686 0.000000
vt 0.730858 0.000000
vt 0.865429 0.000000
vt 0.333333 -3.333333
vt 0.666667 -3.333333
vt 0.333333 -1.666667
vt 0.666667 -1.666667
vt 0.166667 -4.166667
vt 0.166667 -3.333333
vt 0.833333 -4.166667
vt 0.166667 -0.833333
vt 0.833333 -3.333333
vt 0.833333 -0.833333
f 5080/5080/5080 5068/5068/5068 5067/5067/5067
f 5081/5081/5081 5069/5069/5069 5068/5068/5068
f 5081/5081/5081 5068/5068/5068 5080/5080/5080
f 5082/5082/5082 5075/5075/5075 5076/5076/5076
f 5083/5083/5083 5076/5076/5076 5077/5077/5077
f 5083/5083/5083 5082/5082/5082 5076/5076/5076
f 5083/5083/5083 5080/5080/5080 5082/5082/5082
f 5083/5083/5083 5081/5081/5081 5080/5080/5080
f 5084/5084/5084 5066/5066/5066 5065/5065/5065
f 5084/5084/5084 5067/5067/5067 5066/5066/5066
f 5084/5084/5084 5080/5080/5080 5067/5067/5067
f 5085/5085/5085 5065/5065/5065 5064/5064/5064
f 5085/5085/5085 5080/5080/5080 5084/5084/5084
f 5085/5085/5085 5082/5082/5082 5080/5080/5080
f 5085/5085/5085 5084/5084/5084 5065/5065/5065
f 5086/5086/5086 5070/5070/5070 5069/5069/5069
f 5086/5086/5086 5071/5071/5071 5070/5070/5070
f 5086/5086/5086 5072/5072/5072 5071/5071/5071
f 5086/5086/5086 5069/5069/5069 5081/5081/5081
f 5087/5087/5087 5064/5064/5064 5074/5074/5074
f 5087/5087/5087 5074/5074/5074 5075/5075/5075
f 5087/5087/5087 5082/5082/5082 5085/5085/5085
f 5087/5087/5087 5085/5085/5085 5064/5064/5064
f 5087/5087/5087 5075/5075/5075 5082/5082/5082
f 5088/5088/5088 5073/5073/5073 5072/5072/5072
f 5088/5088/5088 5086/5086/5086 5081/5081/5081
f 5088/5088/5088 5072/5072/5072 5086/5086/5086
f 5088/5088/5088 5081/5081/5081 5083/5083/5083
f 5089/5089/5089 5077/5077/5077 5078/5078/5078
f 5089/5089/5089 5078/5078/5078 5079/5079/5079
f 5089/5089/5089 5079/5079/5079 5073/5073/5073
f 5089/5089/5089 5083/5083/5083 5077/5077/5077
f 5089/5089/5089 5073/5073/5073 5088/5088/5088
f 5089/5089/5089 5088/5088/5088 5083/5083/5083
v 12.000000 -6.000000 0.100000
v 11.917122 -5.296768 0.100000
v 11.681347 -4.653044 0.100000
v 11.311966 -4.088116 0.100000
v 10.828268 -3.621275 0.100000
v 10.249546 -3.271813 0.100000
v 9.649343 -3.070462 0.100000
v 9.000000 -3.000000 0.100000
v 8.296768 -3.082878 0.100000
v 7.653044 -3.318653 0.100000
v 7.088116 -3.688035 0.100000
v 6.621275 -4.171731 0.100000
v 6.271813 -4.750454 0.100000
v 6.070462 -5.350657 0.100000
v 6.000000 -6.000000 0.100000
v 6.082879 -6.703232 0.100000
v 6.318653 -7.346956 0.100000
v 6.688035 -7.911884 0.100000
v 7.171731 -8.378725 0.100000
v 7.750454 -8.728188 0.100000
v 8.350657 -8.929538 0.100000
v 9.000000 -9.000000 0.100000
v 9.703232 -8.917122 0.100000
v 10.346956 -8.681347 0.100000
v 10.911884 -8.311966 0.100000
v 11.378725 -7.828269 0.100000
v 11.728188 -7.249546 0.100000
v 11.929538 -6.649343 0.100000
vn -0.000000 -0.000000 -1.000000
vn -0.000000 -0.000000 -1.000000
vn -0.000000 -0.000000 -1.000000
vn -0.000000 -0.000000 -1.000000
vn -0.000000 -0.000000 -1.000000
vn -0.000000 -0.000000 -1.000000
vn -0.000000 -0.000000 -1.000000
vn -0.000000 -0.000000 -1.000000
vn -0.000000 -0.000000 -1.000000
vn -0.000000 -0.000000 -1.000000
vn -0.000000 -0.000000 -1.000000
vn -0.000000 -0.000000 -1.000000
vn -0.000000 -0.000000 -1.000000
vn -0.000000 -0.000000 -1.000000
vn -0.000000 -0.000000 -1.000000
vn -0.000000 -0.000000 -1.000000
vn -0.000000 -0.000000 -1.000000
vn -0.000000 -0.000000 -1.000000
vn -0.000000 -0.000000 -1.000000
vn -0.000000 -0.000000 -1.000000
vn -0.000000 -0.000000 -1.000000
vn -0.000000 -0.000000 -1.000000
vn -0.000000 -0.000000 -1.000000
vn -0.000000 -0.000000 -1.000000
vn -0.000000 -0.000000 -1.000000
vn -0.000000 -0.000000 -1.000000
vn -0.000000 -0.000000 -1.000000
vn -0.000000 -0.000000 -1.000000
vt 3.000000 -0.000000
vt 2.917122 0.703232
vt 2.681347 1.346956
vt 2.311965 1.911884
vt 1.828268 2.378725
vt 1.249546 2.728187
vt 0.649342 2.929538
vt 0.000000 3.000000
vt -0.703232 2.917122
vt -1.346956 2.681347
vt -1.911884 2.311965
vt -2.378725 1.828268
vt -2.728187 1.249546
vt -2.929538 0.649342
vt -3.000000 0.000000
vt -2.917122 -0.703232
vt -2.681347 -1.346956
vt -2.311965 -1.911884
vt -1.828268 -2.378725
vt -1.249546 -2.728187
vt -0.649342 -2.929538
vt -0.000000 -3.000000
vt 0.703232 -2.917122
vt 1.346956 -2.681347
vt 1.911884 -2.311965
vt 2.378725 -1.828268
vt 2.728187 -1.249546
vt 2.929538 -0.649342
f 5110/5110/5110 5109/5109/5109 5108/5108/5108
f 5111/5111/5111 5108/5108/5108 5107/5107/5107
f 5111/5111/5111 5110/5110/5110 5108/5108/5108
f 5104/5104/5104 5106/5106/5106 5105/5105/5105
f 5104/5104/5104 5107/5107/5107 5106/5106/5106
f 5104/5104/5104 5111/5111/5111 5107/5107/5107
f 5113/5113/5113 5112/5112/5112 5111/5111/5111
f 5101/5101/5101 5103/5103/5103 5102/5102/5102
f 5101/5101/5101 5104/5104/5104 5103/5103/5103
f 5114/5114/5114 5113/5113/5113 5111/5111/5111
f 5100/5100/5100 5104/5104/5104 5101/5101/5101
f 5117/5117/5117 5116/5116/5116 5115/5115/5115
f 5090/5090/5090 5115/5115/5115 5114/5114/5114
f 5090/5090/5090 5114/5114/5114 5111/5111/5111
f 5090/5090/5090 5117/5117/5117 5115/5115/5115
f 5097/5097/5097 5099/5099/5099 5098/5098/5098
f 5097/5097/5097 5100/5100/5100 5099/5099/5099
f 5097/5097/5097 5111/5111/5111 5104/5104/5104
f 5097/5097/5097 5104/5104/5104 5100/5100/5100
f 5097/5097/5097 5090/5090/5090 5111/5111/5111
f 5092/5092/5092 5091/5091/5091 5090/5090/5090
f 5094/5094/5094 5096/5096/5096 5095/5095/5095
f 5094/5094/5094 5097/5097/5097 5096/5096/5096
f 5093/5093/5093 5090/5090/5090 5097/5097/5097
f 5093/5093/5093 5092/5092/5092 5090/5090/5090
f 5093/5093/5093 5097/5097/5097 5094/5094/5094
v 12.000000 -6.000000 5.100000
v 11.917122 -5.296768 5.100000
v 11.681347 -4.653044 5.100000
v 11.311966 -4.088116 5.100000
v 10.828268 -3.621275 5.100000
v 10.249546 -3.271813 5.100000
v 9.649343 -3.070462 5.100000
v 9.000000 -3.000000 5.100000
v 8.296768 -3.082878 5.100000
v 7.653044 -3.318653 5.100000
v 7.088116 -3.688035 5.100000
v 6.621275 -4.171731 5.100000
v 6.271813 -4.750454 5.100000
v 6.070462 -5.350657 5.100000
v 6.000000 -6.000000 5.100000
v 6.082879 -6.703232 5.100000
v 6.318653 -7.346956 5.100000
v 6.688035 -7.911884 5.100000
v 7.171731 -8.378725 5.100000
v 7.750454 -8.728188 5.100000
v 8.350657 -8.929538 5.100000
v 9.000000 -9.000000 5.100000
v 9.703232 -8.917122 5.100000
v 10.346956 -8.681347 5.100000
v 10.911884 -8.311966 5.100000
v 11.378725 -7.828269 5.100000
v 11.728188 -7.249546 5.100000
v 11.929538 -6.649343 5.100000
vn 0.000000 0.000000 1.000000
vn 0.000000 0.000000 1.000000
vn 0.000000 0.000000 1.000000
vn 0.000000 0.000000 1.000000
vn 0.000000 0.000000 1.000000
vn 0.000000 0.000000 1.000000
vn 0.000000 0.000000 1.000000
vn 0.000000 0.000000 1.000000
vn 0.000000 0.000000 1.000000
vn 0.000000 0.000000 1.000000
vn 0.000000 0.000000 1.000000
vn 0.000000 0.000000 1.000000
vn 0.000000 0.000000 1.000000
vn 0.000000 0.000000 1.000000
vn 0.000000 0.000000 1.000000
vn 0.000000 0.000000 1.000000
vn 0.000000 0.000000 1.000000
vn 0.000000 0.000000 1.000000
vn 0.000000 0.000000 1.000000
vn 0.000000 0.000000 1.000000
vn 0.000000 0.000000 1.000000
vn 0.000000 0.000000 1.000000
vn 0.000000 0.000000 1.000000
vn 0.000000 0.000000 1.000000
vn 0.000000 0.000000 1.000000
vn 0.000000 0.000000 1.000000
vn 0.000000 0.000000 1.000000
vn 0.000000 0.000000 1.000000
vt 3.000000 -0.000000
vt 2.917122 0.703232
vt 2.681347 1.346956
vt 2.311965 1.911884
vt 1.828268 2.378725
vt 1.249546 2.728187
vt 0.649342 2.929538
vt 0.000000 3.000000
vt -0.703232 2.917122
vt -1.346956 2.681347
vt -1.911884 2.311965
vt -2.378725 1.828268
vt -2.728187 1.249546
vt -2.929538 0.649342
vt -3.000000 0.000000
vt -2.917122 -0.703232
vt -2.681347 -1.346956
vt -2.311965 -1.911884
vt -1.828268 -2.378725
vt -1.249546 -2.728187
vt -0.649342 -2.929538
vt -0.000000 -3.000000
vt 0.703232 -2.917122
vt 1.346956 -2.681347
vt 1.911884 -2.311965
vt 2.378725 -1.828268
vt 2.728187 -1.249546
vt 2.929538 -0.649342
f 5138/5138/5138 5136/5136/5136 5137/5137/5137
f 5139/5139/5139 5135/5135/5135 5136/5136/5136
f 5139/5139/5139 5136/5136/5136 5138/5138/5138
f 5132/5132/5132 5133/5133/5133 5134/5134/5134
f 5132/5132/5132 5134/5134/5134 5135/5135/5135
f 5132/5132/5132 5135/5135/5135 5139/5139/5139
f 5141/5141/5141 5139/5139/5139 5140/5140/5140
f 5129/5129/5129 5130/5130/5130 5131/5131/5131
f 5129/5129/5129 5131/5131/5131 5132/5132/5132
f 5142/5142/5142 5139/5139/5139 5141/5141/5141
f 5128/5128/5128 5129/5129/5129 5132/5132/5132
f 5145/5145/5145 5143/5143/5143 5144/5144/5144
f 5118/5118/5118 5142/5142/5142 5143/5143/5143
f 5118/5118/5118 5139/5139/5139 5142/5142/5142
f 5118/5118/5118 5143/5143/5143 5145/5145/5145
f 5125/5125/5125 5126/5126/5126 5127/5127/5127
f 5125/5125/5125 5127/5127/5127 5128/5128/5128
f 5125/5125/5125 5132/5132/5132 5139/5139/5139
f 5125/5125/5125 5128/5128/5128 5132/5132/5132
f 5125/5125/5125 5139/5139/5139 5118/5118/5118
f 5120/5120/5120 5118/5118/5118 5119/5119/5119
f 5122/5122/5122 5123/5123/5123 5124/5124/5124
f 5122/5122/5122 5124/5124/5124 5125/5125/5125
f 5121/5121/5121 5125/5125/5125 5118/5118/5118
f 5121/5121/5121 5118/5118/5118 5120/5120/5120
f 5121/5121/5121 5122/5122/5122 5125/5125/5125
g colour11
usemtl colour11
v 11.000000 -6.000000 0.110000
v 11.000000 -6.000000 5.110000
v 10.951743 -5.561333 5.110000
v 10.813942 -5.156479 5.110000
v 10.597054 -4.795894 5.110000
v 10.311536 -4.490035 5.110000
v 9.967843 -4.249358 5.110000
v 9.576433 -4.084319 5.110000
v 9.294916 -4.021592 5.110000
v 9.000000 -4.000000 5.110000
v 9.000000 -4.000000 0.110000
v 10.951743 -5.561333 0.110000
v 10.813942 -5.156479 0.110000
v 10.597054 -4.795894 0.110000
v 10.311536 -4.490035 0.110000
v 9.967843 -4.249358 0.110000
v 9.576433 -4.084319 0.110000
v 9.294916 -4.021592 0.110000
v 10.726941 -4.990561 3.443333
v 10.009439 -4.273058 3.443333
v 10.726941 -4.990561 1.776667
v 10.009439 -4.273058 1.776667
vn 1.000000 -0.000000 -0.000000
vn 1.000000 -0.000000 -0.000000
vn 0.975864 0.218379 -0.000000
vn 0.906480 0.422249 -0.000000
vn 0.798026 0.602623 -0.000000
vn 0.656078 0.754693 -0.000000
vn 0.484624 0.874723 -0.000000
vn 0.287772 0.957699 -0.000000
vn 0.146204 0.989254 -0.000000
vn -0.000000 1.000000 -0.000000
vn -0.000000 1.000000 -0.000000
vn 0.975864 0.218379 -0.000000
vn 0.906480 0.422249 -0.000000
vn 0.798026 0.602623 -0.000000
vn 0.656078 0.754693 -0.000000
vn 0.484624 0.874723 -0.000000
vn 0.287772 0.957699 -0.000000
vn 0.146204 0.989254 -0.000000
vn 0.862856 0.505449 -0.000000
vn 0.505449 0.862856 -0.000000
vn 0.862856 0.505449 -0.000000
vn 0.505449 0.862856 -0.000000
vt 0.000000 0.000000
vt 0.000000 -5.000000
vt 0.136430 -5.000000
vt 0.272859 -5.000000
vt 0.409289 -5.000000
vt 0.545718 -5.000000
vt 0.682148 -5.000000
vt 0.818577 -5.000000
vt 0.909289 -5.000000
vt 1.000000 -5.000000
vt 1.000000 0.000000
vt 0.136430 0.000000
vt 0.272859 0.000000
vt 0.409289 0.000000
vt 0.545718 0.000000
vt 0.682148 0.000000
vt 0.818577 0.000000
vt 0.909289 0.000000
vt 0.333333 -3.333333
vt 0.666667 -3.333333
vt 0.333333 -1.666667
vt 0.666667 -1.666667
f 5164/5164/5164 5148/5148/5148 5147/5147/5147
f 5164/5164/5164 5149/5149/5149 5148/5148/5148
f 5164/5164/5164 5150/5150/5150 5149/5149/5149
f 5164/5164/5164 5151/5151/5151 5150/5150/5150
f 5165/5165/5165 5152/5152/5152 5151/5151/5151
f 5165/5165/5165 5153/5153/5153 5152/5152/5152
f 5165/5165/5165 5154/5154/5154 5153/5153/5153
f 5165/5165/5165 5155/5155/5155 5154/5154/5154
f 5165/5165/5165 5151/5151/5151 5164/5164/5164
f 5166/5166/5166 5147/5147/5147 5146/5146/5146
f 5166/5166/5166 5146/5146/5146 5157/5157/5157
f 5166/5166/5166 5157/5157/5157 5158/5158/5158
f 5166/5166/5166 5158/5158/5158 5159/5159/5159
f 5166/5166/5166 5159/5159/5159 5160/5160/5160
f 5166/5166/5166 5164/5164/5164 5147/5147/5147
f 5167/5167/5167 5156/5156/5156 5155/5155/5155
f 5167/5167/5167 5160/5160/5160 5161/5161/5161
f 5167/5167/5167 5161/5161/5161 5162/5162/5162
f 5167/5167/5167 5162/5162/5162 5163/5163/5163
f 5167/5167/5167 5163/5163/5163 5156/5156/5156
f 5167/5167/5167 5165/5165/5165 5164/5164/5164
f 5167/5167/5167 5164/5164/5164 5166/5166/5166
f 5167/5167/5167 5155/5155/5155 5165/5165/5165
f 5167/5167/5167 5166/5166/5166 5160/5160/5160
v 9.000000 -4.000000 0.110000
v 9.000000 -4.000000 5.110000
v 8.561333 -4.048257 5.110000
v 8.156479 -4.186058 5.110000
v 7.795894 -4.402946 5.110000
v 7.490035 -4.688464 5.110000
v 7.249358 -5.032157 5.110000
v 7.084319 -5.423567 5.110000
v 7.021592 -5.705084 5.110000
v 7.000000 -6.000000 5.110000
v 7.000000 -6.000000 0.110000
v 8.561333 -4.048257 0.110000
v 8.156479 -4.186058 0.110000
v 7.795894 -4.402946 0.110000
v 7.490035 -4.688464 0.110000
v 7.249358 -5.032157 0.110000
v 7.084319 -5.423567 0.110000
v 7.021592 -5.705084 0.110000
v 7.990561 -4.273058 3.443333
v 7.273058 -4.990561 3.443333
v 7.990561 -4.273058 1.776667
v 7.273058 -4.990561 1.776667
vn -0.000000 1.000000 -0.000000
vn -0.000000 1.000000 -0.000000
vn -0.218379 0.975864 -0.000000
vn -0.422249 0.906480 -0.000000
vn -0.602623 0.798026 -0.000000
vn -0.754693 0.656078 -0.000000
vn -0.874723 0.484624 -0.000000
vn -0.957699 0.287772 -0.000000
vn -0.989254 0.146204 -0.000000
vn -1.000000 -0.000000 0.000000
vn -1.000000 -0.000000 0.000000
vn -0.218379 0.975864 -0.000000
vn -0.422249 0.906480 -0.000000
vn -0.602623 0.798026 -0.000000
vn -0.754693 0.656078 -0.000000
vn -0.874723 0.484624 -0.000000
vn -0.957699 0.287772 -0.000000
vn -0.989254 0.146204 -0.000000
vn -0.505449 0.862856 -0.000000
vn -0.862856 0.505449 -0.000000
vn -0.505449 0.862856 -0.000000
vn -0.862856 0.505449 -0.000000
vt 0.000000 0.000000
vt 0.000000 -5.000000
vt 0.136430 -5.000000
vt 0.272859 -5.000000
vt 0.409289 -5.000000
vt 0.545718 -5.000000
vt 0.682148 -5.000000
vt 0.818577 -5.000000
vt 0.909289 -5.000000
vt 1.000000 -5.000000
vt 1.000000 0.000000
vt 0.136430 0.000000
vt 0.272859 0.000000
vt 0.409289 0.000000
vt 0.545718 0.000000
vt 0.682148 0.000000
vt 0.818577 0.000000
vt 0.909289 0.000000
vt 0.333333 -3.333333
vt 0.666667 -3.333333
vt 0.333333 -1.666667
vt 0.666667 -1.666667
f 5186/5186/5186 5170/5170/5170 5169/5169/5169
f 5186/5186/5186 5171/5171/5171 5170/5170/5170
f 5186/5186/5186 5172/5172/5172 5171/5171/5171
f 5186/5186/5186 5173/5173/5173 5172/5172/5172
f 5187/5187/5187 5174/5174/5174 5173/5173/5173
f 5187/5187/5187 5175/5175/5175 5174/5174/5174
f 5187/5187/5187 5176/5176/5176 5175/5175/5175
f 5187/5187/5187 5177/5177/5177 5176/5176/5176
f 5187/5187/5187 5173/5173/5173 5186/5186/5186
f 5188/5188/5188 5169/5169/5169 5168/5168/5168
f 5188/5188/5188 5168/5168/5168 5179/5179/5179
f 5188/5188/5188 5179/5179/5179 5180/5180/5180
f 5188/5188/5188 5180/5180/5180 5181/5181/5181
f 5188/5188/5188 5181/5181/5181 5182/5182/5182
f 5188/5188/5188 5186/5186/5186 5169/5169/5169
f 5189/5189/5189 5178/5178/5178 5177/5177/5177
f 5189/5189/5189 5182/5182/5182 5183/5183/5183
f 5189/5189/5189 5183/5183/5183 5184/5184/5184
f 5189/5189/5189 5184/5184/5184 5185/5185/5185
f 5189/5189/5189 5185/5185/5185 5178/5178/5178
f 5189/5189/5189 5187/5187/5187 5186/5186/5186
f 5189/5189/5189 5186/5186/5186 5188/5188/5188
f 5189/5189/5189 5177/5177/5177 5187/5187/5187
f 5189/5189/5189 5188/5188/5188 5182/5182/5182
v 7.000000 -6.000000 0.110000
v 7.000000 -6.000000 5.110000
v 7.048257 -6.438667 5.110000
v 7.186058 -6.843521 5.110000
v 7.402946 -7.204106 5.110000
v 7.688464 -7.509965 5.110000
v 8.032157 -7.750642 5.110000
v 8.423567 -7.915681 5.110000
v 8.705084 -7.978408 5.110000
v 9.000000 -8.000000 5.110000
v 9.000000 -8.000000 0.110000
v 7.048257 -6.438667 0.110000
v 7.186058 -6.843521 0.110000
v 7.402946 -7.204106 0.110000
v 7.688464 -7.509965 0.110000
v 8.032157 -7.750642 0.110000
v 8.423567 -7.915681 0.110000
v 8.705084 -7.978408 0.110000
v 7.273058 -7.009439 3.443333
v 7.990561 -7.726942 3.443333
v 7.273058 -7.009439 1.776667
v 7.990561 -7.726942 1.776667
vn -1.000000 -0.000000 0.000000
vn -1.000000 -0.000000 0.000000
vn -0.975864 -0.218379 0.000000
vn -0.906480 -0.422249 0.000000
vn -0.798026 -0.602623 0.000000
vn -0.656078 -0.754693 0.000000
vn -0.484624 -0.874723 0.000000
vn -0.287772 -0.957699 0.000000
vn -0.146204 -0.989254 0.000000
vn -0.000000 -1.000000 -0.000000
vn -0.000000 -1.000000 -0.000000
vn -0.975864 -0.218379 0.000000
vn -0.906480 -0.422249 0.000000
vn -0.798026 -0.602623 0.000000
vn -0.656078 -0.754693 0.000000
vn -0.484624 -0.874723 0.000000
vn -0.287772 -0.957699 0.000000
vn -0.146204 -0.989254 0.000000
vn -0.862856 -0.505449 0.000000
vn -0.505449 -0.862856 0.000000
vn -0.862856 -0.505449 0.000000
vn -0.505449 -0.862856 0.000000
vt 0.000000 0.000000
vt 0.000000 -5.000000
vt 0.136430 -5.000000
vt 0.272859 -5.000000
vt 0.409289 -5.000000
vt 0.545718 -5.000000
vt 0.682148 -5.000000
vt 0.818577 -5.000000
vt 0.909289 -5.000000
vt 1.000000 -5.000000
vt 1.000000 0.000000
vt 0.136430 0.000000
vt 0.272859 0.000000
vt 0.409289 0.000000
vt 0.545718 0.000000
vt 0.682148 0.000000
vt 0.818577 0.000000
vt 0.909289 0.000000
vt 0.333333 -3.333333
vt 0.666667 -3.333333
vt 0.333333 -1.666667
vt 0.666667 -1.666667
f 5208/5208/5208 5192/5192/5192 5191/5191/5191
f 5208/5208/5208 5193/5193/5193 5192/5192/5192
f 5208/5208/5208 5194/5194/5194 5193/5193/5193
f 5208/5208/5208 5195/5195/5195 5194/5194/5194
f 5209/5209/5209 5196/5196/5196 5195/5195/5195
f 5209/5209/5209 5197/5197/5197 5196/5196/5196
f 5209/5209/5209 5198/5198/5198 5197/5197/5197
f 5209/5209/5209 5199/5199/5199 5198/5198/5198
f 5209/5209/5209 5195/5195/5195 5208/5208/5208
f 5210/5210/5210 5191/5191/5191 5190/5190/5190
f 5210/5210/5210 5190/5190/5190 5201/5201/5201
f 5210/5210/5210 5201/5201/5201 5202/5202/5202
f 5210/5210/5210 5202/5202/5202 5203/5203/5203
f 5210/5210/5210 5203/5203/5203 5204/5204/5204
f 5210/5210/5210 5208/5208/5208 5191/5191/5191
f 5211/5211/5211 5200/5200/5200 5199/5199/5199
f 5211/5211/5211 5204/5204/5204 5205/5205/5205
f 5211/5211/5211 5205/5205/5205 5206/5206/5206
f 5211/5211/5211 5206/5206/5206 5207/5207/5207
f 5211/5211/5211 5207/5207/5207 5200/5200/5200
f 5211/5211/5211 5209/5209/5209 5208/5208/5208
f 5211/5211/5211 5208/5208/5208 5210/5210/5210
f 5211/5211/5211 5199/5199/5199 5209/5209/5209
f 5211/5211/5211 5210/5210/5210 5204/5204/5204
v 9.000000 -8.000000 0.110000
v 9.000000 -8.000000 5.110000
v 9.438667 -7.951743 5.110000
v 9.843521 -7.813942 5.110000
v 10.204106 -7.597054 5.110000
v 10.509965 -7.311536 5.110000
v 10.750643 -6.967843 5.110000
v 10.915681 -6.576433 5.110000
v 10.978408 -6.294916 5.110000
v 11.000000 -6.000000 5.110000
v 11.000000 -6.000000 0.110000
v 9.438667 -7.951743 0.110000
v 9.843521 -7.813942 0.110000
v 10.204106 -7.597054 0.110000
v 10.509965 -7.311536 0.110000
v 10.750643 -6.967843 0.110000
v 10.915681 -6.576433 0.110000
v 10.978408 -6.294916 0.110000
v 10.009439 -7.726942 3.443333
v 10.726941 -7.009439 3.443333
v 10.009439 -7.726942 1.776667
v 10.726941 -7.009439 1.776667
vn -0.000000 -1.000000 -0.000000
vn -0.000000 -1.000000 -0.000000
vn 0.218379 -0.975864 -0.000000
vn 0.422249 -0.906480 -0.000000
vn 0.602623 -0.798026 -0.000000
vn 0.754693 -0.656078 -0.000000
vn 0.874723 -0.484624 -0.000000
vn 0.957699 -0.287772 -0.000000
vn 0.989254 -0.146204 -0.000000
vn 1.000000 -0.000000 -0.000000
vn 1.000000 -0.000000 -0.000000
vn 0.218379 -0.975864 -0.000000
vn 0.422249 -0.906480 -0.000000
vn 0.602623 -0.798026 -0.000000
vn 0.754693 -0.656078 -0.000000
vn 0.874723 -0.484624 -0.000000
vn 0.957699 -0.287772 -0.000000
vn 0.989254 -0.146204 -0.000000
vn 0.505449 -0.862856 -0.000000
vn 0.862856 -0.505449 -0.000000
vn 0.505449 -0.862856 -0.000000
vn 0.862856 -0.505449 -0.000000
vt 0.000000 0.000000
vt 0.000000 -5.000000
vt 0.136430 -5.000000
vt 0.272859 -5.000000
vt 0.409289 -5.000000
vt 0.545718 -5.000000
vt 0.682148 -5.000000
vt 0.818577 -5.000000
vt 0.909289 -5.000000
vt 1.000000 -5.000000
vt 1.000000 0.000000
vt 0.136430 0.000000
vt 0.272859 0.000000
vt 0.409289 0.000000
vt 0.545718 0.000000
vt 0.682148 0.000000
vt 0.818577 0.000000
vt 0.909289 0.000000
vt 0.333333 -3.333333
vt 0.666667 -3.333333
vt 0.333333 -1.666667
vt 0.666667 -1.666667
f 5230/5230/5230 5214/5214/5214 5213/5213/5213
f 5230/5230/5230 5215/5215/5215 5214/5214/5214
f 5230/5230/5230 5216/5216/5216 5215/5215/5215
f 5230/5230/5230 5217/5217/5217 5216/5216/5216
f 5231/5231/5231 5218/5218/5218 5217/5217/5217
f 5231/5231/5231 5219/5219/5219 5218/5218/5218
f 5231/5231/5231 5220/5220/5220 5219/5219/5219
f 5231/5231/5231 5221/5221/5221 5220/5220/5220
f 5231/5231/5231 5217/5217/5217 5230/5230/5230
f 5232/5232/5232 5213/5213/5213 5212/5212/5212
f 5232/5232/5232 5212/5212/5212 5223/5223/5223
f 5232/5232/5232 5223/5223/5223 5224/5224/5224
f 5232/5232/5232 5224/5224/5224 5225/5225/5225
f 5232/5232/5232 5225/5225/5225 5226/5226/5226
f 5232/5232/5232 5230/5230/5230 5213/5213/5213
f 5233/5233/5233 5222/5222/5222 5221/5221/5221
f 5233/5233/5233 5226/5226/5226 5227/5227/5227
f 5233/5233/5233 5227/5227/5227 5228/5228/5228
f 5233/5233/5233 5228/5228/5228 5229/5229/5229
f 5233/5233/5233 5229/5229/5229 5222/5222/5222
f 5233/5233/5233 5231/5231/5231 5230/5230/5230
f 5233/5233/5233 5230/5230/5230 5232/5232/5232
f 5233/5233/5233 5221/5221/5221 5231/5231/5231
f 5233/5233/5233 5232/5232/5232 5226/5226/5226
v 11.000000 -6.000000 0.110000
v 10.951743 -5.561333 0.110000
v 10.813942 -5.156479 0.110000
v 10.597054 -4.795894 0.110000
v 10.311536 -4.490035 0.110000
v 9.967843 -4.249358 0.110000
v 9.576433 -4.084319 0.110000
v 9.294916 -4.021592 0.110000
v 9.000000 -4.000000 0.110000
v 8.561333 -4.048257 0.110000
v 8.156479 -4.186058 0.110000
v 7.795894 -4.402946 0.110000
v 7.490035 -4.688464 0.110000
v 7.249358 -5.032157 0.110000
v 7.084319 -5.423567 0.110000
v 7.021592 -5.705084 0.110000
v 7.000000 -6.000000 0.110000
v 7.048257 -6.438667 0.110000
v 7.186058 -6.843521 0.110000
v 7.402946 -7.204106 0.110000
v 7.688464 -7.509965 0.110000
v 8.032157 -7.750642 0.110000
v 8.423567 -7.915681 0.110000
v 8.705084 -7.978408 0.110000
v 9.000000 -8.000000 0.110000
v 9.438667 -7.951743 0.110000
v 9.843521 -7.813942 0.110000
v 10.204106 -7.597054 0.110000
v 10.509965 -7.311536 0.110000
v 10.750643 -6.967843 0.110000
v 10.915681 -6.576433 0.110000
v 10.978408 -6.294916 0.110000
vn -0.000000 -0.000000 -1.000000
vn -0.000000 -0.000000 -1.000000
vn -0.000000 -0.000000 -1.000000
vn -0.000000 -0.000000 -1.000000
vn -0.000000 -0.000000 -1.000000
vn -0.000000 -0.000000 -1.000000
vn -0.000000 -0.000000 -1.000000
vn -0.000000 -0.000000 -1.000000
vn -0.000000 -0.000000 -1.000000
vn -0.000000 -0.000000 -1.000000
vn -0.000000 -0.000000 -1.000000
vn -0.000000 -0.000000 -1.000000
vn -0.000000 -0.000000 -1.000000
vn -0.000000 -0.000000 -1.000000
vn -0.000000 -0.000000 -1.000000
vn -0.000000 -0.000000 -1.000000
vn -0.000000 -0.000000 -1.000000
vn -0.000000 -0.000000 -1.000000
vn -0.000000 -0.000000 -1.000000
vn -0.000000 -0.000000 -1.000000
vn -0.000000 -0.000000 -1.000000
vn -0.000000 -0.000000 -1.000000
vn -0.000000 -0.000000 -1.000000
vn -0.000000 -0.000000 -1.000000
vn -0.000000 -0.000000 -1.000000
vn -0.000000 -0.000000 -1.000000
vn -0.000000 -0.000000 -1.000000
vn -0.000000 -0.000000 -1.000000
vn -0.000000 -0.000000 -1.000000
vn -0.000000 -0.000000 -1.000000
vn -0.000000 -0.000000 -1.000000
vn -0.000000 -0.000000 -1.000000
vt 2.000000 -0.000000
vt 1.951743 0.438667
vt 1.813942 0.843521
vt 1.597054 1.204106
vt 1.311536 1.509965
vt 0.967843 1.750642
vt 0.576433 1.915681
vt 0.294916 1.978408
vt 0.000000 2.000000
vt -0.438667 1.951743
vt -0.843521 1.813942
vt -1.204106 1.597054
vt -1.509965 1.311536
vt -1.750642 0.967843
vt -1.915681 0.576433
vt -1.978408 0.294916
vt -2.000000 0.000000
vt -1.951743 -0.438667
vt -1.813942 -0.843521
vt -1.597054 -1.204106
vt -1.311536 -1.509965
vt -0.967843 -1.750642
vt -0.576433 -1.915681
vt -0.294916 -1.978408
vt 0.000000 -2.000000
vt 0.438667 -1.951743
vt 0.843521 -1.813942
vt 1.204106 -1.597054
vt 1.509965 -1.311536
vt 1.750642 -0.967843
vt 1.915681 -0.576433
vt 1.978408 -0.294916
f 5251/5251/5251 5253/5253/5253 5252/5252/5252
f 5257/5257/5257 5255/5255/5255 5254/5254/5254
f 5257/5257/5257 5256/5256/5256 5255/5255/5255
f 5258/5258/5258 5257/5257/5257 5254/5254/5254
f 5250/5250/5250 5254/5254/5254 5253/5253/5253
f 5250/5250/5250 5253/5253/5253 5251/5251/5251
f 5250/5250/5250 5258/5258/5258 5254/5254/5254
f 5247/5247/5247 5249/5249/5249 5248/5248/5248
f 5261/5261/5261 5259/5259/5259 5258/5258/5258
f 5261/5261/5261 5260/5260/5260 5259/5259/5259
f 5246/5246/5246 5250/5250/5250 5249/5249/5249
f 5246/5246/5246 5249/5249/5249 5247/5247/5247
f 5262/5262/5262 5261/5261/5261 5258/5258/5258
f 5243/5243/5243 5245/5245/5245 5244/5244/5244
f 5265/5265/5265 5263/5263/5263 5262/5262/5262
f 5265/5265/5265 5264/5264/5264 5263/5263/5263
f 5234/5234/5234 5262/5262/5262 5258/5258/5258
f 5234/5234/5234 5265/5265/5265 5262/5262/5262
f 5242/5242/5242 5246/5246/5246 5245/5245/5245
f 5242/5242/5242 5258/5258/5258 5250/5250/5250
f 5242/5242/5242 5234/5234/5234 5258/5258/5258
f 5242/5242/5242 5250/5250/5250 5246/5246/5246
f 5242/5242/5242 5245/5245/5245 5243/5243/5243
f 5239/5239/5239 5241/5241/5241 5240/5240/5240
f 5237/5237/5237 5235/5235/5235 5234/5234/5234
f 5237/5237/5237 5236/5236/5236 5235/5235/5235
f 5238/5238/5238 5242/5242/5242 5241/5241/5241
f 5238/5238/5238 5234/5234/5234 5242/5242/5242
f 5238/5238/5238 5241/5241/5241 5239/5239/5239
f 5238/5238/5238 5237/5237/5237 5234/5234/5234
v 11.000000 -6.000000 5.110000
v 10.951743 -5.561333 5.110000
v 10.813942 -5.156479 5.110000
v 10.597054 -4.795894 5.110000
v 10.311536 -4.490035 5.110000
v 9.967843 -4.249358 5.110000
v 9.576433 -4.084319 5.110000
v 9.294916 -4.021592 5.110000
v 9.000000 -4.000000 5.110000
v 8.561333 -4.048257 5.110000
v 8.156479 -4.186058 5.110000
v 7.795894 -4.402946 5.110000
v 7.490035 -4.688464 5.110000
v 7.249358 -5.032157 5.110000
v 7.084319 -5.423567 5.110000
v 7.021592 -5.705084 5.110000
v 7.000000 -6.000000 5.110000
v 7.048257 -6.438667 5.110000
v 7.186058 -6.843521 5.110000
v 7.402946 -7.204106 5.110000
v 7.688464 -7.509965 5.110000
v 8.032157 -7.750642 5.110000
v 8.423567 -7.915681 5.110000
v 8.705084 -7.978408 5.110000
v 9.000000 -8.000000 5.110000
v 9.438667 -7.951743 5.110000
v 9.843521 -7.813942 5.110000
v 10.204106 -7.597054 5.110000
v 10.509965 -7.311536 5.110000
v 10.750643 -6.967843 5.110000
v 10.915681 -6.576433 5.110000
v 10.978408 -6.294916 5.110000
vn 0.000000 0.000000 1.000000
vn 0.000000 0.000000 1.000000
vn 0.000000 0.000000 1.000000
vn 0.000000 0.000000 1.000000
vn 0.000000 0.000000 1.000000
vn 0.000000 0.000000 1.000000
vn 0.000000 0.000000 1.000000
vn 0.000000 0.000000 1.000000
vn 0.000000 0.000000 1.000000
vn 0.000000 0.000000 1.000000
vn 0.000000 0.000000 1.000000
vn 0.000000 0.000000 1.000000
vn 0.000000 0.000000 1.000000
vn 0.000000 0.000000 1.000000
vn 0.000000 0.000000 1.000000
vn 0.000000 0.000000 1.000000
vn 0.000000 0.000000 1.000000
vn 0.000000 0.000000 1.000000
vn 0.000000 0.000000 1.000000
vn 0.000000 0.000000 1.000000
vn 0.000000 0.000000 1.000000
vn 0.000000 0.000000 1.000000
vn 0.000000 0.000000 1.000000
vn 0.000000 0.000000 1.000000
vn 0.000000 0.000000 1.000000
vn 0.000000 0.000000 1.000000
vn 0.000000 0.000000 1.000000
vn 0.000000 0.000000 1.000000
vn 0.000000 0.000000 1.000000
vn 0.000000 0.000000 1.000000
vn 0.000000 0.000000 1.000000
vn 0.000000 0.000000 1.000000
vt 2.000000 -0.000000
vt 1.951743 0.438667
vt 1.813942 0.843521
vt 1.597054 1.204106
vt 1.311536 1.509965
vt 0.967843 1.750642
vt 0.576433 1.915681
vt 0.294916 1.978408
vt 0.000000 2.000000
vt -0.438667 1.951743
vt -0.843521 1.813942
vt -1.204106 1.597054
vt -1.509965 1.311536
vt -1.750642 0.967843
vt -1.915681 0.576433
vt -1.978408 0.294916
vt -2.000000 0.000000
vt -1.951743 -0.438667
vt -1.813942 -0.843521
vt -1.597054 -1.204106
vt -1.311536 -1.509965
vt -0.967843 -1.750642
vt -0.576433 -1.915681
vt -0.294916 -1.978408
vt 0.000000 -2.000000
vt 0.438667 -1.951743
vt 0.843521 -1.813942
vt 1.204106 -1.597054
vt 1.509965 -1.311536
vt 1.750642 -0.967843
vt 1.915681 -0.576433
vt 1.978408 -0.294916
f 5283/5283/5283 5284/5284/5284 5285/5285/5285
f 5289/5289/5289 5286/5286/5286 5287/5287/5287
f 5289/5289/5289 5287/5287/5287 5288/5288/5288
f 5290/5290/5290 5286/5286/5286 5289/5289/5289
f 5282/5282/5282 5285/5285/5285 5286/5286/5286
f 5282/5282/5282 5283/5283/5283 5285/5285/5285
f 5282/5282/5282 5286/5286/5286 5290/5290/5290
f 5279/5279/5279 5280/5280/5280 5281/5281/5281
f 5293/5293/5293 5290/5290/5290 5291/5291/5291
f 5293/5293/5293 5291/5291/5291 5292/5292/5292
f 5278/5278/5278 5281/5281/5281 5282/5282/5282
f 5278/5278/5278 5279/5279/5279 5281/5281/5281
f 5294/5294/5294 5290/5290/5290 5293/5293/5293
f 5275/5275/5275 5276/5276/5276 5277/5277/5277
f 5297/5297/5297 5294/5294/5294 5295/5295/5295
f 5297/5297/5297 5295/5295/5295 5296/5296/5296
f 5266/5266/5266 5290/5290/5290 5294/5294/5294
f 5266/5266/5266 5294/5294/5294 5297/5297/5297
f 5274/5274/5274 5277/5277/5277 5278/5278/5278
f 5274/5274/5274 5282/5282/5282 5290/5290/5290
f 5274/5274/5274 5290/5290/5290 5266/5266/5266
f 5274/5274/5274 5278/5278/5278 5282/5282/5282
f 5274/5274/5274 5275/5275/5275 5277/5277/5277
f 5271/5271/5271 5272/5272/5272 5273/5273/5273
f 5269/5269/5269 5266/5266/5266 5267/5267/5267
f 5269/5269/5269 5267/5267/5267 5268/5268/5268
f 5270/5270/5270 5273/5273/5273 5274/5274/5274
f 5270/5270/5270 5274/5274/5274 5266/5266/5266
f 5270/5270/5270 5271/5271/5271 5273/5273/5273
f 5270/5270/5270 5266/5266/5266 5269/5269/5269
g colour12
usemtl colour12
v 6.000000 0.000000 0.120000
v 6.000000 0.000000 5.120000
v 5.917121 0.703232 5.120000
v 5.681347 1.346956 5.120000
v 5.311965 1.911884 5.120000
v 4.828269 2.378725 5.120000
v 4.249546 2.728187 5.120000
v 3.649342 2.929538 5.120000
v 3.000000 3.000000 5.120000
v 3.000000 3.000000 0.120000
v 5.917121 0.703232 0.120000
v 5.681347 1.346956 0.120000
v 5.311965 1.911884 0.120000
v 4.828269 2.378725 0.120000
v 4.249546 2.728187 0.120000
v 3.649342 2.929538 0.120000
v 5.590412 1.514157 3.453333
v 4.514157 2.590412 3.453333
v 5.590412 1.514157 1.786667
v 4.514157 2.590412 1.786667
v 5.892837 0.797519 4.286667
v 5.892837 0.797519 3.453333
v 3.797519 2.892837 4.286667
v 5.892837 0.797519 0.953333
v 3.797519 2.892837 3.453333
v 3.797519 2.892837 0.953333
vn 1.000000 -0.000000 -0.000000
vn 1.000000 -0.000000 -0.000000
vn 0.972343 0.233557 -0.000000
vn 0.893235 0.449591 -0.000000
vn 0.770281 0.637704 -0.000000
vn 0.609963 0.792430 -0.000000
vn 0.416977 0.908917 -0.000000
vn 0.215475 0.976509 -0.000000
vn 0.000000 1.000000 -0.000000
vn 0.000000 1.000000 -0.000000
vn 0.972343 0.233557 -0.000000
vn 0.893235 0.449591 -0.000000
vn 0.770281 0.637704 -0.000000
vn 0.609963 0.792430 -0.000000
vn 0.416977 0.908917 -0.000000
vn 0.215475 0.976509 -0.000000
vn 0.862856 0.505449 -0.000000
vn 0.505449 0.862856 -0.000000
vn 0.862856 0.505449 -0.000000
vn 0.505449 0.862856 -0.000000
vn 0.964188 0.265218 -0.000000
vn 0.964188 0.265218 -0.000000
vn 0.265218 0.964188 -0.000000
vn 0.964188 0.265218 -0.000000
vn 0.265218 0.964188 -0.000000
vn 0.265218 0.964188 -0.000000
vt 0.000000 0.000000
vt 0.000000 -5.000000
vt 0.146172 -5.000000
vt 0.292343 -5.000000
vt 0.438515 -5.000000
vt 0.584686 -5.000000
vt 0.730858 -5.000000
vt 0.865429 -5.000000
vt 1.000000 -5.000000
vt 1.000000 0.000000
vt 0.146172 0.000000
vt 0.292343 0.000000
vt 0.438515 0.000000
vt 0.584686 0.000000
vt 0.730858 0.000000
vt 0.865429 0.000000
vt 0.333333 -3.333333
vt 0.666667 -3.333333
vt 0.333333 -1.666667
vt 0.666667 -1.666667
vt 0.166667 -4.166667
vt 0.166667 -3.333333
vt 0.833333 -4.166667
vt 0.166667 -0.833333
vt 0.833333 -3.333333
vt 0.833333 -0.833333
f 5314/5314/5314 5302/5302/5302 5301/5301/5301
f 5315/5315/5315 5303/5303/5303 5302/5302/5302
f 5315/5315/5315 5302/5302/5302 5314/5314/5314
f 5316/5316/5316 5309/5309/5309 5310/5310/5310
f 5317/5317/5317 5310/5310/5310 5311/5311/5311
f 5317/5317/5317 5316/5316/5316 5310/5310/5310
f 5317/5317/5317 5314/5314/5314 5316/5316/5316
f 5317/5317/5317 5315/5315/5315 5314/5314/5314
f 5318/5318/5318 5300/5300/5300 5299/5299/5299
f 5318/5318/5318 5301/5301/5301 5300/5300/5300
f 5318/5318/5318 5314/5314/5314 5301/5301/5301
f 5319/5319/5319 5299/5299/5299 5298/5298/5298
f 5319/5319/5319 5314/5314/5314 5318/5318/5318
f 5319/5319/5319 5316/5316/5316 5314/5314/5314
f 5319/5319/5319 5318/5318/5318 5299/5299/5299
f 5320/5320/5320 5304/5304/5304 5303/5303/5303
f 5320/5320/5320 5305/5305/5305 5304/5304/5304
f 5320/5320/5320 5306/5306/5306 5305/5305/5305
f 5320/5320/5320 5303/5303/5303 5315/5315/5315
f 5321/5321/5321 5298/5298/5298 5308/5308/5308
f 5321/5321/5321 5308/5308/5308 5309/5309/5309
f 5321/5321/5321 5316/5316/5316 5319/5319/5319
f 5321/5321/5321 5319/5319/5319 5298/5298/5298
f 5321/5321/5321 5309/5309/5309 5316/5316/5316
f 5322/5322/5322 5307/5307/5307 5306/5306/5306
f 5322/5322/5322 5320/5320/5320 5315/5315/5315
f 5322/5322/5322 5306/5306/5306 5320/5320/5320
f 5322/5322/5322 5315/5315/5315 5317/5317/5317
f 5323/5323/5323 5311/5311/5311 5312/5312/5312
f 5323/5323/5323 5312/5312/5312 5313/5313/5313
f 5323/5323/5323 5313/5313/5313 5307/5307/5307
f 5323/5323/5323 5317/5317/5317 5311/5311/5311
f 5323/5323/5323 5307/5307/5307 5322/5322/5322
f 5323/5323/5323 5322/5322/5322 5317/5317/5317
v 3.000000 3.000000 0.120000
v 3.000000 3.000000 5.120000
v 2.296768 2.917122 5.120000
v 1.653044 2.681347 5.120000
v 1.088116 2.311965 5.120000
v 0.621275 1.828268 5.120000
v 0.271813 1.249546 5.120000
v 0.070462 0.649342 5.120000
v 0.000000 0.000000 5.120000
v 0.000000 0.000000 0.120000
v 2.296768 2.917122 0.120000
v 1.653044 2.681347 0.120000
v 1.088116 2.311965 0.120000
v 0.621275 1.828268 0.120000
v 0.271813 1.249546 0.120000
v 0.070462 0.649342 0.120000
v 1.485843 2.590412 3.453333
v 0.409588 1.514157 3.453333
v 1.485843 2.590412 1.786667
v 0.409588 1.514157 1.786667
v 2.202481 2.892837 4.286667
v 2.202481 2.892837 3.453333
v 0.107163 0.797519 4.286667
v 2.202481 2.892837 0.953333
v 0.107163 0.797519 3.453333
v 0.107163 0.797519 0.953333
vn -0.000000 1.000000 -0.000000
vn -0.000000 1.000000 -0.000000
vn -0.233557 0.972343 -0.000000
vn -0.449591 0.893235 -0.000000
vn -0.637704 0.770281 -0.000000
vn -0.792430 0.609963 -0.000000
vn -0.908917 0.416977 -0.000000
vn -0.976509 0.215475 -0.000000
vn -1.000000 0.000000 -0.000000
vn -1.000000 0.000000 -0.000000
vn -0.233557 0.972343 -0.000000
vn -0.449591 0.893235 -0.000000
vn -0.637704 0.770281 -0.000000
vn -0.792430 0.609963 -0.000000
vn -0.908917 0.416977 -0.000000
vn -0.976509 0.215475 -0.000000
vn -0.505449 0.862856 -0.000000
vn -0.862856 0.505449 -0.000000
vn -0.505449 0.862856 -0.000000
vn -0.862856 0.505449 -0.000000
vn -0.265218 0.964188 -0.000000
vn -0.265218 0.964188 -0.000000
vn -0.964188 0.265218 -0.000000
vn -0.265218 0.964188 -0.000000
vn -0.964188 0.265218 -0.000000
vn -0.964188 0.265218 -0.000000
vt 0.000000 0.000000
vt 0.000000 -5.000000
vt 0.146172 -5.000000
vt 0.292343 -5.000000
vt 0.438515 -5.000000
vt 0.584686 -5.000000
vt 0.730858 -5.000000
vt 0.865429 -5.000000
vt 1.000000 -5.000000
vt 1.000000 0.000000
vt 0.146172 0.000000
vt 0.292343 0.000000
vt 0.438515 0.000000
vt 0.584686 0.000000
vt 0.730858 0.000000
vt 0.865429 0.000000
vt 0.333333 -3.333333
vt 0.666667 -3.333333
vt 0.333333 -1.666667
vt 0.666667 -1.666667
vt 0.166667 -4.166667
vt 0.166667 -3.333333
vt 0.833333 -4.166667
vt 0.166667 -0.833333
vt 0.833333 -3.333333
vt 0.833333 -0.833333
f 5340/5340/5340 5328/5328/5328 5327/5327/5327
f 5341/5341/5341 5329/5329/5329 5328/5328/5328
f 5341/5341/5341 5328/5328/5328 5340/5340/5340
f 5342/5342/5342 5335/5335/5335 5336/5336/5336
f 5343/5343/5343 5336/5336/5336 5337/5337/5337
f 5343/5343/5343 5342/5342/5342 5336/5336/5336
f 5343/5343/5343 5340/5340/5340 5342/5342/5342
f 5343/5343/5343 5341/5341/5341 5340/5340/5340
f 5344/5344/5344 5326/5326/5326 5325/5325/5325
f 5344/5344/5344 5327/5327/5327 5326/5326/5326
f 5344/5344/5344 5340/5340/5340 5327/5327/5327
f 5345/5345/5345 5325/5325/5325 5324/5324/5324
f 5345/5345/5345 5340/5340/5340 5344/5344/5344
f 5345/5345/5345 5342/5342/5342 5340/5340/5340
f 5345/5345/5345 5344/5344/5344 5325/5325/5325
f 5346/5346/5346 5330/5330/5330 5329/5329/5329
f 5346/5346/5346 5331/5331/5331 5330/5330/5330
f 5346/5346/5346 5332/5332/5332 5331/5331/5331
f 5346/5346/5346 5329/5329/5329 5341/5341/5341
f 5347/5347/5347 5324/5324/5324 5334/5334/5334
f 5347/5347/5347 5334/5334/5334 5335/5335/5335
f 5347/5347/5347 5342/5342/5342 5345/5345/5345
f 5347/5347/5347 5345/5345/5345 5324/5324/5324
f 5347/5347/5347 5335/5335/5335 5342/5342/5342
f 5348/5348/5348 5333/5333/5333 5332/5332/5332
f 5348/5348/5348 5346/5346/5346 5341/5341/5341
f 5348/5348/5348 5332/5332/5332 5346/5346/5346
f 5348/5348/5348 5341/5341/5341 5343/5343/5343
f 5349/5349/5349 5337/5337/5337 5338/5338/5338
f 5349/5349/5349 5338/5338/5338 5339/5339/5339
f 5349/5349/5349 5339/5339/5339 5333/5333/5333
f 5349/5349/5349 5343/5343/5343 5337/5337/5337
f 5349/5349/5349 5333/5333/5333 5348/5348/5348
f 5349/5349/5349 5348/5348/5348 5343/5343/5343
v 0.000000 0.000000 0.120000
v 0.000000 0.000000 5.120000
v 0.082878 -0.703232 5.120000
v 0.318653 -1.346956 5.120000
v 0.688034 -1.911884 5.120000
v 1.171732 -2.378725 5.120000
v 1.750454 -2.728187 5.120000
v 2.350658 -2.929538 5.120000
v 3.000000 -3.000000 5.120000
v 3.000000 -3.000000 0.120000
v 0.082878 -0.703232 0.120000
v 0.318653 -1.346956 0.120000
v 0.688034 -1.911884 0.120000
v 1.171732 -2.378725 0.120000
v 1.750454 -2.728187 0.120000
v 2.350658 -2.929538 0.120000
v 0.409588 -1.514157 3.453333
v 1.485843 -2.590412 3.453333
v 0.409588 -1.514157 1.786667
v 1.485843 -2.590412 1.786667
v 0.107163 -0.797519 4.286667
v 0.107163 -0.797519 3.453333
v 2.202481 -2.892837 4.286667
v 0.107163 -0.797519 0.953333
v 2.202481 -2.892837 3.453333
v 2.202481 -2.892837 0.953333
vn -1.000000 0.000000 -0.000000
vn -1.000000 0.000000 -0.000000
vn -0.972343 -0.233557 0.000000
vn -0.893235 -0.449591 0.000000
vn -0.770281 -0.637704 0.000000
vn -0.609963 -0.792430 0.000000
vn -0.416977 -0.908917 0.000000
vn -0.215475 -0.976509 0.000000
vn -0.000000 -1.000000 0.000000
vn -0.000000 -1.000000 0.000000
vn -0.972343 -0.233557 0.000000
vn -0.893235 -0.449591 0.000000
vn -0.770281 -0.637704 0.000000
vn -0.609963 -0.792430 0.000000
vn -0.416977 -0.908917 0.000000
vn -0.215475 -0.976509 0.000000
vn -0.862856 -0.505449 0.000000
vn -0.505449 -0.862856 0.000000
vn -0.862856 -0.505449 0.000000
vn -0.505449 -0.862856 0.000000
vn -0.964188 -0.265218 0.000000
vn -0.964188 -0.265218 0.000000
vn -0.265218 -0.964188 0.000000
vn -0.964188 -0.265218 0.000000
vn -0.265218 -0.964188 0.000000
vn -0.265218 -0.964188 0.000000
vt 0.000000 0.000000
vt 0.000000 -5.000000
vt 0.146172 -5.000000
vt 0.292343 -5.000000
vt 0.438515 -5.000000
vt 0.584686 -5.000000
vt 0.730858 -5.000000
vt 0.865429 -5.000000
vt 1.000000 -5.000000
vt 1.000000 0.000000
vt 0.146172 0.000000
vt 0.292343 0.000000
vt 0.438515 0.000000
vt 0.584686 0.000000
vt 0.730858 0.000000
vt 0.865429 0.000000
vt 0.333333 -3.333333
vt 0.666667 -3.333333
vt 0.333333 -1.666667
vt 0.666667 -1.666667
vt 0.166667 -4.166667
vt 0.166667 -3.333333
vt 0.833333 -4.166667
vt 0.166667 -0.833333
vt 0.833333 -3.333333
vt 0.833333 -0.833333
f 5366/5366/5366 5354/5354/5354 5353/5353/5353
f 5367/5367/5367 5355/5355/5355 5354/5354/5354
f 5367/5367/5367 5354/5354/5354 5366/5366/5366
f 5368/5368/5368 5361/5361/5361 5362/5362/5362
f 5369/5369/5369 5362/5362/5362 5363/5363/5363
f 5369/5369/5369 5368/5368/5368 5362/5362/5362
f 5369/5369/5369 5366/5366/5366 5368/5368/5368
f 5369/5369/5369 5367/5367/5367 5366/5366/5366
f 5370/5370/5370 5352/5352/5352 5351/5351/5351
f 5370/5370/5370 5353/5353/5353 5352/5352/5352
f 5370/5370/5370 5366/5366/5366 5353/5353/5353
f 5371/5371/5371 5351/5351/5351 5350/5350/5350
f 5371/5371/5371 5366/5366/5366 5370/5370/5370
f 5371/5371/5371 5368/5368/5368 5366/5366/5366
f 5371/5371/5371 5370/5370/5370 5351/5351/5351
f 5372/5372/5372 5356/5356/5356 5355/5355/5355
f 5372/5372/5372 5357/5357/5357 5356/5356/5356
f 5372/5372/5372 5358/5358/5358 5357/5357/5357
f 5372/5372/5372 5355/5355/5355 5367/5367/5367
f 5373/5373/5373 5350/5350/5350 5360/5360/5360
f 5373/5373/5373 5360/5360/5360 5361/5361/5361
f 5373/5373/5373 5368/5368/5368 5371/5371/5371
f 5373/5373/5373 5371/5371/5371 5350/5350/5350
f 5373/5373/5373 5361/5361/5361 5368/5368/5368
f 5374/5374/5374 5359/5359/5359 5358/5358/5358
f 5374/5374/5374 5372/5372/5372 5367/5367/5367
f 5374/5374/5374 5358/5358/5358 5372/5372/5372
f 5374/5374/5374 5367/5367/5367 5369/5369/5369
f 5375/5375/5375 5363/5363/5363 5364/5364/5364
f 5375/5375/5375 5364/5364/5364 5365/5365/5365
f 5375/5375/5375 5365/5365/5365 5359/5359/5359
f 5375/5375/5375 5369/5369/5369 5363/5363/5363
f 5375/5375/5375 5359/5359/5359 5374/5374/5374
f 5375/5375/5375 5374/5374/5374 5369/5369/5369
v 3.000000 -3.000000 0.120000
v 3.000000 -3.000000 5.120000
v 3.703232 -2.917122 5.120000
v 4.346956 -2.681347 5.120000
v 4.911884 -2.311965 5.120000
v 5.378725 -1.828268 5.120000
v 5.728187 -1.249546 5.120000
v 5.929538 -0.649342 5.120000
v 6.000000 0.000000 5.120000
v 6.000000 0.000000 0.120000
v 3.703232 -2.917122 0.120000
v 4.346956 -2.681347 0.120000
v 4.911884 -2.311965 0.120000
v 5.378725 -1.828268 0.120000
v 5.728187 -1.249546 0.120000
v 5.929538 -0.649342 0.120000
v 4.514157 -2.590412 3.453333
v 5.590412 -1.514157 3.453333
v 4.514157 -2.590412 1.786667
v 5.590412 -1.514157 1.786667
v 3.797519 -2.892837 4.286667
v 3.797519 -2.892837 3.453333
v 5.892837 -0.797519 4.286667
v 3.797519 -2.892837 0.953333
v 5.892837 -0.797519 3.453333
v 5.892837 -0.797519 0.953333
vn -0.000000 -1.000000 0.000000
vn -0.000000 -1.000000 0.000000
vn 0.233557 -0.972343 -0.000000
vn 0.449591 -0.893235 -0.000000
vn 0.637704 -0.770281 -0.000000
vn 0.792430 -0.609963 -0.000000
vn 0.908917 -0.416977 -0.000000
vn 0.976509 -0.215475 -0.000000
vn 1.000000 -0.000000 -0.000000
vn 1.000000 -0.000000 -0.000000
vn 0.233557 -0.972343 -0.000000
vn 0.449591 -0.893235 -0.000000
vn 0.637704 -0.770281 -0.000000
vn 0.792430 -0.609963 -0.000000
vn 0.908917 -0.416977 -0.000000
vn 0.976509 -0.215475 -0.000000
vn 0.505449 -0.862856 -0.000000
vn 0.862856 -0.505449 -0.000000
vn 0.505449 -0.862856 -0.000000
vn 0.862856 -0.505449 -0.000000
vn 0.265218 -0.964188 -0.000000
vn 0.265218 -0.964188 -0.000000
vn 0.964188 -0.265218 -0.000000
vn 0.265218 -0.964188 -0.000000
vn 0.964188 -0.265218 -0.000000
vn 0.964188 -0.265218 -0.000000
vt 0.000000 0.000000
vt 0.000000 -5.000000
vt 0.146172 -5.000000
vt 0.292343 -5.000000
vt 0.438515 -5.000000
vt 0.584686 -5.000000
vt 0.730858 -5.000000
vt 0.865429 -5.000000
vt 1.000000 -5.000000
vt 1.000000 0.000000
vt 0.146172 0.000000
vt 0.292343 0.000000
vt 0.438515 0.000000
vt 0.584686 0.000000
vt 0.730858 0.000000
vt 0.865429 0.000000
vt 0.333333 -3.333333
vt 0.666667 -3.333333
vt 0.333333 -1.666667
vt 0.666667 -1.666667
vt 0.166667 -4.166667
vt 0.166667 -3.333333
vt 0.833333 -4.166667
vt 0.166667 -0.833333
vt 0.833333 -3.333333
vt 0.833333 -0.833333
f 5392/5392/5392 5380/5380/5380 5379/5379/5379
f 5393/5393/5393 5381/5381/5381 5380/5380/5380
f 5393/5393/5393 5380/5380/5380 5392/5392/5392
f 5394/5394/5394 5387/5387/5387 5388/5388/5388
f 5395/5395/5395 5388/5388/5388 5389/5389/5389
f 5395/5395/5395 5394/5394/5394 5388/5388/5388
f 5395/5395/5395 5392/5392/5392 5394/5394/5394
f 5395/5395/5395 5393/5393/5393 5392/5392/5392
f 5396/5396/5396 5378/5378/5378 5377/5377/5377
f 5396/5396/5396 5379/5379/5379 5378/5378/5378
f 5396/5396/5396 5392/5392/5392 5379/5379/5379
f 5397/5397/5397 5377/5377/5377 5376/5376/5376
f 5397/5397/5397 5392/5392/5392 5396/5396/5396
f 5397/5397/5397 5394/5394/5394 5392/5392/5392
f 5397/5397/5397 5396/5396/5396 5377/5377/5377
f 5398/5398/5398 5382/5382/5382 5381/5381/5381
f 5398/5398/5398 5383/5383/5383 5382/5382/5382
f 5398/5398/5398 5384/5384/5384 5383/5383/5383
f 5398/5398/5398 5381/5381/5381 5393/5393/5393
f 5399/5399/5399 5376/5376/5376 5386/5386/5386
f 5399/5399/5399 5386/5386/5386 5387/5387/5387
f 5399/5399/5399 5394/5394/5394 5397/5397/5397
f 5399/5399/5399 5397/5397/5397 5376/5376/5376
f 5399/5399/5399 5387/5387/5387 5394/5394/5394
f 5400/5400/5400 5385/5385/5385 5384/5384/5384
f 5400/5400/5400 5398/5398/5398 5393/5393/5393
f 5400/5400/5400 5384/5384/5384 5398/5398/5398
f 5400/5400/5400 5393/5393/5393 5395/5395/5395
f 5401/5401/5401 5389/5389/5389 5390/5390/5390
f 5401/5401/5401 5390/5390/5390 5391/5391/5391
f 5401/5401/5401 5391/5391/5391 5385/5385/5385
f 5401/5401/5401 5395/5395/5395 5389/5389/5389
f 5401/5401/5401 5385/5385/5385 5400/5400/5400
f 5401/5401/5401 5400/5400/5400 5395/5395/5395
v 6.000000 0.000000 0.120000
v 5.917121 0.703232 0.120000
v 5.681347 1.346956 0.120000
v 5.311965 1.911884 0.120000
v 4.828269 2.378725 0.120000
v 4.249546 2.728187 0.120000
v 3.649342 2.929538 0.120000
v 3.000000 3.000000 0.120000
v 2.296768 2.917122 0.120000
v 1.653044 2.681347 0.120000
v 1.088116 2.311965 0.120000
v 0.621275 1.828268 0.120000
v 0.271813 1.249546 0.120000
v 0.070462 0.649342 0.120000
v 0.000000 0.000000 0.120000
v 0.082878 -0.703232 0.120000
v 0.318653 -1.346956 0.120000
v 0.688034 -1.911884 0.120000
v 1.171732 -2.378725 0.120000
v 1.750454 -2.728187 0.120000
v 2.350658 -2.929538 0.120000
v 3.000000 -3.000000 0.120000
v 3.703232 -2.917122 0.120000
v 4.346956 -2.681347 0.120000
v 4.911884 -2.311965 0.120000
v 5.378725 -1.828268 0.120000
v 5.728187 -1.249546 0.120000
v 5.929538 -0.649342 0.120000
vn -0.000000 -0.000000 -1.000000
vn -0.000000 -0.000000 -1.000000
vn -0.000000 -0.000000 -1.000000
vn -0.000000 -0.000000 -1.000000
vn -0.000000 -0.000000 -1.000000
vn -0.000000 -0.000000 -1.000000
vn -0.000000 -0.000000 -1.000000
vn -0.000000 -0.000000 -1.000000
vn -0.000000 -0.000000 -1.000000
vn -0.000000 -0.000000 -1.000000
vn -0.000000 -0.000000 -1.000000
vn -0.000000 -0.000000 -1.000000
vn -0.000000 -0.000000 -1.000000
vn -0.000000 -0.000000 -1.000000
vn -0.000000 -0.000000 -1.000000
vn -0.000000 -0.000000 -1.000000
vn -0.000000 -0.000000 -1.000000
vn -0.000000 -0.000000 -1.000000
vn -0.000000 -0.000000 -1.000000
vn -0.000000 -0.000000 -1.000000
vn -0.000000 -0.000000 -1.000000
vn -0.000000 -0.000000 -1.000000
vn -0.000000 -0.000000 -1.000000
vn -0.000000 -0.000000 -1.000000
vn -0.000000 -0.000000 -1.000000
vn -0.000000 -0.000000 -1.000000
vn -0.000000 -0.000000 -1.000000
vn -0.000000 -0.000000 -1.000000
vt 3.000000 -0.000000
vt 2.917122 0.703232
vt 2.681347 1.346956
vt 2.311965 1.911884
vt 1.828268 2.378725
vt 1.249546 2.728187
vt 0.649342 2.929538
vt 0.000000 3.000000
vt -0.703232 2.917122
vt -1.346956 2.681347
vt -1.911884 2.311965
vt -2.378725 1.828268
vt -2.728187 1.249546
vt -2.929538 0.649342
vt -3.000000 0.000000
vt -2.917122 -0.703232
vt -2.681347 -1.346956
vt -2.311965 -1.911884
vt -1.828268 -2.378725
vt -1.249546 -2.728187
vt -0.649342 -2.929538
vt -0.000000 -3.000000
vt 0.703232 -2.917122
vt 1.346956 -2.681347
vt 1.911884 -2.311965
vt 2.378725 -1.828268
vt 2.728187 -1.249546
vt 2.929538 -0.649342
f 5422/5422/5422 5421/5421/5421 5420/5420/5420
f 5423/5423/5423 5420/5420/5420 5419/5419/5419
f 5423/5423/5423 5422/5422/5422 5420/5420/5420
f 5416/5416/5416 5418/5418/5418 5417/5417/5417
f 5416/5416/5416 5419/5419/5419 5418/5418/5418
f 5416/5416/5416 5423/5423/5423 5419/5419/5419
f 5425/5425/5425 5424/5424/5424 5423/5423/5423
f 5413/5413/5413 5415/5415/5415 5414/5414/5414
f 5413/5413/5413 5416/5416/5416 5415/5415/5415
f 5426/5426/5426 5425/5425/5425 5423/5423/5423
f 5412/5412/5412 5416/5416/5416 5413/5413/5413
f 5429/5429/5429 5428/5428/5428 5427/5427/5427
f 5402/5402/5402 5427/5427/5427 5426/5426/5426
f 5402/5402/5402 5426/5426/5426 5423/5423/5423
f 5402/5402/5402 5429/5429/5429 5427/5427/5427
f 5409/5409/5409 5411/5411/5411 5410/5410/5410
f 5409/5409/5409 5412/5412/5412 5411/5411/5411
f 5409/5409/5409 5423/5423/5423 5416/5416/5416
f 5409/5409/5409 5416/5416/5416 5412/5412/5412
f 5409/5409/5409 5402/5402/5402 5423/5423/5423
f 5404/5404/5404 5403/5403/5403 5402/5402/5402
f 5406/5406/5406 5408/5408/5408 5407/5407/5407
f 5406/5406/5406 5409/5409/5409 5408/5408/5408
f 5405/5405/5405 5402/5402/5402 5409/5409/5409
f 5405/5405/5405 5404/5404/5404 5402/5402/5402
f 5405/5405/5405 5409/5409/5409 5406/5406/5406
v 6.000000 0.000000 5.120000
v 5.917121 0.703232 5.120000
v 5.681347 1.346956 5.120000
v 5.311965 1.911884 5.120000
v 4.828269 2.378725 5.120000
v 4.249546 2.728187 5.120000
v 3.649342 2.929538 5.120000
v 3.000000 3.000000 5.120000
v 2.296768 2.917122 5.120000
v 1.653044 2.681347 5.120000
v 1.088116 2.311965 5.120000
v 0.621275 1.828268 5.120000
v 0.271813 1.249546 5.120000
v 0.070462 0.649342 5.120000
v 0.000000 0.000000 5.120000
v 0.082878 -0.703232 5.120000
v 0.318653 -1.346956 5.120000
v 0.688034 -1.911884 5.120000
v 1.171732 -2.378725 5.120000
v 1.750454 -2.728187 5.120000
v 2.350658 -2.929538 5.120000
v 3.000000 -3.000000 5.120000
v 3.703232 -2.917122 5.120000
v 4.346956 -2.681347 5.120000
v 4.911884 -2.311965 5.120000
v 5.378725 -1.828268 5.120000
v 5.728187 -1.249546 5.120000
v 5.929538 -0.649342 5.120000
vn 0.000000 0.000000 1.000000
vn 0.000000 0.000000 1.000000
vn 0.000000 0.000000 1.000000
vn 0.000000 0.000000 1.000000
vn 0.000000 0.000000 1.000000
vn 0.000000 0.000000 1.000000
vn 0.000000 0.000000 1.000000
vn 0.000000 0.000000 1.000000
vn 0.000000 0.000000 1.000000
vn 0.000000 0.000000 1.000000
vn 0.000000 0.000000 1.000000
vn 0.000000 0.000000 1.000000
vn 0.000000 0.000000 1.000000
vn 0.000000 0.000000 1.000000
vn 0.000000 0.000000 1.000000
vn 0.000000 0.000000 1.000000
vn 0.000000 0.000000 1.000000
vn 0.000000 0.000000 1.000000
vn 0.000000 0.000000 1.000000
vn 0.000000 0.000000 1.000000
vn 0.000000 0.000000 1.000000
vn 0.000000 0.000000 1.000000
vn 0.000000 0.000000 1.000000
vn 0.000000 0.000000 1.000000
vn 0.000000 0.000000 1.000000
vn 0.000000 0.000000 1.000000
vn 0.000000 0.000000 1.000000
vn 0.000000 0.000000 1.000000
vt 3.000000 -0.000000
vt 2.917122 0.703232
vt 2.681347 1.346956
vt 2.311965 1.911884
vt 1.828268 2.378725
vt 1.249546 2.728187
vt 0.649342 2.929538
vt 0.000000 3.000000
vt -0.703232 2.917122
vt -1.346956 2.681347
vt -1.911884 2.311965
vt -2.378725 1.828268
vt -2.728187 1.249546
vt -2.929538 0.649342
vt -3.000000 0.000000
vt -2.917122 -0.703232
vt -2.681347 -1.346956
vt -2.311965 -1.911884
vt -1.828268 -2.378725
vt -1.249546 -2.728187
vt -0.649342 -2.929538
vt -0.000000 -3.000000
vt 0.703232 -2.917122
vt 1.346956 -2.681347
vt 1.911884 -2.311965
vt 2.378725 -1.828268
vt 2.728187 -1.249546
vt 2.929538 -0.649342
f 5450/5450/5450 5448/5448/5448 5449/5449/5449
f 5451/5451/5451 5447/5447/5447 5448/5448/5448
f 5451/5451/5451 5448/5448/5448 5450/5450/5450
f 5444/5444/5444 5445/5445/5445 5446/5446/5446
f 5444/5444/5444 5446/5446/5446 5447/5447/5447
f 5444/5444/5444 5447/5447/5447 5451/5451/5451
f 5453/5453/5453 5451/5451/5451 5452/5452/5452
f 5441/5441/5441 5442/5442/5442 5443/5443/5443
f 5441/5441/5441 5443/5443/5443 5444/5444/5444
f 5454/5454/5454 5451/5451/5451 5453/5453/5453
f 5440/5440/5440 5441/5441/5441 5444/5444/5444
f 5457/5457/5457 5455/5455/5455 5456/5456/5456
f 5430/5430/5430 5454/5454/5454 5455/5455/5455
f 5430/5430/5430 5451/5451/5451 5454/5454/5454
f 5430/5430/5430 5455/5455/5455 5457/5457/5457
f 5437/5437/5437 5438/5438/5438 5439/5439/5439
f 5437/5437/5437 5439/5439/5439 5440/5440/5440
f 5437/5437/5437 5444/5444/5444 5451/5451/5451
f 5437/5437/5437 5440/5440/5440 5444/5444/5444
f 5437/5437/5437 5451/5451/5451 5430/5430/5430
f 5432/5432/5432 5430/5430/5430 5431/5431/5431
f 5434/5434/5434 5435/5435/5435 5436/5436/5436
f 5434/5434/5434 5436/5436/5436 5437/5437/5437
f 5433/5433/5433 5437/5437/5437 5430/5430/5430
f 5433/5433/5433 5430/5430/5430 5432/5432/5432
f 5433/5433/5433 5434/5434/5434 5437/5437/5437
g colour13
usemtl colour13
v 5.000000 0.000000 0.130000
v 5.000000 0.000000 5.130000
v 4.951743 0.438667 5.130000
v 4.813942 0.843521 5.130000
v 4.597054 1.204106 5.130000
v 4.311536 1.509965 5.130000
v 3.967843 1.750642 5.130000
v 3.576433 1.915681 5.130000
v 3.294916 1.978408 5.130000
v 3.000000 2.000000 5.130000
v 3.000000 2.000000 0.130000
v 4.951743 0.438667 0.130000
v 4.813942 0.843521 0.130000
v 4.597054 1.204106 0.130000
v 4.311536 1.509965 0.130000
v 3.967843 1.750642 0.130000
v 3.576433 1.915681 0.130000
v 3.294916 1.978408 0.130000
v 4.726942 1.009438 3.463333
v 4.009439 1.726941 3.463333
v 4.726942 1.009438 1.796667
v 4.009439 1.726941 1.796667
vn 1.000000 -0.000000 -0.000000
vn 1.000000 -0.000000 -0.000000
vn 0.975864 0.218379 -0.000000
vn 0.906480 0.422249 -0.000000
vn 0.798026 0.602623 -0.000000
vn 0.656078 0.754693 -0.000000
vn 0.484624 0.874723 -0.000000
vn 0.287772 0.957699 -0.000000
vn 0.146204 0.989254 -0.000000
vn -0.000000 1.000000 -0.000000
vn -0.000000 1.000000 -0.000000
vn 0.975864 0.218379 -0.000000
vn 0.906480 0.422249 -0.000000
vn 0.798026 0.602623 -0.000000
vn 0.656078 0.754693 -0.000000
vn 0.484624 0.874723 -0.000000
vn 0.287772 0.957699 -0.000000
vn 0.146204 0.989254 -0.000000
vn 0.862856 0.505449 -0.000000
vn 0.505449 0.862856 -0.000000
vn 0.862856 0.505449 -0.000000
vn 0.505449 0.862856 -0.000000
vt 0.000000 0.000000
vt 0.000000 -5.000000
vt 0.136430 -5.000000
vt 0.272859 -5.000000
vt 0.409289 -5.000000
vt 0.545718 -5.000000
vt 0.682148 -5.000000
vt 0.818577 -5.000000
vt 0.909289 -5.000000
vt 1.000000 -5.000000
vt 1.000000 0.000000
vt 0.136430 0.000000
vt 0.272859 0.000000
vt 0.409289 0.000000
vt 0.545718 0.000000
vt 0.682148 0.000000
vt 0.818577 0.000000
vt 0.909289 0.000000
vt 0.333333 -3.333333
vt 0.666667 -3.333333
vt 0.333333 -1.666667
vt 0.666667 -1.666667
f 5476/5476/5476 5460/5460/5460 5459/5459/5459
f 5476/5476/5476 5461/5461/5461 5460/5460/5460
f 5476/5476/5476 5462/5462/5462 5461/5461/5461
f 5476/5476/5476 5463/5463/5463 5462/5462/5462
f 5477/5477/5477 5464/5464/5464 5463/5463/5463
f 5477/5477/5477 5465/5465/5465 5464/5464/5464
f 5477/5477/5477 5466/5466/5466 5465/5465/5465
f 5477/5477/5477 5467/5467/5467 5466/5466/5466
f 5477/5477/5477 5463/5463/5463 5476/5476/5476
f 5478/5478/5478 5459/5459/5459 5458/5458/5458
f 5478/5478/5478 5458/5458/5458 5469/5469/5469
f 5478/5478/5478 5469/5469/5469 5470/5470/5470
f 5478/5478/5478 5470/5470/5470 5471/5471/5471
f 5478/5478/5478 5471/5471/5471 5472/5472/5472
f 5478/5478/5478 5476/5476/5476 5459/5459/5459
f 5479/5479/5479 5468/5468/5468 5467/5467/5467
f 5479/5479/5479 5472/5472/5472 5473/5473/5473
f 5479/5479/5479 5473/5473/5473 5474/5474/5474
f 5479/5479/5479 5474/5474/5474 5475/5475/5475
f 5479/5479/5479 5475/5475/5475 5468/5468/5468
f 5479/5479/5479 5477/5477/5477 5476/5476/5476
f 5479/5479/5479 5476/5476/5476 5478/5478/5478
f 5479/5479/5479 5467/5467/5467 5477/5477/5477
f 5479/5479/5479 5478/5478/5478 5472/5472/5472
v 3.000000 2.000000 0.130000
v 3.000000 2.000000 5.130000
v 2.561333 1.951743 5.130000
v 2.156479 1.813942 5.130000
v 1.795894 1.597054 5.130000
v 1.490035 1.311536 5.130000
v 1.249358 0.967843 5.130000
v 1.084319 0.576433 5.130000
v 1.021592 0.294916 5.130000
v 1.000000 0.000000 5.130000
v 1.000000 0.000000 0.130000
v 2.561333 1.951743 0.130000
v 2.156479 1.813942 0.130000
v 1.795894 1.597054 0.130000
v 1.490035 1.311536 0.130000
v 1.249358 0.967843 0.130000
v 1.084319 0.576433 0.130000
v 1.021592 0.294916 0.130000
v 1.990562 1.726941 3.463333
v 1.273059 1.009438 3.463333
v 1.990562 1.726941 1.796667
v 1.273059 1.009438 1.796667
vn -0.000000 1.000000 -0.000000
vn -0.000000 1.000000 -0.000000
vn -0.218379 0.975864 -0.000000
vn -0.422249 0.906480 -0.000000
vn -0.602623 0.798026 -0.000000
vn -0.754693 0.656078 -0.000000
vn -0.874723 0.484624 -0.000000
vn -0.957699 0.287772 -0.000000
vn -0.989254 0.146204 -0.000000
vn -1.000000 -0.000000 0.000000
vn -1.000000 -0.000000 0.000000
vn -0.218379 0.975864 -0.000000
vn -0.422249 0.906480 -0.000000
vn -0.602623 0.798026 -0.000000
vn -0.754693 0.656078 -0.000000
vn -0.874723 0.484624 -0.000000
vn -0.957699 0.287772 -0.000000
vn -0.989254 0.146204 -0.000000
vn -0.505449 0.862856 -0.000000
vn -0.862856 0.505449 -0.000000
vn -0.505449 0.862856 -0.000000
vn -0.862856 0.505449 -0.000000
vt 0.000000 0.000000
vt 0.000000 -5.000000
vt 0.136430 -5.000000
vt 0.272859 -5.000000
vt 0.409289 -5.000000
vt 0.545718 -5.000000
vt 0.682148 -5.000000
vt 0.818577 -5.000000
vt 0.909289 -5.000000
vt 1.000000 -5.000000
vt 1.000000 0.000000
vt 0.136430 0.000000
vt 0.272859 0.000000
vt 0.409289 0.000000
vt 0.545718 0.000000
vt 0.682148 0.000000
vt 0.818577 0.000000
vt 0.909289 0.000000
vt 0.333333 -3.333333
vt 0.666667 -3.333333
vt 0.333333 -1.666667
vt 0.666667 -1.666667
f 5498/5498/5498 5482/5482/5482 5481/5481/5481
f 5498/5498/5498 5483/5483/5483 5482/5482/5482
f 5498/5498/5498 5484/5484/5484 5483/5483/5483
f 5498/5498/5498 5485/5485/5485 5484/5484/5484
f 5499/5499/5499 5486/5486/5486 5485/5485/5485
f 5499/5499/5499 5487/5487/5487 5486/5486/5486
f 5499/5499/5499 5488/5488/5488 5487/5487/5487
f 5499/5499/5499 5489/5489/5489 5488/5488/5488
f 5499/5499/5499 5485/5485/5485 5498/5498/5498
f 5500/5500/5500 5481/5481/5481 5480/5480/5480
f 5500/5500/5500 5480/5480/5480 5491/5491/5491
f 5500/5500/5500 5491/5491/5491 5492/5492/5492
f 5500/5500/5500 5492/5492/5492 5493/5493/5493
f 5500/5500/5500 5493/5493/5493 5494/5494/5494
f 5500/5500/5500 5498/5498/5498 5481/5481/5481
f 5501/5501/5501 5490/5490/5490 5489/5489/5489
f 5501/5501/5501 5494/5494/5494 5495/5495/5495
f 5501/5501/5501 5495/5495/5495 5496/5496/5496
f 5501/5501/5501 5496/5496/5496 5497/5497/5497
f 5501/5501/5501 5497/5497/5497 5490/5490/5490
f 5501/5501/5501 5499/5499/5499 5498/5498/5498
f 5501/5501/5501 5498/5498/5498 5500/5500/5500
f 5501/5501/5501 5489/5489/5489 5499/5499/5499
f 5501/5501/5501 5500/5500/5500 5494/5494/5494
v 1.000000 0.000000 0.130000
v 1.000000 0.000000 5.130000
v 1.048257 -0.438667 5.130000
v 1.186058 -0.843521 5.130000
v 1.402946 -1.204106 5.130000
v 1.688464 -1.509965 5.130000
v 2.032157 -1.750642 5.130000
v 2.423567 -1.915681 5.130000
v 2.705084 -1.978408 5.130000
v 3.000000 -2.000000 5.130000
v 3.000000 -2.000000 0.130000
v 1.048257 -0.438667 0.130000
v 1.186058 -0.843521 0.130000
v 1.402946 -1.204106 0.130000
v 1.688464 -1.509965 0.130000
v 2.032157 -1.750642 0.130000
v 2.423567 -1.915681 0.130000
v 2.705084 -1.978408 0.130000
v 1.273059 -1.009438 3.463333
v 1.990562 -1.726941 3.463333
v 1.273059 -1.009438 1.796667
v 1.990562 -1.726941 1.796667
vn -1.000000 0.000000 -0.000000
vn -1.000000 0.000000 -0.000000
vn -0.975864 -0.218379 0.000000
vn -0.906480 -0.422249 0.000000
vn -0.798026 -0.602623 0.000000
vn -0.656078 -0.754693 0.000000
vn -0.484624 -0.874723 0.000000
vn -0.287772 -0.957699 0.000000
vn -0.146204 -0.989254 0.000000
vn -0.000000 -1.000000 -0.000000
vn -0.000000 -1.000000 -0.000000
vn -0.975864 -0.218379 0.000000
vn -0.906480 -0.422249 0.000000
vn -0.798026 -0.602623 0.000000
vn -0.656078 -0.754693 0.000000
vn -0.484624 -0.874723 0.000000
vn -0.287772 -0.957699 0.000000
vn -0.146204 -0.989254 0.000000
vn -0.862856 -0.505449 0.000000
vn -0.505449 -0.862856 0.000000
vn -0.862856 -0.505449 0.000000
vn -0.505449 -0.862856 0.000000
vt 0.000000 0.000000
vt 0.000000 -5.000000
vt 0.136430 -5.000000
vt 0.272859 -5.000000
vt 0.409289 -5.000000
vt 0.545718 -5.000000
vt 0.682148 -5.000000
vt 0.818577 -5.000000
vt 0.909289 -5.000000
vt 1.000000 -5.000000
vt 1.000000 0.000000
vt 0.136430 0.000000
vt 0.272859 0.000000
vt 0.409289 0.000000
vt 0.545718 0.000000
vt 0.682148 0.000000
vt 0.818577 0.000000
vt 0.909289 0.000000
vt 0.333333 -3.333333
vt 0.666667 -3.333333
vt 0.333333 -1.666667
vt 0.666667 -1.666667
f 5520/5520/5520 5504/5504/5504 5503/5503/5503
f 5520/5520/5520 5505/5505/5505 5504/5504/5504
f 5520/5520/5520 5506/5506/5506 5505/5505/5505
f 5520/5520/5520 5507/5507/5507 5506/5506/5506
f 5521/5521/5521 5508/5508/5508 5507/5507/5507
f 5521/5521/5521 5509/5509/5509 5508/5508/5508
f 5521/5521/5521 5510/5510/5510 5509/5509/5509
f 5521/5521/5521 5511/5511/5511 5510/5510/5510
f 5521/5521/5521 5507/5507/5507 5520/5520/5520
f 5522/5522/5522 5503/5503/5503 5502/5502/5502
f 5522/5522/5522 5502/5502/5502 5513/5513/5513
f 5522/5522/5522 5513/5513/5513 5514/5514/5514
f 5522/5522/5522 5514/5514/5514 5515/5515/5515
f 5522/5522/5522 5515/5515/5515 5516/5516/5516
f 5522/5522/5522 5520/5520/5520 5503/5503/5503
f 5523/5523/5523 5512/5512/5512 5511/5511/5511
f 5523/5523/5523 5516/5516/5516 5517/5517/5517
f 5523/5523/5523 5517/5517/5517 5518/5518/5518
f 5523/5523/5523 5518/5518/5518 5519/5519/5519
f 5523/5523/5523 5519/5519/5519 5512/5512/5512
f 5523/5523/5523 5521/5521/5521 5520/5520/5520
f 5523/5523/5523 5520/5520/5520 5522/5522/5522
f 5523/5523/5523 5511/5511/5511 5521/5521/5521
f 5523/5523/5523 5522/5522/5522 5516/5516/5516
v 3.000000 -2.000000 0.130000
v 3.000000 -2.000000 5.130000
v 3.438667 -1.951743 5.130000
v 3.843521 -1.813942 5.130000
v 4.204106 -1.597054 5.130000
v 4.509965 -1.311536 5.130000
v 4.750642 -0.967843 5.130000
v 4.915681 -0.576433 5.130000
v 4.978408 -0.294916 5.130000
v 5.000000 0.000000 5.130000
v 5.000000 0.000000 0.130000
v 3.438667 -1.951743 0.130000
v 3.843521 -1.813942 0.130000
v 4.204106 -1.597054 0.130000
v 4.509965 -1.311536 0.130000
v 4.750642 -0.967843 0.130000
v 4.915681 -0.576433 0.130000
v 4.978408 -0.294916 0.130000
v 4.009439 -1.726941 3.463333
v 4.726942 -1.009438 3.463333
v 4.009439 -1.726941 1.796667
v 4.726942 -1.009438 1.796667
vn -0.000000 -1.000000 0.000000
vn -0.000000 -1.000000 0.000000
vn 0.218379 -0.975864 -0.000000
vn 0.422249 -0.906480 -0.000000
vn 0.602623 -0.798026 -0.000000
vn 0.754693 -0.656078 -0.000000
vn 0.874723 -0.484624 -0.000000
vn 0.957699 -0.287772 -0.000000
vn 0.989254 -0.146204 -0.000000
vn 1.000000 -0.000000 -0.000000
vn 1.000000 -0.000000 -0.000000
vn 0.218379 -0.975864 -0.000000
vn 0.422249 -0.906480 -0.000000
vn 0.602623 -0.798026 -0.000000
vn 0.754693 -0.656078 -0.000000
vn 0.874723 -0.484624 -0.000000
vn 0.957699 -0.287772 -0.000000
vn 0.989254 -0.146204 -0.000000
vn 0.505449 -0.862856 -0.000000
vn 0.862856 -0.505449 -0.000000
vn 0.505449 -0.862856 -0.000000
vn 0.862856 -0.505449 -0.000000
vt 0.000000 0.000000
vt 0.000000 -5.000000
vt 0.136430 -5.000000
vt 0.272859 -5.000000
vt 0.409289 -5.000000
vt 0.545718 -5.000000
vt 0.682148 -5.000000
vt 0.818577 -5.000000
vt 0.909289 -5.000000
vt 1.000000 -5.000000
vt 1.000000 0.000000
vt 0.136430 0.000000
vt 0.272859 0.000000
vt 0.409289 0.000000
vt 0.545718 0.000000
vt 0.682148 0.000000
vt 0.818577 0.000000
vt 0.909289 0.000000
vt 0.333333 -3.333333
vt 0.666667 -3.333333
vt 0.333333 -1.666667
vt 0.666667 -1.666667
f 5542/5542/5542 5526/5526/5526 5525/5525/5525
f 5542/5542/5542 5527/5527/5527 5526/5526/5526
f 5542/5542/5542 5528/5528/5528 5527/5527/5527
f 5542/5542/5542 5529/5529/5529 5528/5528/5528
f 5543/5543/5543 5530/5530/5530 5529/5529/5529
f 5543/5543/5543 5531/5531/5531 5530/5530/5530
f 5543/5543/5543 5532/5532/5532 5531/5531/5531
f 5543/5543/5543 5533/5533/5533 5532/5532/5532
f 5543/5543/5543 5529/5529/5529 5542/5542/5542
f 5544/5544/5544 5525/5525/5525 5524/5524/5524
f 5544/5544/5544 5524/5524/5524 5535/5535/5535
f 5544/5544/5544 5535/5535/5535 5536/5536/5536
f 5544/5544/5544 5536/5536/5536 5537/5537/5537
f 5544/5544/5544 5537/5537/5537 5538/5538/5538
f 5544/5544/5544 5542/5542/5542 5525/5525/5525
f 5545/5545/5545 5534/5534/5534 5533/5533/5533
f 5545/5545/5545 5538/5538/5538 5539/5539/5539
f 5545/5545/5545 5539/5539/5539 5540/5540/5540
f 5545/5545/5545 5540/5540/5540 5541/5541/5541
f 5545/5545/5545 5541/5541/5541 5534/5534/5534
f 5545/5545/5545 5543/5543/5543 5542/5542/5542
f 5545/5545/5545 5542/5542/5542 5544/5544/5544
f 5545/5545/5545 5533/5533/5533 5543/5543/5543
f 5545/5545/5545 5544/5544/5544 5538/5538/5538
v 5.000000 0.000000 0.130000
v 4.951743 0.438667 0.130000
v 4.813942 0.843521 0.130000
v 4.597054 1.204106 0.130000
v 4.311536 1.509965 0.130000
v 3.967843 1.750642 0.130000
v 3.576433 1.915681 0.130000
v 3.294916 1.978408 0.130000
v 3.000000 2.000000 0.130000
v 2.561333 1.951743 0.130000
v 2.156479 1.813942 0.130000
v 1.795894 1.597054 0.130000
v 1.490035 1.311536 0.130000
v 1.249358 0.967843 0.130000
v 1.084319 0.576433 0.130000
v 1.021592 0.294916 0.130000
v 1.000000 0.000000 0.130000
v 1.048257 -0.438667 0.130000
v 1.186058 -0.843521 0.130000
v 1.402946 -1.204106 0.130000
v 1.688464 -1.509965 0.130000
v 2.032157 -1.750642 0.130000
v 2.423567 -1.915681 0.130000
v 2.705084 -1.978408 0.130000
v 3.000000 -2.000000 0.130000
v 3.438667 -1.951743 0.130000
v 3.843521 -1.813942 0.130000
v 4.204106 -1.597054 0.130000
v 4.509965 -1.311536 0.130000
v 4.750642 -0.967843 0.130000
v 4.915681 -0.576433 0.130000
v 4.978408 -0.294916 0.130000
vn -0.000000 -0.000000 -1.000000
vn -0.000000 -0.000000 -1.000000
vn -0.000000 -0.000000 -1.000000
vn -0.000000 -0.000000 -1.000000
vn -0.000000 -0.000000 -1.000000
vn -0.000000 -0.000000 -1.000000
vn -0.000000 -0.000000 -1.000000
vn -0.000000 -0.000000 -1.000000
vn -0.000000 -0.000000 -1.000000
vn -0.000000 -0.000000 -1.000000
vn -0.000000 -0.000000 -1.000000
vn -0.000000 -0.000000 -1.000000
vn -0.000000 -0.000000 -1.000000
vn -0.000000 -0.000000 -1.000000
vn -0.000000 -0.000000 -1.000000
vn -0.000000 -0.000000 -1.000000
vn -0.000000 -0.000000 -1.000000
vn -0.000000 -0.000000 -1.000000
vn -0.000000 -0.000000 -1.000000
vn -0.000000 -0.000000 -1.000000
vn -0.000000 -0.000000 -1.000000
vn -0.000000 -0.000000 -1.000000
vn -0.000000 -0.000000 -1.000000
vn -0.000000 -0.000000 -1.000000
vn -0.000000 -0.000000 -1.000000
vn -0.000000 -0.000000 -1.000000
vn -0.000000 -0.000000 -1.000000
vn -0.000000 -0.000000 -1.000000
vn -0.000000 -0.000000 -1.000000
vn -0.000000 -0.000000 -1.000000
vn -0.000000 -0.000000 -1.000000
vn -0.000000 -0.000000 -1.000000
vt 2.000000 0.000000
vt 1.951743 0.438667
vt 1.813942 0.843521
vt 1.597054 1.204106
vt 1.311536 1.509965
vt 0.967843 1.750642
vt 0.576433 1.915681
vt 0.294916 1.978408
vt -0.000000 2.000000
vt -0.438667 1.951743
vt -0.843521 1.813942
vt -1.204106 1.597054
vt -1.509965 1.311536
vt -1.750642 0.967843
vt -1.915681 0.576433
vt -1.978408 0.294916
vt -2.000000 0.000000
vt -1.951743 -0.438667
vt -1.813942 -0.843521
vt -1.597054 -1.204106
vt -1.311536 -1.509965
vt -0.967843 -1.750642
vt -0.576433 -1.915681
vt -0.294916 -1.978408
vt -0.000000 -2.000000
vt 0.438667 -1.951743
vt 0.843521 -1.813942
vt 1.204106 -1.597054
vt 1.509965 -1.311536
vt 1.750642 -0.967843
vt 1.915681 -0.576433
vt 1.978408 -0.294916
f 5563/5563/5563 5565/5565/5565 5564/5564/5564
f 5569/5569/5569 5567/5567/5567 5566/5566/5566
f 5569/5569/5569 5568/5568/5568 5567/5567/5567
f 5570/5570/5570 5569/5569/5569 5566/5566/5566
f 5562/5562/5562 5566/5566/5566 5565/5565/5565
f 5562/5562/5562 5565/5565/5565 5563/5563/5563
f 5562/5562/5562 5570/5570/5570 5566/5566/5566
f 5559/5559/5559 5561/5561/5561 5560/5560/5560
f 5573/5573/5573 5571/5571/5571 5570/5570/5570
f 5573/5573/5573 5572/5572/5572 5571/5571/5571
f 5558/5558/5558 5562/5562/5562 5561/5561/5561
f 5558/5558/5558 5561/5561/5561 5559/5559/5559
f 5574/5574/5574 5573/5573/5573 5570/5570/5570
f 5555/5555/5555 5557/5557/5557 5556/5556/5556
f 5577/5577/5577 5575/5575/5575 5574/5574/5574
f 5577/5577/5577 5576/5576/5576 5575/5575/5575
f 5554/5554/5554 5558/5558/5558 5557/5557/5557
f 5554/5554/5554 5570/5570/5570 5562/5562/5562
f 5554/5554/5554 5562/5562/5562 5558/5558/5558
f 5554/5554/5554 5557/5557/5557 5555/5555/5555
f 5546/5546/5546 5574/5574/5574 5570/5570/5570
f 5546/5546/5546 5570/5570/5570 5554/5554/5554
f 5546/5546/5546 5577/5577/5577 5574/5574/5574
f 5551/5551/5551 5553/5553/5553 5552/5552/5552
f 5549/5549/5549 5547/5547/5547 5546/5546/5546
f 5549/5549/5549 5548/5548/5548 5547/5547/5547
f 5550/5550/5550 5554/5554/5554 5553/5553/5553
f 5550/5550/5550 5546/5546/5546 5554/5554/5554
f 5550/5550/5550 5553/5553/5553 5551/5551/5551
f 5550/5550/5550 5549/5549/5549 5546/5546/5546
v 5.000000 0.000000 5.130000
v 4.951743 0.438667 5.130000
v 4.813942 0.843521 5.130000
v 4.597054 1.204106 5.130000
v 4.311536 1.509965 5.130000
v 3.967843 1.750642 5.130000
v 3.576433 1.915681 5.130000
v 3.294916 1.978408 5.130000
v 3.000000 2.000000 5.130000
v 2.561333 1.951743 5.130000
v 2.156479 1.813942 5.130000
v 1.795894 1.597054 5.130000
v 1.490035 1.311536 5.130000
v 1.249358 0.967843 5.130000
v 1.084319 0.576433 5.130000
v 1.021592 0.294916 5.130000
v 1.000000 0.000000 5.130000
v 1.048257 -0.438667 5.130000
v 1.186058 -0.843521 5.130000
v 1.402946 -1.204106 5.130000
v 1.688464 -1.509965 5.130000
v 2.032157 -1.750642 5.130000
v 2.423567 -1.915681 5.130000
v 2.705084 -1.978408 5.130000
v 3.000000 -2.000000 5.130000
v 3.438667 -1.951743 5.130000
v 3.843521 -1.813942 5.130000
v 4.204106 -1.597054 5.130000
v 4.509965 -1.311536 5.130000
v 4.750642 -0.967843 5.130000
v 4.915681 -0.576433 5.130000
v 4.978408 -0.294916 5.130000
vn 0.000000 0.000000 1.000000
vn 0.000000 0.000000 1.000000
vn 0.000000 0.000000 1.000000
vn 0.000000 0.000000 1.000000
vn 0.000000 0.000000 1.000000
vn 0.000000 0.000000 1.000000
vn 0.000000 0.000000 1.000000
vn 0.000000 0.000000 1.000000
vn 0.000000 0.000000 1.000000
vn 0.000000 0.000000 1.000000
vn 0.000000 0.000000 1.000000
vn 0.000000 0.000000 1.000000
vn 0.000000 0.000000 1.000000
vn 0.000000 0.000000 1.000000
vn 0.000000 0.000000 1.000000
vn 0.000000 0.000000 1.000000
vn 0.000000 0.000000 1.000000
vn 0.000000 0.000000 1.000000
vn 0.000000 0.000000 1.000000
vn 0.000000 0.000000 1.000000
vn 0.000000 0.000000 1.000000
vn 0.000000 0.000000 1.000000
vn 0.000000 0.000000 1.000000
vn 0.000000 0.000000 1.000000
vn 0.000000 0.000000 1.000000
vn 0.000000 0.000000 1.000000
vn 0.000000 0.000000 1.000000
vn 0.000000 0.000000 1.000000
vn 0.000000 0.000000 1.000000
vn 0.000000 0.000000 1.000000
vn 0.000000 0.000000 1.000000
vn 0.000000 0.000000 1.000000
vt 2.000000 0.000000
vt 1.951743 0.438667
vt 1.813942 0.843521
vt 1.597054 1.204106
vt 1.311536 1.509965
vt 0.967843 1.750642
vt 0.576433 1.915681
vt 0.294916 1.978408
vt -0.000000 2.000000
vt -0.438667 1.951743
vt -0.843521 1.813942
vt -1.204106 1.597054
vt -1.509965 1.311536
vt -1.750642 0.967843
vt -1.915681 0.576433
vt -1.978408 0.294916
vt -2.000000 0.000000
vt -1.951743 -0.438667
vt -1.813942 -0.843521
vt -1.597054 -1.204106
vt -1.311536 -1.509965
vt -0.967843 -1.750642
vt -0.576433 -1.915681
vt -0.294916 -1.978408
vt -0.000000 -2.000000
vt 0.438667 -1.951743
vt 0.843521 -1.813942
vt 1.204106 -1.597054
vt 1.509965 -1.311536
vt 1.750642 -0.967843
vt 1.915681 -0.576433
vt 1.978408 -0.294916
f 5595/5595/5595 5596/5596/5596 5597/5597/5597
f 5601/5601/5601 5598/5598/5598 5599/5599/5599
f 5601/5601/5601 5599/5599/5599 5600/5600/5600
f 5602/5602/5602 5598/5598/5598 5601/5601/5601
f 5594/5594/5594 5597/5597/5597 5598/5598/5598
f 5594/5594/5594 5595/5595/5595 5597/5597/5597
f 5594/5594/5594 5598/5598/5598 5602/5602/5602
f 5591/5591/5591 5592/5592/5592 5593/5593/5593
f 5605/5605/5605 5602/5602/5602 5603/5603/5603
f 5605/5605/5605 5603/5603/5603 5604/5604/5604
f 5590/5590/5590 5593/5593/5593 5594/5594/5594
f 5590/5590/5590 5591/5591/5591 5593/5593/5593
f 5606/5606/5606 5602/5602/5602 5605/5605/5605
f 5587/5587/5587 5588/5588/5588 5589/5589/5589
f 5609/5609/5609 5606/5606/5606 5607/5607/5607
f 5609/5609/5609 5607/5607/5607 5608/5608/5608
f 5586/5586/5586 5589/5589/5589 5590/5590/5590
f 5586/5586/5586 5594/5594/5594 5602/5602/5602
f 5586/5586/5586 5590/5590/5590 5594/5594/5594
f 5586/5586/5586 5587/5587/5587 5589/5589/5589
f 5578/5578/5578 5602/5602/5602 5606/5606/5606
f 5578/5578/5578 5586/5586/5586 5602/5602/5602
f 5578/5578/5578 5606/5606/5606 5609/5609/5609
f 5583/5583/5583 5584/5584/5584 5585/5585/5585
f 5581/5581/5581 5578/5578/5578 5579/5579/5579
f 5581/5581/5581 5579/5579/5579 5580/5580/5580
f 5582/5582/5582 5585/5585/5585 5586/5586/5586
f 5582/5582/5582 5586/5586/5586 5578/5578/5578
f 5582/5582/5582 5583/5583/5583 5585/5585/5585
f 5582/5582/5582 5578/5578/5578 5581/5581/5581
g colour14
usemtl colour14
v -10.060660 1.060660 0.140000
v -10.060660 1.060660 5.140000
v -7.939340 -1.060660 5.140000
v -7.939340 -1.060660 0.140000
vn -0.707107 -0.707107 -0.000000
vn -0.707107 -0.707107 -0.000000
vn -0.707107 -0.707107 -0.000000
vn -0.707107 -0.707107 -0.000000
vt 0.000000 0.000000
vt 0.000000 -5.000000
vt 3.000000 -5.000000
vt 3.000000 0.000000
f 5613/5613/5613 5611/5611/5611 5610/5610/5610
f 5613/5613/5613 5612/5612/5612 5611/5611/5611
v -7.939340 -1.060660 0.140000
v -7.939340 -1.060660 5.140000
v -1.939340 4.939340 5.140000
v -1.939340 4.939340 0.140000
vn 0.707107 -0.707107 -0.000000
vn 0.707107 -0.707107 -0.000000
vn 0.707107 -0.707107 -0.000000
vn 0.707107 -0.707107 -0.000000
vt 0.000000 0.000000
vt 0.000000 -5.000000
vt 8.485281 -5.000000
vt 8.485281 0.000000
f 5617/5617/5617 5615/5615/5615 5614/5614/5614
f 5617/5617/5617 5616/5616/5616 5615/5615/5615
v -1.939340 4.939340 0.140000
v -1.939340 4.939340 5.140000
v -4.060660 7.060660 5.140000
v -4.060660 7.060660 0.140000
vn 0.707107 0.707107 -0.000000
vn 0.707107 0.707107 -0.000000
vn 0.707107 0.707107 -0.000000
vn 0.707107 0.707107 -0.000000
vt 0.000000 0.000000
vt 0.000000 -5.000000
vt 3.000000 -5.000000
vt 3.000000 0.000000
f 5621/5621/5621 5619/5619/5619 5618/5618/5618
f 5621/5621/5621 5620/5620/5620 5619/5619/5619
v -4.060660 7.060660 0.140000
v -4.060660 7.060660 5.140000
v -10.060660 1.060660 5.140000
v -10.060660 1.060660 0.140000
vn -0.707107 0.707107 -0.000000
vn -0.707107 0.707107 -0.000000
vn -0.707107 0.707107 -0.000000
vn -0.707107 0.707107 -0.000000
vt 0.000000 0.000000
vt 0.000000 -5.000000
vt 8.485281 -5.000000
vt 8.485281 0.000000
f 5625/5625/5625 5623/5623/5623 5622/5622/5622
f 5625/5625/5625 5624/5624/5624 5623/5623/5623
v -10.060660 1.060660 0.140000
v -7.939340 -1.060660 0.140000
v -1.939340 4.939340 0.140000
v -4.060660 7.060660 0.140000
vn -0.000000 -0.000000 -1.000000
vn -0.000000 -0.000000 -1.000000
vn -0.000000 -0.000000 -1.000000
vn -0.000000 -0.000000 -1.000000
vt -4.060660 -1.939340
vt -1.939340 -4.060660
vt 4.060660 1.939340
vt 1.939340 4.060660
f 5629/5629/5629 5627/5627/5627 5626/5626/5626
f 5628/5628/5628 5627/5627/5627 5629/5629/5629
v -10.060660 1.060660 5.140000
v -7.939340 -1.060660 5.140000
v -1.939340 4.939340 5.140000
v -4.060660 7.060660 5.140000
vn 0.000000 0.000000 1.000000
vn 0.000000 0.000000 1.000000
vn 0.000000 0.000000 1.000000
vn 0.000000 0.000000 1.000000
vt -4.060660 -1.939340
vt -1.939340 -4.060660
vt 4.060660 1.939340
vt 1.939340 4.060660
f 5633/5633/5633 5630/5630/5630 5631/5631/5631
f 5632/5632/5632 5633/5633/5633 5631/5631/5631
g colour15
usemtl colour15
v -0.000000 6.000000 0.150000
v -0.000000 6.000000 5.150000
v -0.082878 6.703232 5.150000
v -0.318653 7.346956 5.150000
v -0.688034 7.911884 5.150000
v -1.171732 8.378725 5.150000
v -1.750454 8.728188 5.150000
v -2.350658 8.929538 5.150000
v -3.000000 9.000000 5.150000
v -3.000000 9.000000 0.150000
v -0.082878 6.703232 0.150000
v -0.318653 7.346956 0.150000
v -0.688034 7.911884 0.150000
v -1.171732 8.378725 0.150000
v -1.750454 8.728188 0.150000
v -2.350658 8.929538 0.150000
v -0.409588 7.514157 3.483333
v -1.485843 8.590412 3.483333
v -0.409588 7.514157 1.816667
v -1.485843 8.590412 1.816667
v -0.107163 6.797519 4.316667
v -0.107163 6.797519 3.483333
v -2.202481 8.892838 4.316667
v -0.107163 6.797519 0.983333
v -2.202481 8.892838 3.483333
v -2.202481 8.892838 0.983333
vn 1.000000 -0.000000 -0.000000
vn 1.000000 -0.000000 -0.000000
vn 0.972343 0.233557 -0.000000
vn 0.893235 0.449591 -0.000000
vn 0.770281 0.637704 -0.000000
vn 0.609963 0.792430 -0.000000
vn 0.416977 0.908917 -0.000000
vn 0.215475 0.976509 -0.000000
vn 0.000000 1.000000 -0.000000
vn 0.000000 1.000000 -0.000000
vn 0.972343 0.233557 -0.000000
vn 0.893235 0.449591 -0.000000
vn 0.770281 0.637704 -0.000000
vn 0.609963 0.792430 -0.000000
vn 0.416977 0.908917 -0.000000
vn 0.215475 0.976509 -0.000000
vn 0.862856 0.505449 -0.000000
vn 0.505449 0.862856 -0.000000
vn 0.862856 0.505449 -0.000000
vn 0.505449 0.862856 -0.000000
vn 0.964188 0.265218 -0.000000
vn 0.964188 0.265218 -0.000000
vn 0.265218 0.964188 -0.000000
vn 0.964188 0.265218 -0.000000
vn 0.265218 0.964188 -0.000000
vn 0.265218 0.964188 -0.000000
vt 0.000000 0.000000
vt 0.000000 -5.000000
vt 0.146172 -5.000000
vt 0.292343 -5.000000
vt 0.438515 -5.000000
vt 0.584686 -5.000000
vt 0.730858 -5.000000
vt 0.865429 -5.000000
vt 1.000000 -5.000000
vt 1.000000 0.000000
vt 0.146172 0.000000
vt 0.292343 0.000000
vt 0.438515 0.000000
vt 0.584686 0.000000
vt 0.730858 0.000000
vt 0.865429 0.000000
vt 0.333333 -3.333333
vt 0.666667 -3.333333
vt 0.333333 -1.666667
vt 0.666667 -1.666667
vt 0.166667 -4.166667
vt 0.166667 -3.333333
vt 0.833333 -4.166667
vt 0.166667 -0.833333
vt 0.833333 -3.333333
vt 0.833333 -0.833333
f 5650/5650/5650 5638/5638/5638 5637/5637/5637
f 5651/5651/5651 5639/5639/5639 5638/5638/5638
f 5651/5651/5651 5638/5638/5638 5650/5650/5650
f 5652/5652/5652 5645/5645/5645 5646/5646/5646
f 5653/5653/5653 5646/5646/5646 5647/5647/5647
f 5653/5653/5653 5652/5652/5652 5646/5646/5646
f 5653/5653/5653 5650/5650/5650 5652/5652/5652
f 5653/5653/5653 5651/5651/5651 5650/5650/5650
f 5654/5654/5654 5636/5636/5636 5635/5635/5635
f 5654/5654/5654 5637/5637/5637 5636/5636/5636
f 5654/5654/5654 5650/5650/5650 5637/5637/5637
f 5655/5655/5655 5635/5635/5635 5634/5634/5634
f 5655/5655/5655 5650/5650/5650 5654/5654/5654
f 5655/5655/5655 5652/5652/5652 5650/5650/5650
f 5655/5655/5655 5654/5654/5654 5635/5635/5635
f 5656/5656/5656 5640/5640/5640 5639/5639/5639
f 5656/5656/5656 5641/5641/5641 5640/5640/5640
f 5656/5656/5656 5642/5642/5642 5641/5641/5641
f 5656/5656/5656 5639/5639/5639 5651/5651/5651
f 5657/5657/5657 5634/5634/5634 5644/5644/5644
f 5657/5657/5657 5644/5644/5644 5645/5645/5645
f 5657/5657/5657 5652/5652/5652 5655/5655/5655
f 5657/5657/5657 5655/5655/5655 5634/5634/5634
f 5657/5657/5657 5645/5645/5645 5652/5652/5652
f 5658/5658/5658 5643/5643/5643 5642/5642/5642
f 5658/5658/5658 5656/5656/5656 5651/5651/5651
f 5658/5658/5658 5642/5642/5642 5656/5656/5656
f 5658/5658/5658 5651/5651/5651 5653/5653/5653
f 5659/5659/5659 5647/5647/5647 5648/5648/5648
f 5659/5659/5659 5648/5648/5648 5649/5649/5649
f 5659/5659/5659 5649/5649/5649 5643/5643/5643
f 5659/5659/5659 5653/5653/5653 5647/5647/5647
f 5659/5659/5659 5643/5643/5643 5658/5658/5658
f 5659/5659/5659 5658/5658/5658 5653/5653/5653
v -3.000000 9.000000 0.150000
v -3.000000 9.000000 5.150000
v -3.703232 8.917122 5.150000
v -4.346956 8.681347 5.150000
v -4.911884 8.311966 5.150000
v -5.378725 7.828269 5.150000
v -5.728187 7.249546 5.150000
v -5.929538 6.649343 5.150000
v -6.000000 6.000000 5.150000
v -6.000000 6.000000 0.150000
v -3.703232 8.917122 0.150000
v -4.346956 8.681347 0.150000
v -4.911884 8.311966 0.150000
v -5.378725 7.828269 0.150000
v -5.728187 7.249546 0.150000
v -5.929538 6.649343 0.150000
v -4.514157 8.590412 3.483333
v -5.590412 7.514157 3.483333
v -4.514157 8.590412 1.816667
v -5.590412 7.514157 1.816667
v -3.797519 8.892838 4.316667
v -3.797519 8.892838 3.483333
v -5.892837 6.797519 4.316667
v -3.797519 8.892838 0.983333
v -5.892837 6.797519 3.483333
v -5.892837 6.797519 0.983333
vn -0.000000 1.000000 -0.000000
vn -0.000000 1.000000 -0.000000
vn -0.233557 0.972343 -0.000000
vn -0.449591 0.893235 -0.000000
vn -0.637704 0.770281 -0.000000
vn -0.792430 0.609963 -0.000000
vn -0.908917 0.416977 -0.000000
vn -0.976509 0.215475 -0.000000
vn -1.000000 0.000000 -0.000000
vn -1.000000 0.000000 -0.000000
vn -0.233557 0.972343 -0.000000
vn -0.449591 0.893235 -0.000000
vn -0.637704 0.770281 -0.000000
vn -0.792430 0.609963 -0.000000
vn -0.908917 0.416977 -0.000000
vn -0.976509 0.215475 -0.000000
vn -0.505449 0.862856 -0.000000
vn -0.862856 0.505449 -0.000000
vn -0.505449 0.862856 -0.000000
vn -0.862856 0.505449 -0.000000
vn -0.265218 0.964188 -0.000000
vn -0.265218 0.964188 -0.000000
vn -0.964188 0.265218 -0.000000
vn -0.265218 0.964188 -0.000000
vn -0.964188 0.265218 -0.000000
vn -0.964188 0.265218 -0.000000
vt 0.000000 0.000000
vt 0.000000 -5.000000
vt 0.146172 -5.000000
vt 0.292343 -5.000000
vt 0.438515 -5.000000
vt 0.584686 -5.000000
vt 0.730858 -5.000000
vt 0.865429 -5.000000
vt 1.000000 -5.000000
vt 1.000000 0.000000
vt 0.146172 0.000000
vt 0.292343 0.000000
vt 0.438515 0.000000
vt 0.584686 0.000000
vt 0.730858 0.000000
vt 0.865429 0.000000
vt 0.333333 -3.333333
vt 0.666667 -3.333333
vt 0.333333 -1.666667
vt 0.666667 -1.666667
vt 0.166667 -4.166667
vt 0.166667 -3.333333
vt 0.833333 -4.166667
vt 0.166667 -0.833333
vt 0.833333 -3.333333
vt 0.833333 -0.833333
f 5676/5676/5676 5664/5664/5664 5663/5663/5663
f 5677/5677/5677 5665/5665/5665 5664/5664/5664
f 5677/5677/5677 5664/5664/5664 5676/5676/5676
f 5678/5678/5678 5671/5671/5671 5672/5672/5672
f 5679/5679/5679 5672/5672/5672 5673/5673/5673
f 5679/5679/5679 5678/5678/5678 5672/5672/5672
f 5679/5679/5679 5676/5676/5676 5678/5678/5678
f 5679/5679/5679 5677/5677/5677 5676/5676/5676
f 5680/5680/5680 5662/5662/5662 5661/5661/5661
f 5680/5680/5680 5663/5663/5663 5662/5662/5662
f 5680/5680/5680 5676/5676/5676 5663/5663/5663
f 5681/5681/5681 5661/5661/5661 5660/5660/5660
f 5681/5681/5681 5676/5676/5676 5680/5680/5680
f 5681/5681/5681 5678/5678/5678 5676/5676/5676
f 5681/5681/5681 5680/5680/5680 5661/5661/5661
f 5682/5682/5682 5666/5666/5666 5665/5665/5665
f 5682/5682/5682 5667/5667/5667 5666/5666/5666
f 5682/5682/5682 5668/5668/5668 5667/5667/5667
f 5682/5682/5682 5665/5665/5665 5677/5677/5677
f 5683/5683/5683 5660/5660/5660 5670/5670/5670
f 5683/5683/5683 5670/5670/5670 5671/5671/5671
f 5683/5683/5683 5678/5678/5678 5681/5681/5681
f 5683/5683/5683 5681/5681/5681 5660/5660/5660
f 5683/5683/5683 5671/5671/5671 5678/5678/5678
f 5684/5684/5684 5669/5669/5669 5668/5668/5668
f 5684/5684/5684 5682/5682/5682 5677/5677/5677
f 5684/5684/5684 5668/5668/5668 5682/5682/5682
f 5684/5684/5684 5677/5677/5677 5679/5679/5679
f 5685/5685/5685 5673/5673/5673 5674/5674/5674
f 5685/5685/5685 5674/5674/5674 5675/5675/5675
f 5685/5685/5685 5675/5675/5675 5669/5669/5669
f 5685/5685/5685 5679/5679/5679 5673/5673/5673
f 5685/5685/5685 5669/5669/5669 5684/5684/5684
f 5685/5685/5685 5684/5684/5684 5679/5679/5679
v -6.000000 6.000000 0.150000
v -6.000000 6.000000 5.150000
v -5.917121 5.296768 5.150000
v -5.681347 4.653044 5.150000
v -5.311965 4.088116 5.150000
v -4.828269 3.621275 5.150000
v -4.249546 3.271813 5.150000
v -3.649342 3.070462 5.150000
v -3.000000 3.000000 5.150000
v -3.000000 3.000000 0.150000
v -5.917121 5.296768 0.150000
v -5.681347 4.653044 0.150000
v -5.311965 4.088116 0.150000
v -4.828269 3.621275 0.150000
v -4.249546 3.271813 0.150000
v -3.649342 3.070462 0.150000
v -5.590412 4.485843 3.483333
v -4.514157 3.409588 3.483333
v -5.590412 4.485843 1.816667
v -4.514157 3.409588 1.816667
v -5.892837 5.202481 4.316667
v -5.892837 5.202481 3.483333
v -3.797519 3.107163 4.316667
v -5.892837 5.202481 0.983333
v -3.797519 3.107163 3.483333
v -3.797519 3.107163 0.983333
vn -1.000000 -0.000000 0.000000
vn -1.000000 -0.000000 0.000000
vn -0.972343 -0.233557 0.000000
vn -0.893235 -0.449591 0.000000
vn -0.770281 -0.637704 0.000000
vn -0.609963 -0.792430 0.000000
vn -0.416977 -0.908917 0.000000
vn -0.215475 -0.976509 0.000000
vn -0.000000 -1.000000 -0.000000
vn -0.000000 -1.000000 -0.000000
vn -0.972343 -0.233557 0.000000
vn -0.893235 -0.449591 0.000000
vn -0.770281 -0.637704 0.000000
vn -0.609963 -0.792430 0.000000
vn -0.416977 -0.908917 0.000000
vn -0.215475 -0.976509 0.000000
vn -0.862856 -0.505449 0.000000
vn -0.505449 -0.862856 0.000000
vn -0.862856 -0.505449 0.000000
vn -0.505449 -0.862856 0.000000
vn -0.964188 -0.265218 0.000000
vn -0.964188 -0.265218 0.000000
vn -0.265218 -0.964188 0.000000
vn -0.964188 -0.265218 0.000000
vn -0.265218 -0.964188 0.000000
vn -0.265218 -0.964188 0.000000
vt 0.000000 0.000000
vt 0.000000 -5.000000
vt 0.146172 -5.000000
vt 0.292343 -5.000000
vt 0.438515 -5.000000
vt 0.584686 -5.000000
vt 0.730858 -5.000000
vt 0.865429 -5.000000
vt 1.000000 -5.000000
vt 1.000000 0.000000
vt 0.146172 0.000000
vt 0.292343 0.000000
vt 0.438515 0.000000
vt 0.584686 0.000000
vt 0.730858 0.000000
vt 0.865429 0.000000
vt 0.333333 -3.333333
vt 0.666667 -3.333333
vt 0.333333 -1.666667
vt 0.666667 -1.666667
vt 0.166667 -4.166667
vt 0.166667 -3.333333
vt 0.833333 -4.166667
vt 0.166667 -0.833333
vt 0.833333 -3.333333
vt 0.833333 -0.833333
f 5702/5702/5702 5690/5690/5690 5689/5689/5689
f 5703/5703/5703 5691/5691/5691 5690/5690/5690
f 5703/5703/5703 5690/5690/5690 5702/5702/5702
f 5704/5704/5704 5697/5697/5697 5698/5698/5698
f 5705/5705/5705 5698/5698/5698 5699/5699/5699
f 5705/5705/5705 5704/5704/5704 5698/5698/5698
f 5705/5705/5705 5702/5702/5702 5704/5704/5704
f 5705/5705/5705 5703/5703/5703 5702/5702/5702
f 5706/5706/5706 5688/5688/5688 5687/5687/5687
f 5706/5706/5706 5689/5689/5689 5688/5688/5688
f 5706/5706/5706 5702/5702/5702 5689/5689/5689
f 5707/5707/5707 5687/5687/5687 5686/5686/5686
f 5707/5707/5707 5702/5702/5702 5706/5706/5706
f 5707/5707/5707 5704/5704/5704 5702/5702/5702
f 5707/5707/5707 5706/5706/5706 5687/5687/5687
f 5708/5708/5708 5692/5692/5692 5691/5691/5691
f 5708/5708/5708 5693/5693/5693 5692/5692/5692
f 5708/5708/5708 5694/5694/5694 5693/5693/5693
f 5708/5708/5708 5691/5691/5691 5703/5703/5703
f 5709/5709/5709 5686/5686/5686 5696/5696/5696
f 5709/5709/5709 5696/5696/5696 5697/5697/5697
f 5709/5709/5709 5704/5704/5704 5707/5707/5707
f 5709/5709/5709 5707/5707/5707 5686/5686/5686
f 5709/5709/5709 5697/5697/5697 5704/5704/5704
f 5710/5710/5710 5695/5695/5695 5694/5694/5694
f 5710/5710/5710 5708/5708/5708 5703/5703/5703
f 5710/5710/5710 5694/5694/5694 5708/5708/5708
f 5710/5710/5710 5703/5703/5703 5705/5705/5705
f 5711/5711/5711 5699/5699/5699 5700/5700/5700
f 5711/5711/5711 5700/5700/5700 5701/5701/5701
f 5711/5711/5711 5701/5701/5701 5695/5695/5695
f 5711/5711/5711 5705/5705/5705 5699/5699/5699
f 5711/5711/5711 5695/5695/5695 5710/5710/5710
f 5711/5711/5711 5710/5710/5710 5705/5705/5705
v -3.000000 3.000000 0.150000
v -3.000000 3.000000 5.150000
v -2.296768 3.082878 5.150000
v -1.653044 3.318653 5.150000
v -1.088116 3.688035 5.150000
v -0.621275 4.171731 5.150000
v -0.271813 4.750454 5.150000
v -0.070462 5.350657 5.150000
v -0.000000 6.000000 5.150000
v -0.000000 6.000000 0.150000
v -2.296768 3.082878 0.150000
v -1.653044 3.318653 0.150000
v -1.088116 3.688035 0.150000
v -0.621275 4.171731 0.150000
v -0.271813 4.750454 0.150000
v -0.070462 5.350657 0.150000
v -1.485843 3.409588 3.483333
v -0.409588 4.485843 3.483333
v -1.485843 3.409588 1.816667
v -0.409588 4.485843 1.816667
v -2.202481 3.107163 4.316667
v -2.202481 3.107163 3.483333
v -0.107163 5.202481 4.316667
v -2.202481 3.107163 0.983333
v -0.107163 5.202481 3.483333
v -0.107163 5.202481 0.983333
vn -0.000000 -1.000000 0.000000
vn -0.000000 -1.000000 0.000000
vn 0.233557 -0.972343 -0.000000
vn 0.449591 -0.893235 -0.000000
vn 0.637704 -0.770281 -0.000000
vn 0.792430 -0.609963 -0.000000
vn 0.908917 -0.416977 -0.000000
vn 0.976509 -0.215475 -0.000000
vn 1.000000 -0.000000 -0.000000
vn 1.000000 -0.000000 -0.000000
vn 0.233557 -0.972343 -0.000000
vn 0.449591 -0.893235 -0.000000
vn 0.637704 -0.770281 -0.000000
vn 0.792430 -0.609963 -0.000000
vn 0.908917 -0.416977 -0.000000
vn 0.976509 -0.215475 -0.000000
vn 0.505449 -0.862856 -0.000000
vn 0.862856 -0.505449 -0.000000
vn 0.505449 -0.862856 -0.000000
vn 0.862856 -0.505449 -0.000000
vn 0.265218 -0.964188 -0.000000
vn 0.265218 -0.964188 -0.000000
vn 0.964188 -0.265218 -0.000000
vn 0.265218 -0.964188 -0.000000
vn 0.964188 -0.265218 -0.000000
vn 0.964188 -0.265218 -0.000000
vt 0.000000 0.000000
vt 0.000000 -5.000000
vt 0.146172 -5.000000
vt 0.292343 -5.000000
vt 0.438515 -5.000000
vt 0.584686 -5.000000
vt 0.730858 -5.000000
vt 0.865429 -5.000000
vt 1.000000 -5.000000
vt 1.000000 0.000000
vt 0.146172 0.000000
vt 0.292343 0.000000
vt 0.438515 0.000000
vt 0.584686 0.000000
vt 0.730858 0.000000
vt 0.865429 0.000000
vt 0.333333 -3.333333
vt 0.666667 -3.333333
vt 0.333333 -1.666667
vt 0.666667 -1.666667
vt 0.166667 -4.166667
vt 0.166667 -3.333333
vt 0.833333 -4.166667
vt 0.166667 -0.833333
vt 0.833333 -3.333333
vt 0.833333 -0.833333
f 5728/5728/5728 5716/5716/5716 5715/5715/5715
f 5729/5729/5729 5717/5717/5717 5716/5716/5716
f 5729/5729/5729 5716/5716/5716 5728/5728/5728
f 5730/5730/5730 5723/5723/5723 5724/5724/5724
f 5731/5731/5731 5724/5724/5724 5725/5725/5725
f 5731/5731/5731 5730/5730/5730 5724/5724/5724
f 5731/5731/5731 5728/5728/5728 5730/5730/5730
f 5731/5731/5731 5729/5729/5729 5728/5728/5728
f 5732/5732/5732 5714/5714/5714 5713/5713/5713
f 5732/5732/5732 5715/5715/5715 5714/5714/5714
f 5732/5732/5732 5728/5728/5728 5715/5715/5715
f 5733/5733/5733 5713/5713/5713 5712/5712/5712
f 5733/5733/5733 5728/5728/5728 5732/5732/5732
f 5733/5733/5733 5730/5730/5730 5728/5728/5728
f 5733/5733/5733 5732/5732/5732 5713/5713/5713
f 5734/5734/5734 5718/5718/5718 5717/5717/5717
f 5734/5734/5734 5719/5719/5719 5718/5718/5718
f 5734/5734/5734 5720/5720/5720 5719/5719/5719
f 5734/5734/5734 5717/5717/5717 5729/5729/5729
f 5735/5735/5735 5712/5712/5712 5722/5722/5722
f 5735/5735/5735 5722/5722/5722 5723/5723/5723
f 5735/5735/5735 5730/5730/5730 5733/5733/5733
f 5735/5735/5735 5733/5733/5733 5712/5712/5712
f 5735/5735/5735 5723/5723/5723 5730/5730/5730
f 5736/5736/5736 5721/5721/5721 5720/5720/5720
f 5736/5736/5736 5734/5734/5734 5729/5729/5729
f 5736/5736/5736 5720/5720/5720 5734/5734/5734
f 5736/5736/5736 5729/5729/5729 5731/5731/5731
f 5737/5737/5737 5725/5725/5725 5726/5726/5726
f 5737/5737/5737 5726/5726/5726 5727/5727/5727
f 5737/5737/5737 5727/5727/5727 5721/5721/5721
f 5737/5737/5737 5731/5731/5731 5725/5725/5725
f 5737/5737/5737 5721/5721/5721 5736/5736/5736
f 5737/5737/5737 5736/5736/5736 5731/5731/5731
v -0.000000 6.000000 0.150000
v -0.082878 6.703232 0.150000
v -0.318653 7.346956 0.150000
v -0.688034 7.911884 0.150000
v -1.171732 8.378725 0.150000
v -1.750454 8.728188 0.150000
v -2.350658 8.929538 0.150000
v -3.000000 9.000000 0.150000
v -3.703232 8.917122 0.150000
v -4.346956 8.681347 0.150000
v -4.911884 8.311966 0.150000
v -5.378725 7.828269 0.150000
v -5.728187 7.249546 0.150000
v -5.929538 6.649343 0.150000
v -6.000000 6.000000 0.150000
v -5.917121 5.296768 0.150000
v -5.681347 4.653044 0.150000
v -5.311965 4.088116 0.150000
v -4.828269 3.621275 0.150000
v -4.249546 3.271813 0.150000
v -3.649342 3.070462 0.150000
v -3.000000 3.000000 0.150000
v -2.296768 3.082878 0.150000
v -1.653044 3.318653 0.150000
v -1.088116 3.688035 0.150000
v -0.621275 4.171731 0.150000
v -0.271813 4.750454 0.150000
v -0.070462 5.350657 0.150000
vn -0.000000 -0.000000 -1.000000
vn -0.000000 -0.000000 -1.000000
vn -0.000000 -0.000000 -1.000000
vn -0.000000 -0.000000 -1.000000
vn -0.000000 -0.000000 -1.000000
vn -0.000000 -0.000000 -1.000000
vn -0.000000 -0.000000 -1.000000
vn -0.000000 -0.000000 -1.000000
vn -0.000000 -0.000000 -1.000000
vn -0.000000 -0.000000 -1.000000
vn -0.000000 -0.000000 -1.000000
vn -0.000000 -0.000000 -1.000000
vn -0.000000 -0.000000 -1.000000
vn -0.000000 -0.000000 -1.000000
vn -0.000000 -0.000000 -1.000000
vn -0.000000 -0.000000 -1.000000
vn -0.000000 -0.000000 -1.000000
vn -0.000000 -0.000000 -1.000000
vn -0.000000 -0.000000 -1.000000
vn -0.000000 -0.000000 -1.000000
vn -0.000000 -0.000000 -1.000000
vn -0.000000 -0.000000 -1.000000
vn -0.000000 -0.000000 -1.000000
vn -0.000000 -0.000000 -1.000000
vn -0.000000 -0.000000 -1.000000
vn -0.000000 -0.000000 -1.000000
vn -0.000000 -0.000000 -1.000000
vn -0.000000 -0.000000 -1.000000
vt 3.000000 -0.000000
vt 2.917122 0.703232
vt 2.681347 1.346956
vt 2.311965 1.911884
vt 1.828268 2.378725
vt 1.249546 2.728187
vt 0.649342 2.929538
vt 0.000000 3.000000
vt -0.703232 2.917122
vt -1.346956 2.681347
vt -1.911884 2.311965
vt -2.378725 1.828268
vt -2.728187 1.249546
vt -2.929538 0.649342
vt -3.000000 -0.000000
vt -2.917122 -0.703232
vt -2.681347 -1.346956
vt -2.311965 -1.911884
vt -1.828268 -2.378725
vt -1.249546 -2.728187
vt -0.649342 -2.929538
vt -0.000000 -3.000000
vt 0.703232 -2.917122
vt 1.346956 -2.681347
vt 1.911884 -2.311965
vt 2.378725 -1.828268
vt 2.728187 -1.249546
vt 2.929538 -0.649342
f 5758/5758/5758 5757/5757/5757 5756/5756/5756
f 5759/5759/5759 5756/5756/5756 5755/5755/5755
f 5759/5759/5759 5758/5758/5758 5756/5756/5756
f 5752/5752/5752 5754/5754/5754 5753/5753/5753
f 5752/5752/5752 5755/5755/5755 5754/5754/5754
f 5752/5752/5752 5759/5759/5759 5755/5755/5755
f 5761/5761/5761 5760/5760/5760 5759/5759/5759
f 5749/5749/5749 5751/5751/5751 5750/5750/5750
f 5749/5749/5749 5752/5752/5752 5751/5751/5751
f 5762/5762/5762 5761/5761/5761 5759/5759/5759
f 5748/5748/5748 5752/5752/5752 5749/5749/5749
f 5765/5765/5765 5764/5764/5764 5763/5763/5763
f 5738/5738/5738 5763/5763/5763 5762/5762/5762
f 5738/5738/5738 5759/5759/5759 5752/5752/5752
f 5738/5738/5738 5762/5762/5762 5759/5759/5759
f 5738/5738/5738 5765/5765/5765 5763/5763/5763
f 5745/5745/5745 5747/5747/5747 5746/5746/5746
f 5745/5745/5745 5748/5748/5748 5747/5747/5747
f 5745/5745/5745 5738/5738/5738 5752/5752/5752
f 5745/5745/5745 5752/5752/5752 5748/5748/5748
f 5740/5740/5740 5739/5739/5739 5738/5738/5738
f 5742/5742/5742 5744/5744/5744 5743/5743/5743
f 5742/5742/5742 5745/5745/5745 5744/5744/5744
f 5741/5741/5741 5738/5738/5738 5745/5745/5745
f 5741/5741/5741 5740/5740/5740 5738/5738/5738
f 5741/5741/5741 5745/5745/5745 5742/5742/5742
v -0.000000 6.000000 5.150000
v -0.082878 6.703232 5.150000
v -0.318653 7.346956 5.150000
v -0.688034 7.911884 5.150000
v -1.171732 8.378725 5.150000
v -1.750454 8.728188 5.150000
v -2.350658 8.929538 5.150000
v -3.000000 9.000000 5.150000
v -3.703232 8.917122 5.150000
v -4.346956 8.681347 5.150000
v -4.911884 8.311966 5.150000
v -5.378725 7.828269 5.150000
v -5.728187 7.249546 5.150000
v -5.929538 6.649343 5.150000
v -6.000000 6.000000 5.150000
v -5.917121 5.296768 5.150000
v -5.681347 4.653044 5.150000
v -5.311965 4.088116 5.150000
v -4.828269 3.621275 5.150000
v -4.249546 3.271813 5.150000
v -3.649342 3.070462 5.150000
v -3.000000 3.000000 5.150000
v -2.296768 3.082878 5.150000
v -1.653044 3.318653 5.150000
v -1.088116 3.688035 5.150000
v -0.621275 4.171731 5.150000
v -0.271813 4.750454 5.150000
v -0.070462 5.350657 5.150000
vn 0.000000 0.000000 1.000000
vn 0.000000 0.000000 1.000000
vn 0.000000 0.000000 1.000000
vn 0.000000 0.000000 1.000000
vn 0.000000 0.000000 1.000000
vn 0.000000 0.000000 1.000000
vn 0.000000 0.000000 1.000000
vn 0.000000 0.000000 1.000000
vn 0.000000 0.000000 1.000000
vn 0.000000 0.000000 1.000000
vn 0.000000 0.000000 1.000000
vn 0.000000 0.000000 1.000000
vn 0.000000 0.000000 1.000000
vn 0.000000 0.000000 1.000000
vn 0.000000 0.000000 1.000000
vn 0.000000 0.000000 1.000000
vn 0.000000 0.000000 1.000000
vn 0.000000 0.000000 1.000000
vn 0.000000 0.000000 1.000000
vn 0.000000 0.000000 1.000000
vn 0.000000 0.000000 1.000000
vn 0.000000 0.000000 1.000000
vn 0.000000 0.000000 1.000000
vn 0.000000 0.000000 1.000000
vn 0.000000 0.000000 1.000000
vn 0.000000 0.000000 1.000000
vn 0.000000 0.000000 1.000000
vn 0.000000 0.000000 1.000000
vt 3.000000 -0.000000
vt 2.917122 0.703232
vt 2.681347 1.346956
vt 2.311965 1.911884
vt 1.828268 2.378725
vt 1.249546 2.728187
vt 0.649342 2.929538
vt 0.000000 3.000000
vt -0.703232 2.917122
vt -1.346956 2.681347
vt -1.911884 2.311965
vt -2.378725 1.828268
vt -2.728187 1.249546
vt -2.929538 0.649342
vt -3.000000 -0.000000
vt -2.917122 -0.703232
vt -2.681347 -1.346956
vt -2.311965 -1.911884
vt -1.828268 -2.378725
vt -1.249546 -2.728187
vt -0.649342 -2.929538
vt -0.000000 -3.000000
vt 0.703232 -2.917122
vt 1.346956 -2.681347
vt 1.911884 -2.311965
vt 2.378725 -1.828268
vt 2.728187 -1.249546
vt 2.929538 -0.649342
f 5786/5786/5786 5784/5784/5784 5785/5785/5785
f 5787/5787/5787 5783/5783/5783 5784/5784/5784
f 5787/5787/5787 5784/5784/5784 5786/5786/5786
f 5780/5780/5780 5781/5781/5781 5782/5782/5782
f 5780/5780/5780 5782/5782/5782 5783/5783/5783
f 5780/5780/5780 5783/5783/5783 5787/5787/5787
f 5789/5789/5789 5787/5787/5787 5788/5788/5788
f 5777/5777/5777 5778/5778/5778 5779/5779/5779
f 5777/5777/5777 5779/5779/5779 5780/5780/5780
f 5790/5790/5790 5787/5787/5787 5789/5789/5789
f 5776/5776/5776 5777/5777/5777 5780/5780/5780
f 5793/5793/5793 5791/5791/5791 5792/5792/5792
f 5766/5766/5766 5790/5790/5790 5791/5791/5791
f 5766/5766/5766 5780/5780/5780 5787/5787/5787
f 5766/5766/5766 5787/5787/5787 5790/5790/5790
f 5766/5766/5766 5791/5791/5791 5793/5793/5793
f 5773/5773/5773 5774/5774/5774 5775/5775/5775
f 5773/5773/5773 5775/5775/5775 5776/5776/5776
f 5773/5773/5773 5780/5780/5780 5766/5766/5766
f 5773/5773/5773 5776/5776/5776 5780/5780/5780
f 5768/5768/5768 5766/5766/5766 5767/5767/5767
f 5770/5770/5770 5771/5771/5771 5772/5772/5772
f 5770/5770/5770 5772/5772/5772 5773/5773/5773
f 5769/5769/5769 5773/5773/5773 5766/5766/5766
f 5769/5769/5769 5766/5766/5766 5768/5768/5768
f 5769/5769/5769 5770/5770/5770 5773/5773/5773
g colour16
usemtl colour16
v -6.000000 0.000000 0.160000
v -6.000000 0.000000 5.160000
v -6.082879 0.703232 5.160000
v -6.318653 1.346956 5.160000
v -6.688035 1.911884 5.160000
v -7.171731 2.378725 5.160000
v -7.750454 2.728187 5.160000
v -8.350657 2.929538 5.160000
v -9.000000 3.000000 5.160000
v -9.000000 3.000000 0.160000
v -6.082879 0.703232 0.160000
v -6.318653 1.346956 0.160000
v -6.688035 1.911884 0.160000
v -7.171731 2.378725 0.160000
v -7.750454 2.728187 0.160000
v -8.350657 2.929538 0.160000
v -6.409588 1.514157 3.493333
v -7.485843 2.590412 3.493333
v -6.409588 1.514157 1.826667
v -7.485843 2.590412 1.826667
v -6.107163 0.797519 4.326667
v -6.107163 0.797519 3.493333
v -8.202481 2.892837 4.326667
v -6.107163 0.797519 0.993333
v -8.202481 2.892837 3.493333
v -8.202481 2.892837 0.993333
vn 1.000000 -0.000000 -0.000000
vn 1.000000 -0.000000 -0.000000
vn 0.972343 0.233557 -0.000000
vn 0.893235 0.449591 -0.000000
vn 0.770281 0.637704 -0.000000
vn 0.609963 0.792430 -0.000000
vn 0.416977 0.908917 -0.000000
vn 0.215475 0.976509 -0.000000
vn 0.000000 1.000000 -0.000000
vn 0.000000 1.000000 -0.000000
vn 0.972343 0.233557 -0.000000
vn 0.893235 0.449591 -0.000000
vn 0.770281 0.637704 -0.000000
vn 0.609963 0.792430 -0.000000
vn 0.416977 0.908917 -0.000000
vn 0.215475 0.976509 -0.000000
vn 0.862856 0.505449 -0.000000
vn 0.505449 0.862856 -0.000000
vn 0.862856 0.505449 -0.000000
vn 0.505449 0.862856 -0.000000
vn 0.964188 0.265218 -0.000000
vn 0.964188 0.265218 -0.000000
vn 0.265218 0.964188 -0.000000
vn 0.964188 0.265218 -0.000000
vn 0.265218 0.964188 -0.000000
vn 0.265218 0.964188 -0.000000
vt 0.000000 0.000000
vt 0.000000 -5.000000
vt 0.146172 -5.000000
vt 0.292343 -5.000000
vt 0.438515 -5.000000
vt 0.584686 -5.000000
vt 0.730858 -5.000000
vt 0.865429 -5.000000
vt 1.000000 -5.000000
vt 1.000000 0.000000
vt 0.146172 0.000000
vt 0.292343 0.000000
vt 0.438515 0.000000
vt 0.584686 0.000000
vt 0.730858 0.000000
vt 0.865429 0.000000
vt 0.333333 -3.333333
vt 0.666667 -3.333333
vt 0.333333 -1.666667
vt 0.666667 -1.666667
vt 0.166667 -4.166667
vt 0.166667 -3.333333
vt 0.833333 -4.166667
vt 0.166667 -0.833333
vt 0.833333 -3.333333
vt 0.833333 -0.833333
f 5810/5810/5810 5798/5798/5798 5797/5797/5797
f 5811/5811/5811 5799/5799/5799 5798/5798/5798
f 5811/5811/5811 5798/5798/5798 5810/5810/5810
f 5812/5812/5812 5805/5805/5805 5806/5806/5806
f 5813/5813/5813 5806/5806/5806 5807/5807/5807
f 5813/5813/5813 5812/5812/5812 5806/5806/5806
f 5813/5813/5813 5810/5810/5810 5812/5812/5812
f 5813/5813/5813 5811/5811/5811 5810/5810/5810
f 5814/5814/5814 5796/5796/5796 5795/5795/5795
f 5814/5814/5814 5797/5797/5797 5796/5796/5796
f 5814/5814/5814 5810/5810/5810 5797/5797/5797
f 5815/5815/5815 5795/5795/5795 5794/5794/5794
f 5815/5815/5815 5810/5810/5810 5814/5814/5814
f 5815/5815/5815 5812/5812/5812 5810/5810/5810
f 5815/5815/5815 5814/5814/5814 5795/5795/5795
f 5816/5816/5816 5800/5800/5800 5799/5799/5799
f 5816/5816/5816 5801/5801/5801 5800/5800/5800
f 5816/5816/5816 5802/5802/5802 5801/5801/5801
f 5816/5816/5816 5799/5799/5799 5811/5811/5811
f 5817/5817/5817 5794/5794/5794 5804/5804/5804
f 5817/5817/5817 5804/5804/5804 5805/5805/5805
f 5817/5817/5817 5812/5812/5812 5815/5815/5815
f 5817/5817/5817 5815/5815/5815 5794/5794/5794
f 5817/5817/5817 5805/5805/5805 5812/5812/5812
f 5818/5818/5818 5803/5803/5803 5802/5802/5802
f 5818/5818/5818 5816/5816/5816 5811/5811/5811
f 5818/5818/5818 5802/5802/5802 5816/5816/5816
f 5818/5818/5818 5811/5811/5811 5813/5813/5813
f 5819/5819/5819 5807/5807/5807 5808/5808/5808
f 5819/5819/5819 5808/5808/5808 5809/5809/5809
f 5819/5819/5819 5809/5809/5809 5803/5803/5803
f 5819/5819/5819 5813/5813/5813 5807/5807/5807
f 5819/5819/5819 5803/5803/5803 5818/5818/5818
f 5819/5819/5819 5818/5818/5818 5813/5813/5813
v -9.000000 3.000000 0.160000
v -9.000000 3.000000 5.160000
v -9.703232 2.917122 5.160000
v -10.346956 2.681347 5.160000
v -10.911884 2.311965 5.160000
v -11.378725 1.828268 5.160000
v -11.728188 1.249546 5.160000
v -11.929538 0.649342 5.160000
v -12.000000 0.000000 5.160000
v -12.000000 0.000000 0.160000
v -9.703232 2.917122 0.160000
v -10.346956 2.681347 0.160000
v -10.911884 2.311965 0.160000
v -11.378725 1.828268 0.160000
v -11.728188 1.249546 0.160000
v -11.929538 0.649342 0.160000
v -10.514157 2.590412 3.493333
v -11.590412 1.514157 3.493333
v -10.514157 2.590412 1.826667
v -11.590412 1.514157 1.826667
v -9.797519 2.892837 4.326667
v -9.797519 2.892837 3.493333
v -11.892838 0.797519 4.326667
v -9.797519 2.892837 0.993333
v -11.892838 0.797519 3.493333
v -11.892838 0.797519 0.993333
vn -0.000000 1.000000 -0.000000
vn -0.000000 1.000000 -0.000000
vn -0.233557 0.972343 -0.000000
vn -0.449591 0.893235 -0.000000
vn -0.637704 0.770281 -0.000000
vn -0.792430 0.609963 -0.000000
vn -0.908917 0.416977 -0.000000
vn -0.976509 0.215475 -0.000000
vn -1.000000 -0.000000 0.000000
vn -1.000000 -0.000000 0.000000
vn -0.233557 0.972343 -0.000000
vn -0.449591 0.893235 -0.000000
vn -0.637704 0.770281 -0.000000
vn -0.792430 0.609963 -0.000000
vn -0.908917 0.416977 -0.000000
vn -0.976509 0.215475 -0.000000
vn -0.505449 0.862856 -0.000000
vn -0.862856 0.505449 -0.000000
vn -0.505449 0.862856 -0.000000
vn -0.862856 0.505449 -0.000000
vn -0.265218 0.964188 -0.000000
vn -0.265218 0.964188 -0.000000
vn -0.964188 0.265218 -0.000000
vn -0.265218 0.964188 -0.000000
vn -0.964188 0.265218 -0.000000
vn -0.964188 0.265218 -0.000000
vt 0.000000 0.000000
vt 0.000000 -5.000000
vt 0.146172 -5.000000
vt 0.292343 -5.000000
vt 0.438515 -5.000000
vt 0.584686 -5.000000
vt 0.730858 -5.000000
vt 0.865429 -5.000000
vt 1.000000 -5.000000
vt 1.000000 0.000000
vt 0.146172 0.000000
vt 0.292343 0.000000
vt 0.438515 0.000000
vt 0.584686 0.000000
vt 0.730858 0.000000
vt 0.865429 0.000000
vt 0.333333 -3.333333
vt 0.666667 -3.333333
vt 0.333333 -1.666667
vt 0.666667 -1.666667
vt 0.166667 -4.166667
vt 0.166667 -3.333333
vt 0.833333 -4.166667
vt 0.166667 -0.833333
vt 0.833333 -3.333333
vt 0.833333 -0.833333
f 5836/5836/5836 5824/5824/5824 5823/5823/5823
f 5837/5837/5837 5825/5825/5825 5824/5824/5824
f 5837/5837/5837 5824/5824/5824 5836/5836/5836
f 5838/5838/5838 5831/5831/5831 5832/5832/5832
f 5839/5839/5839 5832/5832/5832 5833/5833/5833
f 5839/5839/5839 5838/5838/5838 5832/5832/5832
f 5839/5839/5839 5836/5836/5836 5838/5838/5838
f 5839/5839/5839 5837/5837/5837 5836/5836/5836
f 5840/5840/5840 5822/5822/5822 5821/5821/5821
f 5840/5840/5840 5823/5823/5823 5822/5822/5822
f 5840/5840/5840 5836/5836/5836 5823/5823/5823
f 5841/5841/5841 5821/5821/5821 5820/5820/5820
f 5841/5841/5841 5836/5836/5836 5840/5840/5840
f 5841/5841/5841 5838/5838/5838 5836/5836/5836
f 5841/5841/5841 5840/5840/5840 5821/5821/5821
f 5842/5842/5842 5826/5826/5826 5825/5825/5825
f 5842/5842/5842 5827/5827/5827 5826/5826/5826
f 5842/5842/5842 5828/5828/5828 5827/5827/5827
f 5842/5842/5842 5825/5825/5825 5837/5837/5837
f 5843/5843/5843 5820/5820/5820 5830/5830/5830
f 5843/5843/5843 5830/5830/5830 5831/5831/5831
f 5843/5843/5843 5838/5838/5838 5841/5841/5841
f 5843/5843/5843 5841/5841/5841 5820/5820/5820
f 5843/5843/5843 5831/5831/5831 5838/5838/5838
f 5844/5844/5844 5829/5829/5829 5828/5828/5828
f 5844/5844/5844 5842/5842/5842 5837/5837/5837
f 5844/5844/5844 5828/5828/5828 5842/5842/5842
f 5844/5844/5844 5837/5837/5837 5839/5839/5839
f 5845/5845/5845 5833/5833/5833 5834/5834/5834
f 5845/5845/5845 5834/5834/5834 5835/5835/5835
f 5845/5845/5845 5835/5835/5835 5829/5829/5829
f 5845/5845/5845 5839/5839/5839 5833/5833/5833
f 5845/5845/5845 5829/5829/5829 5844/5844/5844
f 5845/5845/5845 5844/5844/5844 5839/5839/5839
v -12.000000 0.000000 0.160000
v -12.000000 0.000000 5.160000
v -11.917122 -0.703232 5.160000
v -11.681347 -1.346956 5.160000
v -11.311966 -1.911884 5.160000
v -10.828268 -2.378725 5.160000
v -10.249546 -2.728187 5.160000
v -9.649343 -2.929538 5.160000
v -9.000000 -3.000000 5.160000
v -9.000000 -3.000000 0.160000
v -11.917122 -0.703232 0.160000
v -11.681347 -1.346956 0.160000
v -11.311966 -1.911884 0.160000
v -10.828268 -2.378725 0.160000
v -10.249546 -2.728187 0.160000
v -9.649343 -2.929538 0.160000
v -11.590412 -1.514157 3.493333
v -10.514157 -2.590412 3.493333
v -11.590412 -1.514157 1.826667
v -10.514157 -2.590412 1.826667
v -11.892838 -0.797519 4.326667
v -11.892838 -0.797519 3.493333
v -9.797519 -2.892837 4.326667
v -11.892838 -0.797519 0.993333
v -9.797519 -2.892837 3.493333
v -9.797519 -2.892837 0.993333
vn -1.000000 -0.000000 0.000000
vn -1.000000 -0.000000 0.000000
vn -0.972343 -0.233557 0.000000
vn -0.893235 -0.449591 0.000000
vn -0.770281 -0.637704 0.000000
vn -0.609963 -0.792430 0.000000
vn -0.416977 -0.908917 0.000000
vn -0.215475 -0.976509 0.000000
vn -0.000000 -1.000000 0.000000
vn -0.000000 -1.000000 0.000000
vn -0.972343 -0.233557 0.000000
vn -0.893235 -0.449591 0.000000
vn -0.770281 -0.637704 0.000000
vn -0.609963 -0.792430 0.000000
vn -0.416977 -0.908917 0.000000
vn -0.215475 -0.976509 0.000000
vn -0.862856 -0.505449 0.000000
vn -0.505449 -0.862856 0.000000
vn -0.862856 -0.505449 0.000000
vn -0.505449 -0.862856 0.000000
vn -0.964188 -0.265218 0.000000
vn -0.964188 -0.265218 0.000000
vn -0.265218 -0.964188 0.000000
vn -0.964188 -0.265218 0.000000
vn -0.265218 -0.964188 0.000000
vn -0.265218 -0.964188 0.000000
vt 0.000000 0.000000
vt 0.000000 -5.000000
vt 0.146172 -5.000000
vt 0.292343 -5.000000
vt 0.438515 -5.000000
vt 0.584686 -5.000000
vt 0.730858 -5.000000
vt 0.865429 -5.000000
vt 1.000000 -5.000000
vt 1.000000 0.000000
vt 0.146172 0.000000
vt 0.292343 0.000000
vt 0.438515 0.000000
vt 0.584686 0.000000
vt 0.730858 0.000000
vt 0.865429 0.000000
vt 0.333333 -3.333333
vt 0.666667 -3.333333
vt 0.333333 -1.666667
vt 0.666667 -1.666667
vt 0.166667 -4.166667
vt 0.166667 -3.333333
vt 0.833333 -4.166667
vt 0.166667 -0.833333
vt 0.833333 -3.333333
vt 0.833333 -0.833333
f 5862/5862/5862 5850/5850/5850 5849/5849/5849
f 5863/5863/5863 5851/5851/5851 5850/5850/5850
f 5863/5863/5863 5850/5850/5850 5862/5862/5862
f 5864/5864/5864 5857/5857/5857 5858/5858/5858
f 5865/5865/5865 5858/5858/5858 5859/5859/5859
f 5865/5865/5865 5864/5864/5864 5858/5858/5858
f 5865/5865/5865 5862/5862/5862 5864/5864/5864
f 5865/5865/5865 5863/5863/5863 5862/5862/5862
f 5866/5866/5866 5848/5848/5848 5847/5847/5847
f 5866/5866/5866 5849/5849/5849 5848/5848/5848
f 5866/5866/5866 5862/5862/5862 5849/5849/5849
f 5867/5867/5867 5847/5847/5847 5846/5846/5846
f 5867/5867/5867 5862/5862/5862 5866/5866/5866
f 5867/5867/5867 5864/5864/5864 5862/5862/5862
f 5867/5867/5867 5866/5866/5866 5847/5847/5847
f 5868/5868/5868 5852/5852/5852 5851/5851/5851
f 5868/5868/5868 5853/5853/5853 5852/5852/5852
f 5868/5868/5868 5854/5854/5854 5853/5853/5853
f 5868/5868/5868 5851/5851/5851 5863/5863/5863
f 5869/5869/5869 5846/5846/5846 5856/5856/5856
f 5869/5869/5869 5856/5856/5856 5857/5857/5857
f 5869/5869/5869 5864/5864/5864 5867/5867/5867
f 5869/5869/5869 5867/5867/5867 5846/5846/5846
f 5869/5869/5869 5857/5857/5857 5864/5864/5864
f 5870/5870/5870 5855/5855/5855 5854/5854/5854
f 5870/5870/5870 5868/5868/5868 5863/5863/5863
f 5870/5870/5870 5854/5854/5854 5868/5868/5868
f 5870/5870/5870 5863/5863/5863 5865/5865/5865
f 5871/5871/5871 5859/5859/5859 5860/5860/5860
f 5871/5871/5871 5860/5860/5860 5861/5861/5861
f 5871/5871/5871 5861/5861/5861 5855/5855/5855
f 5871/5871/5871 5865/5865/5865 5859/5859/5859
f 5871/5871/5871 5855/5855/5855 5870/5870/5870
f 5871/5871/5871 5870/5870/5870 5865/5865/5865
v -9.000000 -3.000000 0.160000
v -9.000000 -3.000000 5.160000
v -8.296768 -2.917122 5.160000
v -7.653044 -2.681347 5.160000
v -7.088116 -2.311965 5.160000
v -6.621275 -1.828268 5.160000
v -6.271813 -1.249546 5.160000
v -6.070462 -0.649342 5.160000
v -6.000000 0.000000 5.160000
v -6.000000 0.000000 0.160000
v -8.296768 -2.917122 0.160000
v -7.653044 -2.681347 0.160000
v -7.088116 -2.311965 0.160000
v -6.621275 -1.828268 0.160000
v -6.271813 -1.249546 0.160000
v -6.070462 -0.649342 0.160000
v -7.485843 -2.590412 3.493333
v -6.409588 -1.514157 3.493333
v -7.485843 -2.590412 1.826667
v -6.409588 -1.514157 1.826667
v -8.202481 -2.892837 4.326667
v -8.202481 -2.892837 3.493333
v -6.107163 -0.797519 4.326667
v -8.202481 -2.892837 0.993333
v -6.107163 -0.797519 3.493333
v -6.107163 -0.797519 0.993333
vn -0.000000 -1.000000 0.000000
vn -0.000000 -1.000000 0.000000
vn 0.233557 -0.972343 -0.000000
vn 0.449591 -0.893235 -0.000000
vn 0.637704 -0.770281 -0.000000
vn 0.792430 -0.609963 -0.000000
vn 0.908917 -0.416977 -0.000000
vn 0.976509 -0.215475 -0.000000
vn 1.000000 -0.000000 -0.000000
vn 1.000000 -0.000000 -0.000000
vn 0.233557 -0.972343 -0.000000
vn 0.449591 -0.893235 -0.000000
vn 0.637704 -0.770281 -0.000000
vn 0.792430 -0.609963 -0.000000
vn 0.908917 -0.416977 -0.000000
vn 0.976509 -0.215475 -0.000000
vn 0.505449 -0.862856 -0.000000
vn 0.862856 -0.505449 -0.000000
vn 0.505449 -0.862856 -0.000000
vn 0.862856 -0.505449 -0.000000
vn 0.265218 -0.964188 -0.000000
vn 0.265218 -0.964188 -0.000000
vn 0.964188 -0.265218 -0.000000
vn 0.265218 -0.964188 -0.000000
vn 0.964188 -0.265218 -0.000000
vn 0.964188 -0.265218 -0.000000
vt 0.000000 0.000000
vt 0.000000 -5.000000
vt 0.146172 -5.000000
vt 0.292343 -5.000000
vt 0.438515 -5.000000
vt 0.584686 -5.000000
vt 0.730858 -5.000000
vt 0.865429 -5.000000
vt 1.000000 -5.000000
vt 1.000000 0.000000
vt 0.146172 0.000000
vt 0.292343 0.000000
vt 0.438515 0.000000
vt 0.584686 0.000000
vt 0.730858 0.000000
vt 0.865429 0.000000
vt 0.333333 -3.333333
vt 0.666667 -3.333333
vt 0.333333 -1.666667
vt 0.666667 -1.666667
vt 0.166667 -4.166667
vt 0.166667 -3.333333
vt 0.833333 -4.166667
vt 0.166667 -0.833333
vt 0.833333 -3.333333
vt 0.833333 -0.833333
f 5888/5888/5888 5876/5876/5876 5875/5875/5875
f 5889/5889/5889 5877/5877/5877 5876/5876/5876
f 5889/5889/5889 5876/5876/5876 5888/5888/5888
f 5890/5890/5890 5883/5883/5883 5884/5884/5884
f 5891/5891/5891 5884/5884/5884 5885/5885/5885
f 5891/5891/5891 5890/5890/5890 5884/5884/5884
f 5891/5891/5891 5888/5888/5888 5890/5890/5890
f 5891/5891/5891 5889/5889/5889 5888/5888/5888
f 5892/5892/5892 5874/5874/5874 5873/5873/5873
f 5892/5892/5892 5875/5875/5875 5874/5874/5874
f 5892/5892/5892 5888/5888/5888 5875/5875/5875
f 5893/5893/5893 5873/5873/5873 5872/5872/5872
f 5893/5893/5893 5888/5888/5888 5892/5892/5892
f 5893/5893/5893 5890/5890/5890 5888/5888/5888
f 5893/5893/5893 5892/5892/5892 5873/5873/5873
f 5894/5894/5894 5878/5878/5878 5877/5877/5877
f 5894/5894/5894 5879/5879/5879 5878/5878/5878
f 5894/5894/5894 5880/5880/5880 5879/5879/5879
f 5894/5894/5894 5877/5877/5877 5889/5889/5889
f 5895/5895/5895 5872/5872/5872 5882/5882/5882
f 5895/5895/5895 5882/5882/5882 5883/5883/5883
f 5895/5895/5895 5890/5890/5890 5893/5893/5893
f 5895/5895/5895 5893/5893/5893 5872/5872/5872
f 5895/5895/5895 5883/5883/5883 5890/5890/5890
f 5896/5896/5896 5881/5881/5881 5880/5880/5880
f 5896/5896/5896 5894/5894/5894 5889/5889/5889
f 5896/5896/5896 5880/5880/5880 5894/5894/5894
f 5896/5896/5896 5889/5889/5889 5891/5891/5891
f 5897/5897/5897 5885/5885/5885 5886/5886/5886
f 5897/5897/5897 5886/5886/5886 5887/5887/5887
f 5897/5897/5897 5887/5887/5887 5881/5881/5881
f 5897/5897/5897 5891/5891/5891 5885/5885/5885
f 5897/5897/5897 5881/5881/5881 5896/5896/5896
f 5897/5897/5897 5896/5896/5896 5891/5891/5891
v -6.000000 0.000000 0.160000
v -6.082879 0.703232 0.160000
v -6.318653 1.346956 0.160000
v -6.688035 1.911884 0.160000
v -7.171731 2.378725 0.160000
v -7.750454 2.728187 0.160000
v -8.350657 2.929538 0.160000
v -9.000000 3.000000 0.160000
v -9.703232 2.917122 0.160000
v -10.346956 2.681347 0.160000
v -10.911884 2.311965 0.160000
v -11.378725 1.828268 0.160000
v -11.728188 1.249546 0.160000
v -11.929538 0.649342 0.160000
v -12.000000 0.000000 0.160000
v -11.917122 -0.703232 0.160000
v -11.681347 -1.346956 0.160000
v -11.311966 -1.911884 0.160000
v -10.828268 -2.378725 0.160000
v -10.249546 -2.728187 0.160000
v -9.649343 -2.929538 0.160000
v -9.000000 -3.000000 0.160000
v -8.296768 -2.917122 0.160000
v -7.653044 -2.681347 0.160000
v -7.088116 -2.311965 0.160000
v -6.621275 -1.828268 0.160000
v -6.271813 -1.249546 0.160000
v -6.070462 -0.649342 0.160000
vn -0.000000 -0.000000 -1.000000
vn -0.000000 -0.000000 -1.000000
vn -0.000000 -0.000000 -1.000000
vn -0.000000 -0.000000 -1.000000
vn -0.000000 -0.000000 -1.000000
vn -0.000000 -0.000000 -1.000000
vn -0.000000 -0.000000 -1.000000
vn -0.000000 -0.000000 -1.000000
vn -0.000000 -0.000000 -1.000000
vn -0.000000 -0.000000 -1.000000
vn -0.000000 -0.000000 -1.000000
vn -0.000000 -0.000000 -1.000000
vn -0.000000 -0.000000 -1.000000
vn -0.000000 -0.000000 -1.000000
vn -0.000000 -0.000000 -1.000000
vn -0.000000 -0.000000 -1.000000
vn -0.000000 -0.000000 -1.000000
vn -0.000000 -0.000000 -1.000000
vn -0.000000 -0.000000 -1.000000
vn -0.000000 -0.000000 -1.000000
vn -0.000000 -0.000000 -1.000000
vn -0.000000 -0.000000 -1.000000
vn -0.000000 -0.000000 -1.000000
vn -0.000000 -0.000000 -1.000000
vn -0.000000 -0.000000 -1.000000
vn -0.000000 -0.000000 -1.000000
vn -0.000000 -0.000000 -1.000000
vn -0.000000 -0.000000 -1.000000
vt 3.000000 0.000000
vt 2.917122 0.703232
vt 2.681347 1.346956
vt 2.311965 1.911884
vt 1.828268 2.378725
vt 1.249546 2.728187
vt 0.649342 2.929538
vt 0.000000 3.000000
vt -0.703232 2.917122
vt -1.346956 2.681347
vt -1.911884 2.311965
vt -2.378725 1.828268
vt -2.728187 1.249546
vt -2.929538 0.649342
vt -3.000000 0.000000
vt -2.917122 -0.703232
vt -2.681347 -1.346956
vt -2.311965 -1.911884
vt -1.828268 -2.378725
vt -1.249546 -2.728187
vt -0.649342 -2.929538
vt -0.000000 -3.000000
vt 0.703232 -2.917122
vt 1.346956 -2.681347
vt 1.911884 -2.311965
vt 2.378725 -1.828268
vt 2.728187 -1.249546
vt 2.929538 -0.649342
f 5918/5918/5918 5917/5917/5917 5916/5916/5916
f 5919/5919/5919 5916/5916/5916 5915/5915/5915
f 5919/5919/5919 5918/5918/5918 5916/5916/5916
f 5912/5912/5912 5914/5914/5914 5913/5913/5913
f 5912/5912/5912 5915/5915/5915 5914/5914/5914
f 5912/5912/5912 5919/5919/5919 5915/5915/5915
f 5921/5921/5921 5920/5920/5920 5919/5919/5919
f 5909/5909/5909 5911/5911/5911 5910/5910/5910
f 5909/5909/5909 5912/5912/5912 5911/5911/5911
f 5922/5922/5922 5921/5921/5921 5919/5919/5919
f 5908/5908/5908 5912/5912/5912 5909/5909/5909
f 5925/5925/5925 5924/5924/5924 5923/5923/5923
f 5898/5898/5898 5923/5923/5923 5922/5922/5922
f 5898/5898/5898 5919/5919/5919 5912/5912/5912
f 5898/5898/5898 5922/5922/5922 5919/5919/5919
f 5898/5898/5898 5925/5925/5925 5923/5923/5923
f 5905/5905/5905 5907/5907/5907 5906/5906/5906
f 5905/5905/5905 5908/5908/5908 5907/5907/5907
f 5905/5905/5905 5898/5898/5898 5912/5912/5912
f 5905/5905/5905 5912/5912/5912 5908/5908/5908
f 5900/5900/5900 5899/5899/5899 5898/5898/5898
f 5902/5902/5902 5904/5904/5904 5903/5903/5903
f 5902/5902/5902 5905/5905/5905 5904/5904/5904
f 5901/5901/5901 5898/5898/5898 5905/5905/5905
f 5901/5901/5901 5900/5900/5900 5898/5898/5898
f 5901/5901/5901 5905/5905/5905 5902/5902/5902
v -6.000000 0.000000 5.160000
v -6.082879 0.703232 5.160000
v -6.318653 1.346956 5.160000
v -6.688035 1.911884 5.160000
v -7.171731 2.378725 5.160000
v -7.750454 2.728187 5.160000
v -8.350657 2.929538 5.160000
v -9.000000 3.000000 5.160000
v -9.703232 2.917122 5.160000
v -10.346956 2.681347 5.160000
v -10.911884 2.311965 5.160000
v -11.378725 1.828268 5.160000
v -11.728188 1.249546 5.160000
v -11.929538 0.649342 5.160000
v -12.000000 0.000000 5.160000
v -11.917122 -0.703232 5.160000
v -11.681347 -1.346956 5.160000
v -11.311966 -1.911884 5.160000
v -10.828268 -2.378725 5.160000
v -10.249546 -2.728187 5.160000
v -9.649343 -2.929538 5.160000
v -9.000000 -3.000000 5.160000
v -8.296768 -2.917122 5.160000
v -7.653044 -2.681347 5.160000
v -7.088116 -2.311965 5.160000
v -6.621275 -1.828268 5.160000
v -6.271813 -1.249546 5.160000
v -6.070462 -0.649342 5.160000
vn 0.000000 0.000000 1.000000
vn 0.000000 0.000000 1.000000
vn 0.000000 0.000000 1.000000
vn 0.000000 0.000000 1.000000
vn 0.000000 0.000000 1.000000
vn 0.000000 0.000000 1.000000
vn 0.000000 0.000000 1.000000
vn 0.000000 0.000000 1.000000
vn 0.000000 0.000000 1.000000
vn 0.000000 0.000000 1.000000
vn 0.000000 0.000000 1.000000
vn 0.000000 0.000000 1.000000
vn 0.000000 0.000000 1.000000
vn 0.000000 0.000000 1.000000
vn 0.000000 0.000000 1.000000
vn 0.000000 0.000000 1.000000
vn 0.000000 0.000000 1.000000
vn 0.000000 0.000000 1.000000
vn 0.000000 0.000000 1.000000
vn 0.000000 0.000000 1.000000
vn 0.000000 0.000000 1.000000
vn 0.000000 0.000000 1.000000
vn 0.000000 0.000000 1.000000
vn 0.000000 0.000000 1.000000
vn 0.000000 0.000000 1.000000
vn 0.000000 0.000000 1.000000
vn 0.000000 0.000000 1.000000
vn 0.000000 0.000000 1.000000
vt 3.000000 0.000000
vt 2.917122 0.703232
vt 2.681347 1.346956
vt 2.311965 1.911884
vt 1.828268 2.378725
vt 1.249546 2.728187
vt 0.649342 2.929538
vt 0.000000 3.000000
vt -0.703232 2.917122
vt -1.346956 2.681347
vt -1.911884 2.311965
vt -2.378725 1.828268
vt -2.728187 1.249546
vt -2.929538 0.649342
vt -3.000000 0.000000
vt -2.917122 -0.703232
vt -2.681347 -1.346956
vt -2.311965 -1.911884
vt -1.828268 -2.378725
vt -1.249546 -2.728187
vt -0.649342 -2.929538
vt -0.000000 -3.000000
vt 0.703232 -2.917122
vt 1.346956 -2.681347
vt 1.911884 -2.311965
vt 2.378725 -1.828268
vt 2.728187 -1.249546
vt 2.929538 -0.649342
f 5946/5946/5946 5944/5944/5944 5945/5945/5945
f 5947/5947/5947 5943/5943/5943 5944/5944/5944
f 5947/5947/5947 5944/5944/5944 5946/5946/5946
f 5940/5940/5940 5941/5941/5941 5942/5942/5942
f 5940/5940/5940 5942/5942/5942 5943/5943/5943
f 5940/5940/5940 5943/5943/5943 5947/5947/5947
f 5949/5949/5949 5947/5947/5947 5948/5948/5948
f 5937/5937/5937 5938/5938/5938 5939/5939/5939
f 5937/5937/5937 5939/5939/5939 5940/5940/5940
f 5950/5950/5950 5947/5947/5947 5949/5949/5949
f 5936/5936/5936 5937/5937/5937 5940/5940/5940
f 5953/5953/5953 5951/5951/5951 5952/5952/5952
f 5926/5926/5926 5950/5950/5950 5951/5951/5951
f 5926/5926/5926 5940/5940/5940 5947/5947/5947
f 5926/5926/5926 5947/5947/5947 5950/5950/5950
f 5926/5926/5926 5951/5951/5951 5953/5953/5953
f 5933/5933/5933 5934/5934/5934 5935/5935/5935
f 5933/5933/5933 5935/5935/5935 5936/5936/5936
f 5933/5933/5933 5940/5940/5940 5926/5926/5926
f 5933/5933/5933 5936/5936/5936 5940/5940/5940
f 5928/5928/5928 5926/5926/5926 5927/5927/5927
f 5930/5930/5930 5931/5931/5931 5932/5932/5932
f 5930/5930/5930 5932/5932/5932 5933/5933/5933
f 5929/5929/5929 5933/5933/5933 5926/5926/5926
f 5929/5929/5929 5926/5926/5926 5928/5928/5928
f 5929/5929/5929 5930/5930/5930 5933/5933/5933
g colour17
usemtl colour17
v -9.353554 0.353553 0.170000
v -9.353554 0.353553 5.170000
v -8.646446 -0.353553 5.170000
v -8.646446 -0.353553 0.170000
vn -0.707107 -0.707107 -0.000000
vn -0.707107 -0.707107 -0.000000
vn -0.707107 -0.707107 -0.000000
vn -0.707107 -0.707107 -0.000000
vt 0.000000 0.000000
vt 0.000000 -5.000000
vt 1.000000 -5.000000
vt 1.000000 0.000000
f 5957/5957/5957 5955/5955/5955 5954/5954/5954
f 5957/5957/5957 5956/5956/5956 5955/5955/5955
v -8.646446 -0.353553 0.170000
v -8.646446 -0.353553 5.170000
v -2.646447 5.646447 5.170000
v -2.646447 5.646447 0.170000
vn 0.707107 -0.707107 -0.000000
vn 0.707107 -0.707107 -0.000000
vn 0.707107 -0.707107 -0.000000
vn 0.707107 -0.707107 -0.000000
vt 0.000000 0.000000
vt 0.000000 -5.000000
vt 8.485281 -5.000000
vt 8.485281 0.000000
f 5961/5961/5961 5959/5959/5959 5958/5958/5958
f 5961/5961/5961 5960/5960/5960 5959/5959/5959
v -2.646447 5.646447 0.170000
v -2.646447 5.646447 5.170000
v -3.353553 6.353553 5.170000
v -3.353553 6.353553 0.170000
vn 0.707107 0.707107 -0.000000
vn 0.707107 0.707107 -0.000000
vn 0.707107 0.707107 -0.000000
vn 0.707107 0.707107 -0.000000
vt 0.000000 0.000000
vt 0.000000 -5.000000
vt 1.000000 -5.000000
vt 1.000000 0.000000
f 5965/5965/5965 5963/5963/5963 5962/5962/5962
f 5965/5965/5965 5964/5964/5964 5963/5963/5963
v -3.353553 6.353553 0.170000
v -3.353553 6.353553 5.170000
v -9.353554 0.353553 5.170000
v -9.353554 0.353553 0.170000
vn -0.707107 0.707107 -0.000000
vn -0.707107 0.707107 -0.000000
vn -0.707107 0.707107 -0.000000
vn -0.707107 0.707107 -0.000000
vt 0.000000 0.000000
vt 0.000000 -5.000000
vt 8.485281 -5.000000
vt 8.485281 0.000000
f 5969/5969/5969 5967/5967/5967 5966/5966/5966
f 5969/5969/5969 5968/5968/5968 5967/5967/5967
v -9.353554 0.353553 0.170000
v -8.646446 -0.353553 0.170000
v -2.646447 5.646447 0.170000
v -3.353553 6.353553 0.170000
vn -0.000000 -0.000000 -1.000000
vn -0.000000 -0.000000 -1.000000
vn -0.000000 -0.000000 -1.000000
vn -0.000000 -0.000000 -1.000000
vt -3.353553 -2.646447
vt -2.646447 -3.353553
vt 3.353553 2.646447
vt 2.646447 3.353553
f 5972/5972/5972 5971/5971/5971 5970/5970/5970
f 5973/5973/5973 5972/5972/5972 5970/5970/5970
v -9.353554 0.353553 5.170000
v -8.646446 -0.353553 5.170000
v -2.646447 5.646447 5.170000
v -3.353553 6.353553 5.170000
vn 0.000000 0.000000 1.000000
vn 0.000000 0.000000 1.000000
vn 0.000000 0.000000 1.000000
vn 0.000000 0.000000 1.000000
vt -3.353553 -2.646447
vt -2.646447 -3.353553
vt 3.353553 2.646447
vt 2.646447 3.353553
f 5976/5976/5976 5974/5974/5974 5975/5975/5975
f 5977/5977/5977 5974/5974/5974 5976/5976/5976
g colour18
usemtl colour18
v -1.000000 6.000000 0.180000
v -1.000000 6.000000 5.180000
v -1.048257 6.438667 5.180000
v -1.186058 6.843521 5.180000
v -1.402946 7.204106 5.180000
v -1.688464 7.509965 5.180000
v -2.032157 7.750642 5.180000
v -2.423567 7.915681 5.180000
v -2.705084 7.978408 5.180000
v -3.000000 8.000000 5.180000
v -3.000000 8.000000 0.180000
v -1.048257 6.438667 0.180000
v -1.186058 6.843521 0.180000
v -1.402946 7.204106 0.180000
v -1.688464 7.509965 0.180000
v -2.032157 7.750642 0.180000
v -2.423567 7.915681 0.180000
v -2.705084 7.978408 0.180000
v -1.273059 7.009439 3.513333
v -1.990562 7.726942 3.513333
v -1.273059 7.009439 1.846667
v -1.990562 7.726942 1.846667
vn 1.000000 -0.000000 -0.000000
vn 1.000000 -0.000000 -0.000000
vn 0.975864 0.218379 -0.000000
vn 0.906480 0.422249 -0.000000
vn 0.798026 0.602623 -0.000000
vn 0.656078 0.754693 -0.000000
vn 0.484624 0.874723 -0.000000
vn 0.287772 0.957699 -0.000000
vn 0.146204 0.989254 -0.000000
vn -0.000000 1.000000 -0.000000
vn -0.000000 1.000000 -0.000000
vn 0.975864 0.218379 -0.000000
vn 0.906480 0.422249 -0.000000
vn 0.798026 0.602623 -0.000000
vn 0.656078 0.754693 -0.000000
vn 0.484624 0.874723 -0.000000
vn 0.287772 0.957699 -0.000000
vn 0.146204 0.989254 -0.000000
vn 0.862856 0.505449 -0.000000
vn 0.505449 0.862856 -0.000000
vn 0.862856 0.505449 -0.000000
vn 0.505449 0.862856 -0.000000
vt 0.000000 0.000000
vt 0.000000 -5.000000
vt 0.136430 -5.000000
vt 0.272859 -5.000000
vt 0.409289 -5.000000
vt 0.545718 -5.000000
vt 0.682148 -5.000000
vt 0.818577 -5.000000
vt 0.909289 -5.000000
vt 1.000000 -5.000000
vt 1.000000 0.000000
vt 0.136430 0.000000
vt 0.272859 0.000000
vt 0.409289 0.000000
vt 0.545718 0.000000
vt 0.682148 0.000000
vt 0.818577 0.000000
vt 0.909289 0.000000
vt 0.333333 -3.333333
vt 0.666667 -3.333333
vt 0.333333 -1.666667
vt 0.666667 -1.666667
f 5996/5996/5996 5980/5980/5980 5979/5979/5979
f 5996/5996/5996 5981/5981/5981 5980/5980/5980
f 5996/5996/5996 5982/5982/5982 5981/5981/5981
f 5996/5996/5996 5983/5983/5983 5982/5982/5982
f 5997/5997/5997 5984/5984/5984 5983/5983/5983
f 5997/5997/5997 5985/5985/5985 5984/5984/5984
f 5997/5997/5997 5986/5986/5986 5985/5985/5985
f 5997/5997/5997 5987/5987/5987 5986/5986/5986
f 5997/5997/5997 5983/5983/5983 5996/5996/5996
f 5998/5998/5998 5979/5979/5979 5978/5978/5978
f 5998/5998/5998 5978/5978/5978 5989/5989/5989
f 5998/5998/5998 5989/5989/5989 5990/5990/5990
f 5998/5998/5998 5990/5990/5990 5991/5991/5991
f 5998/5998/5998 5991/5991/5991 5992/5992/5992
f 5998/5998/5998 5996/5996/5996 5979/5979/5979
f 5999/5999/5999 5988/5988/5988 5987/5987/5987
f 5999/5999/5999 5992/5992/5992 5993/5993/5993
f 5999/5999/5999 5993/5993/5993 5994/5994/5994
f 5999/5999/5999 5994/5994/5994 5995/5995/5995
f 5999/5999/5999 5995/5995/5995 5988/5988/5988
f 5999/5999/5999 5997/5997/5997 5996/5996/5996
f 5999/5999/5999 5996/5996/5996 5998/5998/5998
f 5999/5999/5999 5987/5987/5987 5997/5997/5997
f 5999/5999/5999 5998/5998/5998 5992/5992/5992
v -3.000000 8.000000 0.180000
v -3.000000 8.000000 5.180000
v -3.438667 7.951743 5.180000
v -3.843521 7.813942 5.180000
v -4.204106 7.597054 5.180000
v -4.509965 7.311536 5.180000
v -4.750642 6.967843 5.180000
v -4.915681 6.576433 5.180000
v -4.978408 6.294916 5.180000
v -5.000000 6.000000 5.180000
v -5.000000 6.000000 0.180000
v -3.438667 7.951743 0.180000
v -3.843521 7.813942 0.180000
v -4.204106 7.597054 0.180000
v -4.509965 7.311536 0.180000
v -4.750642 6.967843 0.180000
v -4.915681 6.576433 0.180000
v -4.978408 6.294916 0.180000
v -4.009439 7.726942 3.513333
v -4.726942 7.009439 3.513333
v -4.009439 7.726942 1.846667
v -4.726942 7.009439 1.846667
vn -0.000000 1.000000 -0.000000
vn -0.000000 1.000000 -0.000000
vn -0.218379 0.975864 -0.000000
vn -0.422249 0.906480 -0.000000
vn -0.602623 0.798026 -0.000000
vn -0.754693 0.656078 -0.000000
vn -0.874723 0.484624 -0.000000
vn -0.957699 0.287772 -0.000000
vn -0.989254 0.146204 -0.000000
vn -1.000000 -0.000000 0.000000
vn -1.000000 -0.000000 0.000000
vn -0.218379 0.975864 -0.000000
vn -0.422249 0.906480 -0.000000
vn -0.602623 0.798026 -0.000000
vn -0.754693 0.656078 -0.000000
vn -0.874723 0.484624 -0.000000
vn -0.957699 0.287772 -0.000000
vn -0.989254 0.146204 -0.000000
vn -0.505449 0.862856 -0.000000
vn -0.862856 0.505449 -0.000000
vn -0.505449 0.862856 -0.000000
vn -0.862856 0.505449 -0.000000
vt 0.000000 0.000000
vt 0.000000 -5.000000
vt 0.136430 -5.000000
vt 0.272859 -5.000000
vt 0.409289 -5.000000
vt 0.545718 -5.000000
vt 0.682148 -5.000000
vt 0.818577 -5.000000
vt 0.909289 -5.000000
vt 1.000000 -5.000000
vt 1.000000 0.000000
vt 0.136430 0.000000
vt 0.272859 0.000000
vt 0.409289 0.000000
vt 0.545718 0.000000
vt 0.682148 0.000000
vt 0.818577 0.000000
vt 0.909289 0.000000
vt 0.333333 -3.333333
vt 0.666667 -3.333333
vt 0.333333 -1.666667
vt 0.666667 -1.666667
f 6018/6018/6018 6002/6002/6002 6001/6001/6001
f 6018/6018/6018 6003/6003/6003 6002/6002/6002
f 6018/6018/6018 6004/6004/6004 6003/6003/6003
f 6018/6018/6018 6005/6005/6005 6004/6004/6004
f 6019/6019/6019 6006/6006/6006 6005/6005/6005
f 6019/6019/6019 6007/6007/6007 6006/6006/6006
f 6019/6019/6019 6008/6008/6008 6007/6007/6007
f 6019/6019/6019 6009/6009/6009 6008/6008/6008
f 6019/6019/6019 6005/6005/6005 6018/6018/6018
f 6020/6020/6020 6001/6001/6001 6000/6000/6000
f 6020/6020/6020 6000/6000/6000 6011/6011/6011
f 6020/6020/6020 6011/6011/6011 6012/6012/6012
f 6020/6020/6020 6012/6012/6012 6013/6013/6013
f 6020/6020/6020 6013/6013/6013 6014/6014/6014
f 6020/6020/6020 6018/6018/6018 6001/6001/6001
f 6021/6021/6021 6010/6010/6010 6009/6009/6009
f 6021/6021/6021 6014/6014/6014 6015/6015/6015
f 6021/6021/6021 6015/6015/6015 6016/6016/6016
f 6021/6021/6021 6016/6016/6016 6017/6017/6017
f 6021/6021/6021 6017/6017/6017 6010/6010/6010
f 6021/6021/6021 6019/6019/6019 6018/6018/6018
f 6021/6021/6021 6018/6018/6018 6020/6020/6020
f 6021/6021/6021 6009/6009/6009 6019/6019/6019
f 6021/6021/6021 6020/6020/6020 6014/6014/6014
v -5.000000 6.000000 0.180000
v -5.000000 6.000000 5.180000
v -4.951743 5.561333 5.180000
v -4.813942 5.156479 5.180000
v -4.597054 4.795894 5.180000
v -4.311536 4.490035 5.180000
v -3.967843 4.249358 5.180000
v -3.576433 4.084319 5.180000
v -3.294916 4.021592 5.180000
v -3.000000 4.000000 5.180000
v -3.000000 4.000000 0.180000
v -4.951743 5.561333 0.180000
v -4.813942 5.156479 0.180000
v -4.597054 4.795894 0.180000
v -4.311536 4.490035 0.180000
v -3.967843 4.249358 0.180000
v -3.576433 4.084319 0.180000
v -3.294916 4.021592 0.180000
v -4.726942 4.990561 3.513333
v -4.009439 4.273058 3.513333
v -4.726942 4.990561 1.846667
v -4.009439 4.273058 1.846667
vn -1.000000 -0.000000 0.000000
vn -1.000000 -0.000000 0.000000
vn -0.975864 -0.218379 0.000000
vn -0.906480 -0.422249 0.000000
vn -0.798026 -0.602623 0.000000
vn -0.656078 -0.754693 0.000000
vn -0.484624 -0.874723 0.000000
vn -0.287772 -0.957699 0.000000
vn -0.146204 -0.989254 0.000000
vn -0.000000 -1.000000 -0.000000
vn -0.000000 -1.000000 -0.000000
vn -0.975864 -0.218379 0.000000
vn -0.906480 -0.422249 0.000000
vn -0.798026 -0.602623 0.000000
vn -0.656078 -0.754693 0.000000
vn -0.484624 -0.874723 0.000000
vn -0.287772 -0.957699 0.000000
vn -0.146204 -0.989254 0.000000
vn -0.862856 -0.505449 0.000000
vn -0.505449 -0.862856 0.000000
vn -0.862856 -0.505449 0.000000
vn -0.505449 -0.862856 0.000000
vt 0.000000 0.000000
vt 0.000000 -5.000000
vt 0.136430 -5.000000
vt 0.272859 -5.000000
vt 0.409289 -5.000000
vt 0.545718 -5.000000
vt 0.682148 -5.000000
vt 0.818577 -5.000000
vt 0.909289 -5.000000
vt 1.000000 -5.000000
vt 1.000000 0.000000
vt 0.136430 0.000000
vt 0.272859 0.000000
vt 0.409289 0.000000
vt 0.545718 0.000000
vt 0.682148 0.000000
vt 0.818577 0.000000
vt 0.909289 0.000000
vt 0.333333 -3.333333
vt 0.666667 -3.333333
vt 0.333333 -1.666667
vt 0.666667 -1.666667
f 6040/6040/6040 6024/6024/6024 6023/6023/6023
f 6040/6040/6040 6025/6025/6025 6024/6024/6024
f 6040/6040/6040 6026/6026/6026 6025/6025/6025
f 6040/6040/6040 6027/6027/6027 6026/6026/6026
f 6041/6041/6041 6028/6028/6028 6027/6027/6027
f 6041/6041/6041 6029/6029/6029 6028/6028/6028
f 6041/6041/6041 6030/6030/6030 6029/6029/6029
f 6041/6041/6041 6031/6031/6031 6030/6030/6030
f 6041/6041/6041 6027/6027/6027 6040/6040/6040
f 6042/6042/6042 6023/6023/6023 6022/6022/6022
f 6042/6042/6042 6022/6022/6022 6033/6033/6033
f 6042/6042/6042 6033/6033/6033 6034/6034/6034
f 6042/6042/6042 6034/6034/6034 6035/6035/6035
f 6042/6042/6042 6035/6035/6035 6036/6036/6036
f 6042/6042/6042 6040/6040/6040 6023/6023/6023
f 6043/6043/6043 6032/6032/6032 6031/6031/6031
f 6043/6043/6043 6036/6036/6036 6037/6037/6037
f 6043/6043/6043 6037/6037/6037 6038/6038/6038
f 6043/6043/6043 6038/6038/6038 6039/6039/6039
f 6043/6043/6043 6039/6039/6039 6032/6032/6032
f 6043/6043/6043 6041/6041/6041 6040/6040/6040
f 6043/6043/6043 6040/6040/6040 6042/6042/6042
f 6043/6043/6043 6031/6031/6031 6041/6041/6041
f 6043/6043/6043 6042/6042/6042 6036/6036/6036
v -3.000000 4.000000 0.180000
v -3.000000 4.000000 5.180000
v -2.561333 4.048257 5.180000
v -2.156479 4.186058 5.180000
v -1.795894 4.402946 5.180000
v -1.490035 4.688464 5.180000
v -1.249358 5.032157 5.180000
v -1.084319 5.423567 5.180000
v -1.021592 5.705084 5.180000
v -1.000000 6.000000 5.180000
v -1.000000 6.000000 0.180000
v -2.561333 4.048257 0.180000
v -2.156479 4.186058 0.180000
v -1.795894 4.402946 0.180000
v -1.490035 4.688464 0.180000
v -1.249358 5.032157 0.180000
v -1.084319 5.423567 0.180000
v -1.021592 5.705084 0.180000
v -1.990562 4.273058 3.513333
v -1.273059 4.990561 3.513333
v -1.990562 4.273058 1.846667
v -1.273059 4.990561 1.846667
vn -0.000000 -1.000000 -0.000000
vn -0.000000 -1.000000 -0.000000
vn 0.218379 -0.975864 -0.000000
vn 0.422249 -0.906480 -0.000000
vn 0.602623 -0.798026 -0.000000
vn 0.754693 -0.656078 -0.000000
vn 0.874723 -0.484624 -0.000000
vn 0.957699 -0.287772 -0.000000
vn 0.989254 -0.146204 -0.000000
vn 1.000000 -0.000000 -0.000000
vn 1.000000 -0.000000 -0.000000
vn 0.218379 -0.975864 -0.000000
vn 0.422249 -0.906480 -0.000000
vn 0.602623 -0.798026 -0.000000
vn 0.754693 -0.656078 -0.000000
vn 0.874723 -0.484624 -0.000000
vn 0.957699 -0.287772 -0.000000
vn 0.989254 -0.146204 -0.000000
vn 0.505449 -0.862856 -0.000000
vn 0.862856 -0.505449 -0.000000
vn 0.505449 -0.862856 -0.000000
vn 0.862856 -0.505449 -0.000000
vt 0.000000 0.000000
vt 0.000000 -5.000000
vt 0.136430 -5.000000
vt 0.272859 -5.000000
vt 0.409289 -5.000000
vt 0.545718 -5.000000
vt 0.682148 -5.000000
vt 0.818577 -5.000000
vt 0.909289 -5.000000
vt 1.000000 -5.000000
vt 1.000000 0.000000
vt 0.136430 0.000000
vt 0.272859 0.000000
vt 0.409289 0.000000
vt 0.545718 0.000000
vt 0.682148 0.000000
vt 0.818577 0.000000
vt 0.909289 0.000000
vt 0.333333 -3.333333
vt 0.666667 -3.333333
vt 0.333333 -1.666667
vt 0.666667 -1.666667
f 6062/6062/6062 6046/6046/6046 6045/6045/6045
f 6062/6062/6062 6047/6047/6047 6046/6046/6046
f 6062/6062/6062 6048/6048/6048 6047/6047/6047
f 6062/6062/6062 6049/6049/6049 6048/6048/6048
f 6063/6063/6063 6050/6050/6050 6049/6049/6049
f 6063/6063/6063 6051/6051/6051 6050/6050/6050
f 6063/6063/6063 6052/6052/6052 6051/6051/6051
f 6063/6063/6063 6053/6053/6053 6052/6052/6052
f 6063/6063/6063 6049/6049/6049 6062/6062/6062
f 6064/6064/6064 6045/6045/6045 6044/6044/6044
f 6064/6064/6064 6044/6044/6044 6055/6055/6055
f 6064/6064/6064 6055/6055/6055 6056/6056/6056
f 6064/6064/6064 6056/6056/6056 6057/6057/6057
f 6064/6064/6064 6057/6057/6057 6058/6058/6058
f 6064/6064/6064 6062/6062/6062 6045/6045/6045
f 6065/6065/6065 6054/6054/6054 6053/6053/6053
f 6065/6065/6065 6058/6058/6058 6059/6059/6059
f 6065/6065/6065 6059/6059/6059 6060/6060/6060
f 6065/6065/6065 6060/6060/6060 6061/6061/6061
f 6065/6065/6065 6061/6061/6061 6054/6054/6054
f 6065/6065/6065 6063/6063/6063 6062/6062/6062
f 6065/6065/6065 6062/6062/6062 6064/6064/6064
f 6065/6065/6065 6053/6053/6053 6063/6063/6063
f 6065/6065/6065 6064/6064/6064 6058/6058/6058
v -1.000000 6.000000 0.180000
v -1.048257 6.438667 0.180000
v -1.186058 6.843521 0.180000
v -1.402946 7.204106 0.180000
v -1.688464 7.509965 0.180000
v -2.032157 7.750642 0.180000
v -2.423567 7.915681 0.180000
v -2.705084 7.978408 0.180000
v -3.000000 8.000000 0.180000
v -3.438667 7.951743 0.180000
v -3.843521 7.813942 0.180000
v -4.204106 7.597054 0.180000
v -4.509965 7.311536 0.180000
v -4.750642 6.967843 0.180000
v -4.915681 6.576433 0.180000
v -4.978408 6.294916 0.180000
v -5.000000 6.000000 0.180000
v -4.951743 5.561333 0.180000
v -4.813942 5.156479 0.180000
v -4.597054 4.795894 0.180000
v -4.311536 4.490035 0.180000
v -3.967843 4.249358 0.180000
v -3.576433 4.084319 0.180000
v -3.294916 4.021592 0.180000
v -3.000000 4.000000 0.180000
v -2.561333 4.048257 0.180000
v -2.156479 4.186058 0.180000
v -1.795894 4.402946 0.180000
v -1.490035 4.688464 0.180000
v -1.249358 5.032157 0.180000
v -1.084319 5.423567 0.180000
v -1.021592 5.705084 0.180000
vn -0.000000 -0.000000 -1.000000
vn -0.000000 -0.000000 -1.000000
vn -0.000000 -0.000000 -1.000000
vn -0.000000 -0.000000 -1.000000
vn -0.000000 -0.000000 -1.000000
vn -0.000000 -0.000000 -1.000000
vn -0.000000 -0.000000 -1.000000
vn -0.000000 -0.000000 -1.000000
vn -0.000000 -0.000000 -1.000000
vn -0.000000 -0.000000 -1.000000
vn -0.000000 -0.000000 -1.000000
vn -0.000000 -0.000000 -1.000000
vn -0.000000 -0.000000 -1.000000
vn -0.000000 -0.000000 -1.000000
vn -0.000000 -0.000000 -1.000000
vn -0.000000 -0.000000 -1.000000
vn -0.000000 -0.000000 -1.000000
vn -0.000000 -0.000000 -1.000000
vn -0.000000 -0.000000 -1.000000
vn -0.000000 -0.000000 -1.000000
vn -0.000000 -0.000000 -1.000000
vn -0.000000 -0.000000 -1.000000
vn -0.000000 -0.000000 -1.000000
vn -0.000000 -0.000000 -1.000000
vn -0.000000 -0.000000 -1.000000
vn -0.000000 -0.000000 -1.000000
vn -0.000000 -0.000000 -1.000000
vn -0.000000 -0.000000 -1.000000
vn -0.000000 -0.000000 -1.000000
vn -0.000000 -0.000000 -1.000000
vn -0.000000 -0.000000 -1.000000
vn -0.000000 -0.000000 -1.000000
vt 2.000000 0.000000
vt 1.951743 0.438667
vt 1.813942 0.843521
vt 1.597054 1.204106
vt 1.311536 1.509965
vt 0.967843 1.750642
vt 0.576433 1.915681
vt 0.294916 1.978408
vt 0.000000 2.000000
vt -0.438667 1.951743
vt -0.843521 1.813942
vt -1.204106 1.597054
vt -1.509965 1.311536
vt -1.750642 0.967843
vt -1.915681 0.576433
vt -1.978408 0.294916
vt -2.000000 0.000000
vt -1.951743 -0.438667
vt -1.813942 -0.843521
vt -1.597054 -1.204106
vt -1.311536 -1.509965
vt -0.967843 -1.750642
vt -0.576433 -1.915681
vt -0.294916 -1.978408
vt 0.000000 -2.000000
vt 0.438667 -1.951743
vt 0.843521 -1.813942
vt 1.204106 -1.597054
vt 1.509965 -1.311536
vt 1.750642 -0.967843
vt 1.915681 -0.576433
vt 1.978408 -0.294916
f 6083/6083/6083 6085/6085/6085 6084/6084/6084
f 6089/6089/6089 6087/6087/6087 6086/6086/6086
f 6089/6089/6089 6088/6088/6088 6087/6087/6087
f 6090/6090/6090 6089/6089/6089 6086/6086/6086
f 6082/6082/6082 6086/6086/6086 6085/6085/6085
f 6082/6082/6082 6085/6085/6085 6083/6083/6083
f 6082/6082/6082 6090/6090/6090 6086/6086/6086
f 6079/6079/6079 6081/6081/6081 6080/6080/6080
f 6093/6093/6093 6091/6091/6091 6090/6090/6090
f 6093/6093/6093 6092/6092/6092 6091/6091/6091
f 6078/6078/6078 6082/6082/6082 6081/6081/6081
f 6078/6078/6078 6081/6081/6081 6079/6079/6079
f 6094/6094/6094 6093/6093/6093 6090/6090/6090
f 6075/6075/6075 6077/6077/6077 6076/6076/6076
f 6097/6097/6097 6095/6095/6095 6094/6094/6094
f 6097/6097/6097 6096/6096/6096 6095/6095/6095
f 6066/6066/6066 6090/6090/6090 6082/6082/6082
f 6066/6066/6066 6094/6094/6094 6090/6090/6090
f 6066/6066/6066 6097/6097/6097 6094/6094/6094
f 6074/6074/6074 6078/6078/6078 6077/6077/6077
f 6074/6074/6074 6082/6082/6082 6078/6078/6078
f 6074/6074/6074 6066/6066/6066 6082/6082/6082
f 6074/6074/6074 6077/6077/6077 6075/6075/6075
f 6071/6071/6071 6073/6073/6073 6072/6072/6072
f 6069/6069/6069 6067/6067/6067 6066/6066/6066
f 6069/6069/6069 6068/6068/6068 6067/6067/6067
f 6070/6070/6070 6074/6074/6074 6073/6073/6073
f 6070/6070/6070 6066/6066/6066 6074/6074/6074
f 6070/6070/6070 6073/6073/6073 6071/6071/6071
f 6070/6070/6070 6069/6069/6069 6066/6066/6066
v -1.000000 6.000000 5.180000
v -1.048257 6.438667 5.180000
v -1.186058 6.843521 5.180000
v -1.402946 7.204106 5.180000
v -1.688464 7.509965 5.180000
v -2.032157 7.750642 5.180000
v -2.423567 7.915681 5.180000
v -2.705084 7.978408 5.180000
v -3.000000 8.000000 5.180000
v -3.438667 7.951743 5.180000
v -3.843521 7.813942 5.180000
v -4.204106 7.597054 5.180000
v -4.509965 7.311536 5.180000
v -4.750642 6.967843 5.180000
v -4.915681 6.576433 5.180000
v -4.978408 6.294916 5.180000
v -5.000000 6.000000 5.180000
v -4.951743 5.561333 5.180000
v -4.813942 5.156479 5.180000
v -4.597054 4.795894 5.180000
v -4.311536 4.490035 5.180000
v -3.967843 4.249358 5.180000
v -3.576433 4.084319 5.180000
v -3.294916 4.021592 5.180000
v -3.000000 4.000000 5.180000
v -2.561333 4.048257 5.180000
v -2.156479 4.186058 5.180000
v -1.795894 4.402946 5.180000
v -1.490035 4.688464 5.180000
v -1.249358 5.032157 5.180000
v -1.084319 5.423567 5.180000
v -1.021592 5.705084 5.180000
vn 0.000000 0.000000 1.000000
vn 0.000000 0.000000 1.000000
vn 0.000000 0.000000 1.000000
vn 0.000000 0.000000 1.000000
vn 0.000000 0.000000 1.000000
vn 0.000000 0.000000 1.000000
vn 0.000000 0.000000 1.000000
vn 0.000000 0.000000 1.000000
vn 0.000000 0.000000 1.000000
vn 0.000000 0.000000 1.000000
vn 0.000000 0.000000 1.000000
vn 0.000000 0.000000 1.000000
vn 0.000000 0.000000 1.000000
vn 0.000000 0.000000 1.000000
vn 0.000000 0.000000 1.000000
vn 0.000000 0.000000 1.000000
vn 0.000000 0.000000 1.000000
vn 0.000000 0.000000 1.000000
vn 0.000000 0.000000 1.000000
vn 0.000000 0.000000 1.000000
vn 0.000000 0.000000 1.000000
vn 0.000000 0.000000 1.000000
vn 0.000000 0.000000 1.000000
vn 0.000000 0.000000 1.000000
vn 0.000000 0.000000 1.000000
vn 0.000000 0.000000 1.000000
vn 0.000000 0.000000 1.000000
vn 0.000000 0.000000 1.000000
vn 0.000000 0.000000 1.000000
vn 0.000000 0.000000 1.000000
vn 0.000000 0.000000 1.000000
vn 0.000000 0.000000 1.000000
vt 2.000000 0.000000
vt 1.951743 0.438667
vt 1.813942 0.843521
vt 1.597054 1.204106
vt 1.311536 1.509965
vt 0.967843 1.750642
vt 0.576433 1.915681
vt 0.294916 1.978408
vt 0.000000 2.000000
vt -0.438667 1.951743
vt -0.843521 1.813942
vt -1.204106 1.597054
vt -1.509965 1.311536
vt -1.750642 0.967843
vt -1.915681 0.576433
vt -1.978408 0.294916
vt -2.000000 0.000000
vt -1.951743 -0.438667
vt -1.813942 -0.843521
vt -1.597054 -1.204106
vt -1.311536 -1.509965
vt -0.967843 -1.750642
vt -0.576433 -1.915681
vt -0.294916 -1.978408
vt 0.000000 -2.000000
vt 0.438667 -1.951743
vt 0.843521 -1.813942
vt 1.204106 -1.597054
vt 1.509965 -1.311536
vt 1.750642 -0.967843
vt 1.915681 -0.576433
vt 1.978408 -0.294916
f 6115/6115/6115 6116/6116/6116 6117/6117/6117
f 6121/6121/6121 6118/6118/6118 6119/6119/6119
f 6121/6121/6121 6119/6119/6119 6120/6120/6120
f 6122/6122/6122 6118/6118/6118 6121/6121/6121
f 6114/6114/6114 6117/6117/6117 6118/6118/6118
f 6114/6114/6114 6115/6115/6115 6117/6117/6117
f 6114/6114/6114 6118/6118/6118 6122/6122/6122
f 6111/6111/6111 6112/6112/6112 6113/6113/6113
f 6125/6125/6125 6122/6122/6122 6123/6123/6123
f 6125/6125/6125 6123/6123/6123 6124/6124/6124
f 6110/6110/6110 6113/6113/6113 6114/6114/6114
f 6110/6110/6110 6111/6111/6111 6113/6113/6113
f 6126/6126/6126 6122/6122/6122 6125/6125/6125
f 6107/6107/6107 6108/6108/6108 6109/6109/6109
f 6129/6129/6129 6126/6126/6126 6127/6127/6127
f 6129/6129/6129 6127/6127/6127 6128/6128/6128
f 6098/6098/6098 6114/6114/6114 6122/6122/6122
f 6098/6098/6098 6122/6122/6122 6126/6126/6126
f 6098/6098/6098 6126/6126/6126 6129/6129/6129
f 6106/6106/6106 6109/6109/6109 6110/6110/6110
f 6106/6106/6106 6110/6110/6110 6114/6114/6114
f 6106/6106/6106 6114/6114/6114 6098/6098/6098
f 6106/6106/6106 6107/6107/6107 6109/6109/6109
f 6103/6103/6103 6104/6104/6104 6105/6105/6105
f 6101/6101/6101 6098/6098/6098 6099/6099/6099
f 6101/6101/6101 6099/6099/6099 6100/6100/6100
f 6102/6102/6102 6105/6105/6105 6106/6106/6106
f 6102/6102/6102 6106/6106/6106 6098/6098/6098
f 6102/6102/6102 6103/6103/6103 6105/6105/6105
f 6102/6102/6102 6098/6098/6098 6101/6101/6101
g colour19
usemtl colour19
v -7.000000 0.000000 0.190000
v -7.000000 0.000000 5.190000
v -7.048257 0.438667 5.190000
v -7.186058 0.843521 5.190000
v -7.402946 1.204106 5.190000
v -7.688464 1.509965 5.190000
v -8.032157 1.750642 5.190000
v -8.423567 1.915681 5.190000
v -8.705084 1.978408 5.190000
v -9.000000 2.000000 5.190000
v -9.000000 2.000000 0.190000
v -7.048257 0.438667 0.190000
v -7.186058 0.843521 0.190000
v -7.402946 1.204106 0.190000
v -7.688464 1.509965 0.190000
v -8.032157 1.750642 0.190000
v -8.423567 1.915681 0.190000
v -8.705084 1.978408 0.190000
v -7.273058 1.009438 3.523333
v -7.990561 1.726941 3.523333
v -7.273058 1.009438 1.856667
v -7.990561 1.726941 1.856667
vn 1.000000 -0.000000 -0.000000
vn 1.000000 -0.000000 -0.000000
vn 0.975864 0.218379 -0.000000
vn 0.906480 0.422249 -0.000000
vn 0.798026 0.602623 -0.000000
vn 0.656078 0.754693 -0.000000
vn 0.484624 0.874723 -0.000000
vn 0.287772 0.957699 -0.000000
vn 0.146204 0.989254 -0.000000
vn -0.000000 1.000000 -0.000000
vn -0.000000 1.000000 -0.000000
vn 0.975864 0.218379 -0.000000
vn 0.906480 0.422249 -0.000000
vn 0.798026 0.602623 -0.000000
vn 0.656078 0.754693 -0.000000
vn 0.484624 0.874723 -0.000000
vn 0.287772 0.957699 -0.000000
vn 0.146204 0.989254 -0.000000
vn 0.862856 0.505449 -0.000000
vn 0.505449 0.862856 -0.000000
vn 0.862856 0.505449 -0.000000
vn 0.505449 0.862856 -0.000000
vt 0.000000 0.000000
vt 0.000000 -5.000000
vt 0.136430 -5.000000
vt 0.272859 -5.000000
vt 0.409289 -5.000000
vt 0.545718 -5.000000
vt 0.682148 -5.000000
vt 0.818577 -5.000000
vt 0.909289 -5.000000
vt 1.000000 -5.000000
vt 1.000000 0.000000
vt 0.136430 0.000000
vt 0.272859 0.000000
vt 0.409289 0.000000
vt 0.545718 0.000000
vt 0.682148 0.000000
vt 0.818577 0.000000
vt 0.909289 0.000000
vt 0.333333 -3.333333
vt 0.666667 -3.333333
vt 0.333333 -1.666667
vt 0.666667 -1.666667
f 6148/6148/6148 6132/6132/6132 6131/6131/6131
f 6148/6148/6148 6133/6133/6133 6132/6132/6132
f 6148/6148/6148 6134/6134/6134 6133/6133/6133
f 6148/6148/6148 6135/6135/6135 6134/6134/6134
f 6149/6149/6149 6136/6136/6136 6135/6135/6135
f 6149/6149/6149 6137/6137/6137 6136/6136/6136
f 6149/6149/6149 6138/6138/6138 6137/6137/6137
f 6149/6149/6149 6139/6139/6139 6138/6138/6138
f 6149/6149/6149 6135/6135/6135 6148/6148/6148
f 6150/6150/6150 6131/6131/6131 6130/6130/6130
f 6150/6150/6150 6130/6130/6130 6141/6141/6141
f 6150/6150/6150 6141/6141/6141 6142/6142/6142
f 6150/6150/6150 6142/6142/6142 6143/6143/6143
f 6150/6150/6150 6143/6143/6143 6144/6144/6144
f 6150/6150/6150 6148/6148/6148 6131/6131/6131
f 6151/6151/6151 6140/6140/6140 6139/6139/6139
f 6151/6151/6151 6144/6144/6144 6145/6145/6145
f 6151/6151/6151 6145/6145/6145 6146/6146/6146
f 6151/6151/6151 6146/6146/6146 6147/6147/6147
f 6151/6151/6151 6147/6147/6147 6140/6140/6140
f 6151/6151/6151 6149/6149/6149 6148/6148/6148
f 6151/6151/6151 6148/6148/6148 6150/6150/6150
f 6151/6151/6151 6139/6139/6139 6149/6149/6149
f 6151/6151/6151 6150/6150/6150 6144/6144/6144
v -9.000000 2.000000 0.190000
v -9.000000 2.000000 5.190000
v -9.438667 1.951743 5.190000
v -9.843521 1.813942 5.190000
v -10.204106 1.597054 5.190000
v -10.509965 1.311536 5.190000
v -10.750643 0.967843 5.190000
v -10.915681 0.576433 5.190000
v -10.978408 0.294916 5.190000
v -11.000000 0.000000 5.190000
v -11.000000 0.000000 0.190000
v -9.438667 1.951743 0.190000
v -9.843521 1.813942 0.190000
v -10.204106 1.597054 0.190000
v -10.509965 1.311536 0.190000
v -10.750643 0.967843 0.190000
v -10.915681 0.576433 0.190000
v -10.978408 0.294916 0.190000
v -10.009439 1.726941 3.523333
v -10.726941 1.009438 3.523333
v -10.009439 1.726941 1.856667
v -10.726941 1.009438 1.856667
vn -0.000000 1.000000 -0.000000
vn -0.000000 1.000000 -0.000000
vn -0.218379 0.975864 -0.000000
vn -0.422249 0.906480 -0.000000
vn -0.602623 0.798026 -0.000000
vn -0.754693 0.656078 -0.000000
vn -0.874723 0.484624 -0.000000
vn -0.957699 0.287772 -0.000000
vn -0.989254 0.146204 -0.000000
vn -1.000000 -0.000000 0.000000
vn -1.000000 -0.000000 0.000000
vn -0.218379 0.975864 -0.000000
vn -0.422249 0.906480 -0.000000
vn -0.602623 0.798026 -0.000000
vn -0.754693 0.656078 -0.000000
vn -0.874723 0.484624 -0.000000
vn -0.957699 0.287772 -0.000000
vn -0.989254 0.146204 -0.000000
vn -0.505449 0.862856 -0.000000
vn -0.862856 0.505449 -0.000000
vn -0.505449 0.862856 -0.000000
vn -0.862856 0.505449 -0.000000
vt 0.000000 0.000000
vt 0.000000 -5.000000
vt 0.136430 -5.000000
vt 0.272859 -5.000000
vt 0.409289 -5.000000
vt 0.545718 -5.000000
vt 0.682148 -5.000000
vt 0.818577 -5.000000
vt 0.909289 -5.000000
vt 1.000000 -5.000000
vt 1.000000 0.000000
vt 0.136430 0.000000
vt 0.272859 0.000000
vt 0.409289 0.000000
vt 0.545718 0.000000
vt 0.682148 0.000000
vt 0.818577 0.000000
vt 0.909289 0.000000
vt 0.333333 -3.333333
vt 0.666667 -3.333333
vt 0.333333 -1.666667
vt 0.666667 -1.666667
f 6170/6170/6170 6154/6154/6154 6153/6153/6153
f 6170/6170/6170 6155/6155/6155 6154/6154/6154
f 6170/6170/6170 6156/6156/6156 6155/6155/6155
f 6170/6170/6170 6157/6157/6157 6156/6156/6156
f 6171/6171/6171 6158/6158/6158 6157/6157/6157
f 6171/6171/6171 6159/6159/6159 6158/6158/6158
f 6171/6171/6171 6160/6160/6160 6159/6159/6159
f 6171/6171/6171 6161/6161/6161 6160/6160/6160
f 6171/6171/6171 6157/6157/6157 6170/6170/6170
f 6172/6172/6172 6153/6153/6153 6152/6152/6152
f 6172/6172/6172 6152/6152/6152 6163/6163/6163
f 6172/6172/6172 6163/6163/6163 6164/6164/6164
f 6172/6172/6172 6164/6164/6164 6165/6165/6165
f 6172/6172/6172 6165/6165/6165 6166/6166/6166
f 6172/6172/6172 6170/6170/6170 6153/6153/6153
f 6173/6173/6173 6162/6162/6162 6161/6161/6161
f 6173/6173/6173 6166/6166/6166 6167/6167/6167
f 6173/6173/6173 6167/6167/6167 6168/6168/6168
f 6173/6173/6173 6168/6168/6168 6169/6169/6169
f 6173/6173/6173 6169/6169/6169 6162/6162/6162
f 6173/6173/6173 6171/6171/6171 6170/6170/6170
f 6173/6173/6173 6170/6170/6170 6172/6172/6172
f 6173/6173/6173 6161/6161/6161 6171/6171/6171
f 6173/6173/6173 6172/6172/6172 6166/6166/6166
v -11.000000 0.000000 0.190000
v -11.000000 0.000000 5.190000
v -10.951743 -0.438667 5.190000
v -10.813942 -0.843521 5.190000
v -10.597054 -1.204106 5.190000
v -10.311536 -1.509965 5.190000
v -9.967843 -1.750642 5.190000
v -9.576433 -1.915681 5.190000
v -9.294916 -1.978408 5.190000
v -9.000000 -2.000000 5.190000
v -9.000000 -2.000000 0.190000
v -10.951743 -0.438667 0.190000
v -10.813942 -0.843521 0.190000
v -10.597054 -1.204106 0.190000
v -10.311536 -1.509965 0.190000
v -9.967843 -1.750642 0.190000
v -9.576433 -1.915681 0.190000
v -9.294916 -1.978408 0.190000
v -10.726941 -1.009438 3.523333
v -10.009439 -1.726941 3.523333
v -10.726941 -1.009438 1.856667
v -10.009439 -1.726941 1.856667
vn -1.000000 -0.000000 0.000000
vn -1.000000 -0.000000 0.000000
vn -0.975864 -0.218379 0.000000
vn -0.906480 -0.422249 0.000000
vn -0.798026 -0.602623 0.000000
vn -0.656078 -0.754693 0.000000
vn -0.484624 -0.874723 0.000000
vn -0.287772 -0.957699 0.000000
vn -0.146204 -0.989254 0.000000
vn -0.000000 -1.000000 -0.000000
vn -0.000000 -1.000000 -0.000000
vn -0.975864 -0.218379 0.000000
vn -0.906480 -0.422249 0.000000
vn -0.798026 -0.602623 0.000000
vn -0.656078 -0.754693 0.000000
vn -0.484624 -0.874723 0.000000
vn -0.287772 -0.957699 0.000000
vn -0.146204 -0.989254 0.000000
vn -0.862856 -0.505449 0.000000
vn -0.505449 -0.862856 0.000000
vn -0.862856 -0.505449 0.000000
vn -0.505449 -0.862856 0.000000
vt 0.000000 0.000000
vt 0.000000 -5.000000
vt 0.136430 -5.000000
vt 0.272859 -5.000000
vt 0.409289 -5.000000
vt 0.545718 -5.000000
vt 0.682148 -5.000000
vt 0.818577 -5.000000
vt 0.909289 -5.000000
vt 1.000000 -5.000000
vt 1.000000 0.000000
vt 0.136430 0.000000
vt 0.272859 0.000000
vt 0.409289 0.000000
vt 0.545718 0.000000
vt 0.682148 0.000000
vt 0.818577 0.000000
vt 0.909289 0.000000
vt 0.333333 -3.333333
vt 0.666667 -3.333333
vt 0.333333 -1.666667
vt 0.666667 -1.666667
f 6192/6192/6192 6176/6176/6176 6175/6175/6175
f 6192/6192/6192 6177/6177/6177 6176/6176/6176
f 6192/6192/6192 6178/6178/6178 6177/6177/6177
f 6192/6192/6192 6179/6179/6179 6178/6178/6178
f 6193/6193/6193 6180/6180/6180 6179/6179/6179
f 6193/6193/6193 6181/6181/6181 6180/6180/6180
f 6193/6193/6193 6182/6182/6182 6181/6181/6181
f 6193/6193/6193 6183/6183/6183 6182/6182/6182
f 6193/6193/6193 6179/6179/6179 6192/6192/6192
f 6194/6194/6194 6175/6175/6175 6174/6174/6174
f 6194/6194/6194 6174/6174/6174 6185/6185/6185
f 6194/6194/6194 6185/6185/6185 6186/6186/6186
f 6194/6194/6194 6186/6186/6186 6187/6187/6187
f 6194/6194/6194 6187/6187/6187 6188/6188/6188
f 6194/6194/6194 6192/6192/6192 6175/6175/6175
f 6195/6195/6195 6184/6184/6184 6183/6183/6183
f 6195/6195/6195 6188/6188/6188 6189/6189/6189
f 6195/6195/6195 6189/6189/6189 6190/6190/6190
f 6195/6195/6195 6190/6190/6190 6191/6191/6191
f 6195/6195/6195 6191/6191/6191 6184/6184/6184
f 6195/6195/6195 6193/6193/6193 6192/6192/6192
f 6195/6195/6195 6192/6192/6192 6194/6194/6194
f 6195/6195/6195 6183/6183/6183 6193/6193/6193
f 6195/6195/6195 6194/6194/6194 6188/6188/6188
v -9.000000 -2.000000 0.190000
v -9.000000 -2.000000 5.190000
v -8.561333 -1.951743 5.190000
v -8.156479 -1.813942 5.190000
v -7.795894 -1.597054 5.190000
v -7.490035 -1.311536 5.190000
v -7.249358 -0.967843 5.190000
v -7.084319 -0.576433 5.190000
v -7.021592 -0.294916 5.190000
v -7.000000 0.000000 5.190000
v -7.000000 0.000000 0.190000
v -8.561333 -1.951743 0.190000
v -8.156479 -1.813942 0.190000
v -7.795894 -1.597054 0.190000
v -7.490035 -1.311536 0.190000
v -7.249358 -0.967843 0.190000
v -7.084319 -0.576433 0.190000
v -7.021592 -0.294916 0.190000
v -7.990561 -1.726941 3.523333
v -7.273058 -1.009438 3.523333
v -7.990561 -1.726941 1.856667
v -7.273058 -1.009438 1.856667
vn -0.000000 -1.000000 0.000000
vn -0.000000 -1.000000 0.000000
vn 0.218379 -0.975864 -0.000000
vn 0.422249 -0.906480 -0.000000
vn 0.602623 -0.798026 -0.000000
vn 0.754693 -0.656078 -0.000000
vn 0.874723 -0.484624 -0.000000
vn 0.957699 -0.287772 -0.000000
vn 0.989254 -0.146204 -0.000000
vn 1.000000 -0.000000 -0.000000
vn 1.000000 -0.000000 -0.000000
vn 0.218379 -0.975864 -0.000000
vn 0.422249 -0.906480 -0.000000
vn 0.602623 -0.798026 -0.000000
vn 0.754693 -0.656078 -0.000000
vn 0.874723 -0.484624 -0.000000
vn 0.957699 -0.287772 -0.000000
vn 0.989254 -0.146204 -0.000000
vn 0.505449 -0.862856 -0.000000
vn 0.862856 -0.505449 -0.000000
vn 0.505449 -0.862856 -0.000000
vn 0.862856 -0.505449 -0.000000
vt 0.000000 0.000000
vt 0.000000 -5.000000
vt 0.136430 -5.000000
vt 0.272859 -5.000000
vt 0.409289 -5.000000
vt 0.545718 -5.000000
vt 0.682148 -5.000000
vt 0.818577 -5.000000
vt 0.909289 -5.000000
vt 1.000000 -5.000000
vt 1.000000 0.000000
vt 0.136430 0.000000
vt 0.272859 0.000000
vt 0.409289 0.000000
vt 0.545718 0.000000
vt 0.682148 0.000000
vt 0.818577 0.000000
vt 0.909289 0.000000
vt 0.333333 -3.333333
vt 0.666667 -3.333333
vt 0.333333 -1.666667
vt 0.666667 -1.666667
f 6214/6214/6214 6198/6198/6198 6197/6197/6197
f 6214/6214/6214 6199/6199/6199 6198/6198/6198
f 6214/6214/6214 6200/6200/6200 6199/6199/6199
f 6214/6214/6214 6201/6201/6201 6200/6200/6200
f 6215/6215/6215 6202/6202/6202 6201/6201/6201
f 6215/6215/6215 6203/6203/6203 6202/6202/6202
f 6215/6215/6215 6204/6204/6204 6203/6203/6203
f 6215/6215/6215 6205/6205/6205 6204/6204/6204
f 6215/6215/6215 6201/6201/6201 6214/6214/6214
f 6216/6216/6216 6197/6197/6197 6196/6196/6196
f 6216/6216/6216 6196/6196/6196 6207/6207/6207
f 6216/6216/6216 6207/6207/6207 6208/6208/6208
f 6216/6216/6216 6208/6208/6208 6209/6209/6209
f 6216/6216/6216 6209/6209/6209 6210/6210/6210
f 6216/6216/6216 6214/6214/6214 6197/6197/6197
f 6217/6217/6217 6206/6206/6206 6205/6205/6205
f 6217/6217/6217 6210/6210/6210 6211/6211/6211
f 6217/6217/6217 6211/6211/6211 6212/6212/6212
f 6217/6217/6217 6212/6212/6212 6213/6213/6213
f 6217/6217/6217 6213/6213/6213 6206/6206/6206
f 6217/6217/6217 6215/6215/6215 6214/6214/6214
f 6217/6217/6217 6214/6214/6214 6216/6216/6216
f 6217/6217/6217 6205/6205/6205 6215/6215/6215
f 6217/6217/6217 6216/6216/6216 6210/6210/6210
v -7.000000 0.000000 0.190000
v -7.048257 0.438667 0.190000
v -7.186058 0.843521 0.190000
v -7.402946 1.204106 0.190000
v -7.688464 1.509965 0.190000
v -8.032157 1.750642 0.190000
v -8.423567 1.915681 0.190000
v -8.705084 1.978408 0.190000
v -9.000000 2.000000 0.190000
v -9.438667 1.951743 0.190000
v -9.843521 1.813942 0.190000
v -10.204106 1.597054 0.190000
v -10.509965 1.311536 0.190000
v -10.750643 0.967843 0.190000
v -10.915681 0.576433 0.190000
v -10.978408 0.294916 0.190000
v -11.000000 0.000000 0.190000
v -10.951743 -0.438667 0.190000
v -10.813942 -0.843521 0.190000
v -10.597054 -1.204106 0.190000
v -10.311536 -1.509965 0.190000
v -9.967843 -1.750642 0.190000
v -9.576433 -1.915681 0.190000
v -9.294916 -1.978408 0.190000
v -9.000000 -2.000000 0.190000
v -8.561333 -1.951743 0.190000
v -8.156479 -1.813942 0.190000
v -7.795894 -1.597054 0.190000
v -7.490035 -1.311536 0.190000
v -7.249358 -0.967843 0.190000
v -7.084319 -0.576433 0.190000
v -7.021592 -0.294916 0.190000
vn -0.000000 -0.000000 -1.000000
vn -0.000000 -0.000000 -1.000000
vn -0.000000 -0.000000 -1.000000
vn -0.000000 -0.000000 -1.000000
vn -0.000000 -0.000000 -1.000000
vn -0.000000 -0.000000 -1.000000
vn -0.000000 -0.000000 -1.000000
vn -0.000000 -0.000000 -1.000000
vn -0.000000 -0.000000 -1.000000
vn -0.000000 -0.000000 -1.000000
vn -0.000000 -0.000000 -1.000000
vn -0.000000 -0.000000 -1.000000
vn -0.000000 -0.000000 -1.000000
vn -0.000000 -0.000000 -1.000000
vn -0.000000 -0.000000 -1.000000
vn -0.000000 -0.000000 -1.000000
vn -0.000000 -0.000000 -1.000000
vn -0.000000 -0.000000 -1.000000
vn -0.000000 -0.000000 -1.000000
vn -0.000000 -0.000000 -1.000000
vn -0.000000 -0.000000 -1.000000
vn -0.000000 -0.000000 -1.000000
vn -0.000000 -0.000000 -1.000000
vn -0.000000 -0.000000 -1.000000
vn -0.000000 -0.000000 -1.000000
vn -0.000000 -0.000000 -1.000000
vn -0.000000 -0.000000 -1.000000
vn -0.000000 -0.000000 -1.000000
vn -0.000000 -0.000000 -1.000000
vn -0.000000 -0.000000 -1.000000
vn -0.000000 -0.000000 -1.000000
vn -0.000000 -0.000000 -1.000000
vt 2.000000 0.000000
vt 1.951743 0.438667
vt 1.813942 0.843521
vt 1.597054 1.204106
vt 1.311536 1.509965
vt 0.967843 1.750642
vt 0.576433 1.915681
vt 0.294916 1.978408
vt 0.000000 2.000000
vt -0.438667 1.951743
vt -0.843521 1.813942
vt -1.204106 1.597054
vt -1.509965 1.311536
vt -1.750642 0.967843
vt -1.915681 0.576433
vt -1.978408 0.294916
vt -2.000000 0.000000
vt -1.951743 -0.438667
vt -1.813942 -0.843521
vt -1.597054 -1.204106
vt -1.311536 -1.509965
vt -0.967843 -1.750642
vt -0.576433 -1.915681
vt -0.294916 -1.978408
vt 0.000000 -2.000000
vt 0.438667 -1.951743
vt 0.843521 -1.813942
vt 1.204106 -1.597054
vt 1.509965 -1.311536
vt 1.750642 -0.967843
vt 1.915681 -0.576433
vt 1.978408 -0.294916
f 6235/6235/6235 6237/6237/6237 6236/6236/6236
f 6241/6241/6241 6239/6239/6239 6238/6238/6238
f 6241/6241/6241 6240/6240/6240 6239/6239/6239
f 6234/6234/6234 6238/6238/6238 6237/6237/6237
f 6234/6234/6234 6237/6237/6237 6235/6235/6235
f 6242/6242/6242 6241/6241/6241 6238/6238/6238
f 6242/6242/6242 6238/6238/6238 6234/6234/6234
f 6231/6231/6231 6233/6233/6233 6232/6232/6232
f 6245/6245/6245 6243/6243/6243 6242/6242/6242
f 6245/6245/6245 6244/6244/6244 6243/6243/6243
f 6230/6230/6230 6234/6234/6234 6233/6233/6233
f 6230/6230/6230 6233/6233/6233 6231/6231/6231
f 6246/6246/6246 6245/6245/6245 6242/6242/6242
f 6227/6227/6227 6229/6229/6229 6228/6228/6228
f 6249/6249/6249 6247/6247/6247 6246/6246/6246
f 6249/6249/6249 6248/6248/6248 6247/6247/6247
f 6226/6226/6226 6230/6230/6230 6229/6229/6229
f 6226/6226/6226 6242/6242/6242 6234/6234/6234
f 6226/6226/6226 6234/6234/6234 6230/6230/6230
f 6226/6226/6226 6229/6229/6229 6227/6227/6227
f 6218/6218/6218 6246/6246/6246 6242/6242/6242
f 6218/6218/6218 6242/6242/6242 6226/6226/6226
f 6218/6218/6218 6249/6249/6249 6246/6246/6246
f 6223/6223/6223 6225/6225/6225 6224/6224/6224
f 6221/6221/6221 6219/6219/6219 6218/6218/6218
f 6221/6221/6221 6220/6220/6220 6219/6219/6219
f 6222/6222/6222 6226/6226/6226 6225/6225/6225
f 6222/6222/6222 6218/6218/6218 6226/6226/6226
f 6222/6222/6222 6225/6225/6225 6223/6223/6223
f 6222/6222/6222 6221/6221/6221 6218/6218/6218
v -7.000000 0.000000 5.190000
v -7.048257 0.438667 5.190000
v -7.186058 0.843521 5.190000
v -7.402946 1.204106 5.190000
v -7.688464 1.509965 5.190000
v -8.032157 1.750642 5.190000
v -8.423567 1.915681 5.190000
v -8.705084 1.978408 5.190000
v -9.000000 2.000000 5.190000
v -9.438667 1.951743 5.190000
v -9.843521 1.813942 5.190000
v -10.204106 1.597054 5.190000
v -10.509965 1.311536 5.190000
v -10.750643 0.967843 5.190000
v -10.915681 0.576433 5.190000
v -10.978408 0.294916 5.190000
v -11.000000 0.000000 5.190000
v -10.951743 -0.438667 5.190000
v -10.813942 -0.843521 5.190000
v -10.597054 -1.204106 5.190000
v -10.311536 -1.509965 5.190000
v -9.967843 -1.750642 5.190000
v -9.576433 -1.915681 5.190000
v -9.294916 -1.978408 5.190000
v -9.000000 -2.000000 5.190000
v -8.561333 -1.951743 5.190000
v -8.156479 -1.813942 5.190000
v -7.795894 -1.597054 5.190000
v -7.490035 -1.311536 5.190000
v -7.249358 -0.967843 5.190000
v -7.084319 -0.576433 5.190000
v -7.021592 -0.294916 5.190000
vn 0.000000 0.000000 1.000000
vn 0.000000 0.000000 1.000000
vn 0.000000 0.000000 1.000000
vn 0.000000 0.000000 1.000000
vn 0.000000 0.000000 1.000000
vn 0.000000 0.000000 1.000000
vn 0.000000 0.000000 1.000000
vn 0.000000 0.000000 1.000000
vn 0.000000 0.000000 1.000000
vn 0.000000 0.000000 1.000000
vn 0.000000 0.000000 1.000000
vn 0.000000 0.000000 1.000000
vn 0.000000 0.000000 1.000000
vn 0.000000 0.000000 1.000000
vn 0.000000 0.000000 1.000000
vn 0.000000 0.000000 1.000000
vn 0.000000 0.000000 1.000000
vn 0.000000 0.000000 1.000000
vn 0.000000 0.000000 1.000000
vn 0.000000 0.000000 1.000000
vn 0.000000 0.000000 1.000000
vn 0.000000 0.000000 1.000000
vn 0.000000 0.000000 1.000000
vn 0.000000 0.000000 1.000000
vn 0.000000 0.000000 1.000000
vn 0.000000 0.000000 1.000000
vn 0.000000 0.000000 1.000000
vn 0.000000 0.000000 1.000000
vn 0.000000 0.000000 1.000000
vn 0.000000 0.000000 1.000000
vn 0.000000 0.000000 1.000000
vn 0.000000 0.000000 1.000000
vt 2.000000 0.000000
vt 1.951743 0.438667
vt 1.813942 0.843521
vt 1.597054 1.204106
vt 1.311536 1.509965
vt 0.967843 1.750642
vt 0.576433 1.915681
vt 0.294916 1.978408
vt 0.000000 2.000000
vt -0.438667 1.951743
vt -0.843521 1.813942
vt -1.204106 1.597054
vt -1.509965 1.311536
vt -1.750642 0.967843
vt -1.915681 0.576433
vt -1.978408 0.294916
vt -2.000000 0.000000
vt -1.951743 -0.438667
vt -1.813942 -0.843521
vt -1.597054 -1.204106
vt -1.311536 -1.509965
vt -0.967843 -1.750642
vt -0.576433 -1.915681
vt -0.294916 -1.978408
vt 0.000000 -2.000000
vt 0.438667 -1.951743
vt 0.843521 -1.813942
vt 1.204106 -1.597054
vt 1.509965 -1.311536
vt 1.750642 -0.967843
vt 1.915681 -0.576433
vt 1.978408 -0.294916
f 6267/6267/6267 6268/6268/6268 6269/6269/6269
f 6273/6273/6273 6270/6270/6270 6271/6271/6271
f 6273/6273/6273 6271/6271/6271 6272/6272/6272
f 6266/6266/6266 6269/6269/6269 6270/6270/6270
f 6266/6266/6266 6267/6267/6267 6269/6269/6269
f 6274/6274/6274 6270/6270/6270 6273/6273/6273
f 6274/6274/6274 6266/6266/6266 6270/6270/6270
f 6263/6263/6263 6264/6264/6264 6265/6265/6265
f 6277/6277/6277 6274/6274/6274 6275/6275/6275
f 6277/6277/6277 6275/6275/6275 6276/6276/6276
f 6262/6262/6262 6265/6265/6265 6266/6266/6266
f 6262/6262/6262 6263/6263/6263 6265/6265/6265
f 6278/6278/6278 6274/6274/6274 6277/6277/6277
f 6259/6259/6259 6260/6260/6260 6261/6261/6261
f 6281/6281/6281 6278/6278/6278 6279/6279/6279
f 6281/6281/6281 6279/6279/6279 6280/6280/6280
f 6258/6258/6258 6261/6261/6261 6262/6262/6262
f 6258/6258/6258 6266/6266/6266 6274/6274/6274
f 6258/6258/6258 6262/6262/6262 6266/6266/6266
f 6258/6258/6258 6259/6259/6259 6261/6261/6261
f 6250/6250/6250 6274/6274/6274 6278/6278/6278
f 6250/6250/6250 6258/6258/6258 6274/6274/6274
f 6250/6250/6250 6278/6278/6278 6281/6281/6281
f 6255/6255/6255 6256/6256/6256 6257/6257/6257
f 6253/6253/6253 6250/6250/6250 6251/6251/6251
f 6253/6253/6253 6251/6251/6251 6252/6252/6252
f 6254/6254/6254 6257/6257/6257 6258/6258/6258
f 6254/6254/6254 6258/6258/6258 6250/6250/6250
f 6254/6254/6254 6255/6255/6255 6257/6257/6257
f 6254/6254/6254 6250/6250/6250 6253/6253/6253
